location,date,vaccine,source_url,total_vaccinations,people_vaccinated,people_fully_vaccinated
Algeria,2021-01-29,Sputnik V,https://www.aps.dz/regions/116777-blida-covid-19-trente-vaccines-au-matin-du-1er-jour-de-la-campagne,0,0,
Algeria,2021-01-30,Sputnik V,https://www.aps.dz/regions/116777-blida-covid-19-trente-vaccines-au-matin-du-1er-jour-de-la-campagne,30,30,
Algeria,2021-02-19,Sputnik V,https://www.echoroukonline.com/%d9%84%d9%82%d8%a7%d8%ad-%d9%83%d9%88%d8%b1%d9%88%d9%86%d8%a7-%d8%b9%d8%b6%d9%88-%d8%a8%d8%a7%d9%84%d9%84%d8%ac%d9%86%d8%a9-%d8%a7%d9%84%d8%b9%d9%84%d9%85%d9%8a%d8%a9-%d9%8a%d9%83%d8%b4%d9%81-%d8%b9/,75000,75000,
Algeria,2021-06-06,"Oxford/AstraZeneca, Sputnik V",https://english.aawsat.com/home/article/3013471/muslim-brotherhood-parties-hope-sweep-algeria-elections,2500000,2500000,
