location,date,vaccine,source_url,total_vaccinations,people_vaccinated,people_fully_vaccinated
Austria,2020-12-27,"Moderna, Oxford/AstraZeneca, Pfizer/BioNTech",https://info.gesundheitsministerium.gv.at/opendata/,743,743,0
Austria,2020-12-28,"Moderna, Oxford/AstraZeneca, Pfizer/BioNTech",https://info.gesundheitsministerium.gv.at/opendata/,2057,2057,0
Austria,2020-12-29,"Moderna, Oxford/AstraZeneca, Pfizer/BioNTech",https://info.gesundheitsministerium.gv.at/opendata/,3686,3686,0
Austria,2020-12-30,"Moderna, Oxford/AstraZeneca, Pfizer/BioNTech",https://info.gesundheitsministerium.gv.at/opendata/,5049,5049,0
Austria,2020-12-31,"Moderna, Oxford/AstraZeneca, Pfizer/BioNTech",https://info.gesundheitsministerium.gv.at/opendata/,5059,5059,0
Austria,2021-01-01,"Moderna, Oxford/AstraZeneca, Pfizer/BioNTech",https://info.gesundheitsministerium.gv.at/opendata/,5066,5066,0
Austria,2021-01-02,"Moderna, Oxford/AstraZeneca, Pfizer/BioNTech",https://info.gesundheitsministerium.gv.at/opendata/,5074,5074,0
Austria,2021-01-03,"Moderna, Oxford/AstraZeneca, Pfizer/BioNTech",https://info.gesundheitsministerium.gv.at/opendata/,5080,5080,0
Austria,2021-01-04,"Moderna, Oxford/AstraZeneca, Pfizer/BioNTech",https://info.gesundheitsministerium.gv.at/opendata/,5202,5202,0
Austria,2021-01-05,"Moderna, Oxford/AstraZeneca, Pfizer/BioNTech",https://info.gesundheitsministerium.gv.at/opendata/,7009,7009,0
Austria,2021-01-06,"Moderna, Oxford/AstraZeneca, Pfizer/BioNTech",https://info.gesundheitsministerium.gv.at/opendata/,7864,7864,0
Austria,2021-01-07,"Moderna, Oxford/AstraZeneca, Pfizer/BioNTech",https://info.gesundheitsministerium.gv.at/opendata/,11143,11143,0
Austria,2021-01-08,"Moderna, Oxford/AstraZeneca, Pfizer/BioNTech",https://info.gesundheitsministerium.gv.at/opendata/,24246,24246,0
Austria,2021-01-09,"Moderna, Oxford/AstraZeneca, Pfizer/BioNTech",https://info.gesundheitsministerium.gv.at/opendata/,28727,28727,0
Austria,2021-01-10,"Moderna, Oxford/AstraZeneca, Pfizer/BioNTech",https://info.gesundheitsministerium.gv.at/opendata/,30973,30973,0
Austria,2021-01-11,"Moderna, Oxford/AstraZeneca, Pfizer/BioNTech",https://info.gesundheitsministerium.gv.at/opendata/,36645,36645,0
Austria,2021-01-12,"Moderna, Oxford/AstraZeneca, Pfizer/BioNTech",https://info.gesundheitsministerium.gv.at/opendata/,51586,51586,0
Austria,2021-01-13,"Moderna, Oxford/AstraZeneca, Pfizer/BioNTech",https://info.gesundheitsministerium.gv.at/opendata/,67631,67631,0
Austria,2021-01-14,"Moderna, Oxford/AstraZeneca, Pfizer/BioNTech",https://info.gesundheitsministerium.gv.at/opendata/,84544,84544,0
Austria,2021-01-15,"Moderna, Oxford/AstraZeneca, Pfizer/BioNTech",https://info.gesundheitsministerium.gv.at/opendata/,103065,103065,0
Austria,2021-01-16,"Moderna, Oxford/AstraZeneca, Pfizer/BioNTech",https://info.gesundheitsministerium.gv.at/opendata/,109945,109933,12
Austria,2021-01-17,"Moderna, Oxford/AstraZeneca, Pfizer/BioNTech",https://info.gesundheitsministerium.gv.at/opendata/,115655,115273,382
Austria,2021-01-18,"Moderna, Oxford/AstraZeneca, Pfizer/BioNTech",https://info.gesundheitsministerium.gv.at/opendata/,127141,125867,1274
Austria,2021-01-19,"Moderna, Oxford/AstraZeneca, Pfizer/BioNTech",https://info.gesundheitsministerium.gv.at/opendata/,153387,150646,2741
Austria,2021-01-20,"Moderna, Oxford/AstraZeneca, Pfizer/BioNTech",https://info.gesundheitsministerium.gv.at/opendata/,177149,173094,4055
Austria,2021-01-21,"Moderna, Oxford/AstraZeneca, Pfizer/BioNTech",https://info.gesundheitsministerium.gv.at/opendata/,197099,192878,4221
Austria,2021-01-22,"Moderna, Oxford/AstraZeneca, Pfizer/BioNTech",https://info.gesundheitsministerium.gv.at/opendata/,208764,203956,4808
Austria,2021-01-23,"Moderna, Oxford/AstraZeneca, Pfizer/BioNTech",https://info.gesundheitsministerium.gv.at/opendata/,211909,207099,4810
Austria,2021-01-24,"Moderna, Oxford/AstraZeneca, Pfizer/BioNTech",https://info.gesundheitsministerium.gv.at/opendata/,213173,208355,4818
Austria,2021-01-25,"Moderna, Oxford/AstraZeneca, Pfizer/BioNTech",https://info.gesundheitsministerium.gv.at/opendata/,214684,209755,4929
Austria,2021-01-26,"Moderna, Oxford/AstraZeneca, Pfizer/BioNTech",https://info.gesundheitsministerium.gv.at/opendata/,223435,217600,5835
Austria,2021-01-27,"Moderna, Oxford/AstraZeneca, Pfizer/BioNTech",https://info.gesundheitsministerium.gv.at/opendata/,231512,225149,6363
Austria,2021-01-28,"Moderna, Oxford/AstraZeneca, Pfizer/BioNTech",https://info.gesundheitsministerium.gv.at/opendata/,241480,232452,9028
Austria,2021-01-29,"Moderna, Oxford/AstraZeneca, Pfizer/BioNTech",https://info.gesundheitsministerium.gv.at/opendata/,256597,237838,18759
Austria,2021-01-30,"Moderna, Oxford/AstraZeneca, Pfizer/BioNTech",https://info.gesundheitsministerium.gv.at/opendata/,260318,239181,21137
Austria,2021-01-31,"Moderna, Oxford/AstraZeneca, Pfizer/BioNTech",https://info.gesundheitsministerium.gv.at/opendata/,261687,239542,22145
Austria,2021-02-01,"Moderna, Oxford/AstraZeneca, Pfizer/BioNTech",https://info.gesundheitsministerium.gv.at/opendata/,266402,241131,25271
Austria,2021-02-02,"Moderna, Oxford/AstraZeneca, Pfizer/BioNTech",https://info.gesundheitsministerium.gv.at/opendata/,283980,244273,39707
Austria,2021-02-03,"Moderna, Oxford/AstraZeneca, Pfizer/BioNTech",https://info.gesundheitsministerium.gv.at/opendata/,302313,247484,54829
Austria,2021-02-04,"Moderna, Oxford/AstraZeneca, Pfizer/BioNTech",https://info.gesundheitsministerium.gv.at/opendata/,323069,250398,72671
Austria,2021-02-05,"Moderna, Oxford/AstraZeneca, Pfizer/BioNTech",https://info.gesundheitsministerium.gv.at/opendata/,344473,254562,89911
Austria,2021-02-06,"Moderna, Oxford/AstraZeneca, Pfizer/BioNTech",https://info.gesundheitsministerium.gv.at/opendata/,353667,257337,96330
Austria,2021-02-07,"Moderna, Oxford/AstraZeneca, Pfizer/BioNTech",https://info.gesundheitsministerium.gv.at/opendata/,358719,257964,100755
Austria,2021-02-08,"Moderna, Oxford/AstraZeneca, Pfizer/BioNTech",https://info.gesundheitsministerium.gv.at/opendata/,368523,260034,108489
Austria,2021-02-09,"Moderna, Oxford/AstraZeneca, Pfizer/BioNTech",https://info.gesundheitsministerium.gv.at/opendata/,388196,262907,125289
Austria,2021-02-10,"Moderna, Oxford/AstraZeneca, Pfizer/BioNTech",https://info.gesundheitsministerium.gv.at/opendata/,410266,266521,143745
Austria,2021-02-11,"Moderna, Oxford/AstraZeneca, Pfizer/BioNTech",https://info.gesundheitsministerium.gv.at/opendata/,435178,271966,163212
Austria,2021-02-12,"Moderna, Oxford/AstraZeneca, Pfizer/BioNTech",https://info.gesundheitsministerium.gv.at/opendata/,462151,280561,181590
Austria,2021-02-13,"Moderna, Oxford/AstraZeneca, Pfizer/BioNTech",https://info.gesundheitsministerium.gv.at/opendata/,472643,285930,186713
Austria,2021-02-14,"Moderna, Oxford/AstraZeneca, Pfizer/BioNTech",https://info.gesundheitsministerium.gv.at/opendata/,474687,286399,188288
Austria,2021-02-15,"Moderna, Oxford/AstraZeneca, Pfizer/BioNTech",https://info.gesundheitsministerium.gv.at/opendata/,481847,290332,191515
Austria,2021-02-16,"Moderna, Oxford/AstraZeneca, Pfizer/BioNTech",https://info.gesundheitsministerium.gv.at/opendata/,496594,297399,199195
Austria,2021-02-17,"Moderna, Oxford/AstraZeneca, Pfizer/BioNTech",https://info.gesundheitsministerium.gv.at/opendata/,516406,307571,208835
Austria,2021-02-18,"Moderna, Oxford/AstraZeneca, Pfizer/BioNTech",https://info.gesundheitsministerium.gv.at/opendata/,536456,319490,216966
Austria,2021-02-19,"Moderna, Oxford/AstraZeneca, Pfizer/BioNTech",https://info.gesundheitsministerium.gv.at/opendata/,557983,332518,225465
Austria,2021-02-20,"Moderna, Oxford/AstraZeneca, Pfizer/BioNTech",https://info.gesundheitsministerium.gv.at/opendata/,571054,343883,227171
Austria,2021-02-21,"Moderna, Oxford/AstraZeneca, Pfizer/BioNTech",https://info.gesundheitsministerium.gv.at/opendata/,577066,349516,227550
Austria,2021-02-22,"Moderna, Oxford/AstraZeneca, Pfizer/BioNTech",https://info.gesundheitsministerium.gv.at/opendata/,584049,354655,229394
Austria,2021-02-23,"Moderna, Oxford/AstraZeneca, Pfizer/BioNTech",https://info.gesundheitsministerium.gv.at/opendata/,599064,365197,233867
Austria,2021-02-24,"Moderna, Oxford/AstraZeneca, Pfizer/BioNTech",https://info.gesundheitsministerium.gv.at/opendata/,618988,381648,237340
Austria,2021-02-25,"Moderna, Oxford/AstraZeneca, Pfizer/BioNTech",https://info.gesundheitsministerium.gv.at/opendata/,639157,398139,241018
Austria,2021-02-26,"Moderna, Oxford/AstraZeneca, Pfizer/BioNTech",https://info.gesundheitsministerium.gv.at/opendata/,668696,422711,245985
Austria,2021-02-27,"Moderna, Oxford/AstraZeneca, Pfizer/BioNTech",https://info.gesundheitsministerium.gv.at/opendata/,693900,445937,247963
Austria,2021-02-28,"Moderna, Oxford/AstraZeneca, Pfizer/BioNTech",https://info.gesundheitsministerium.gv.at/opendata/,704056,455644,248412
Austria,2021-03-01,"Moderna, Oxford/AstraZeneca, Pfizer/BioNTech",https://info.gesundheitsministerium.gv.at/opendata/,712999,463705,249294
Austria,2021-03-02,"Moderna, Oxford/AstraZeneca, Pfizer/BioNTech",https://info.gesundheitsministerium.gv.at/opendata/,738706,487022,251684
Austria,2021-03-03,"Moderna, Oxford/AstraZeneca, Pfizer/BioNTech",https://info.gesundheitsministerium.gv.at/opendata/,766923,512859,254064
Austria,2021-03-04,"Moderna, Oxford/AstraZeneca, Pfizer/BioNTech",https://info.gesundheitsministerium.gv.at/opendata/,794583,537739,256844
Austria,2021-03-05,"Moderna, Oxford/AstraZeneca, Pfizer/BioNTech",https://info.gesundheitsministerium.gv.at/opendata/,832018,572077,259941
Austria,2021-03-06,"Moderna, Oxford/AstraZeneca, Pfizer/BioNTech",https://info.gesundheitsministerium.gv.at/opendata/,860193,597734,262459
Austria,2021-03-07,"Moderna, Oxford/AstraZeneca, Pfizer/BioNTech",https://info.gesundheitsministerium.gv.at/opendata/,872142,609026,263116
Austria,2021-03-08,"Moderna, Oxford/AstraZeneca, Pfizer/BioNTech",https://info.gesundheitsministerium.gv.at/opendata/,883844,619333,264511
Austria,2021-03-09,"Moderna, Oxford/AstraZeneca, Pfizer/BioNTech",https://info.gesundheitsministerium.gv.at/opendata/,912434,644369,268065
Austria,2021-03-10,"Moderna, Oxford/AstraZeneca, Pfizer/BioNTech",https://info.gesundheitsministerium.gv.at/opendata/,941521,668932,272589
Austria,2021-03-11,"Moderna, Oxford/AstraZeneca, Pfizer/BioNTech",https://info.gesundheitsministerium.gv.at/opendata/,986451,708406,278045
Austria,2021-03-12,"Moderna, Oxford/AstraZeneca, Pfizer/BioNTech",https://info.gesundheitsministerium.gv.at/opendata/,1045312,761854,283458
Austria,2021-03-13,"Moderna, Oxford/AstraZeneca, Pfizer/BioNTech",https://info.gesundheitsministerium.gv.at/opendata/,1097809,808568,289241
Austria,2021-03-14,"Moderna, Oxford/AstraZeneca, Pfizer/BioNTech",https://info.gesundheitsministerium.gv.at/opendata/,1128699,835220,293479
Austria,2021-03-15,"Moderna, Oxford/AstraZeneca, Pfizer/BioNTech",https://info.gesundheitsministerium.gv.at/opendata/,1149900,854083,295817
Austria,2021-03-16,"Moderna, Oxford/AstraZeneca, Pfizer/BioNTech",https://info.gesundheitsministerium.gv.at/opendata/,1178604,876350,302265
Austria,2021-03-17,"Moderna, Oxford/AstraZeneca, Pfizer/BioNTech",https://info.gesundheitsministerium.gv.at/opendata/,1213247,902825,310435
Austria,2021-03-18,"Moderna, Oxford/AstraZeneca, Pfizer/BioNTech",https://info.gesundheitsministerium.gv.at/opendata/,1248260,929656,318617
Austria,2021-03-19,"Moderna, Oxford/AstraZeneca, Pfizer/BioNTech",https://info.gesundheitsministerium.gv.at/opendata/,1302594,975307,327300
Austria,2021-03-20,"Moderna, Oxford/AstraZeneca, Pfizer/BioNTech",https://info.gesundheitsministerium.gv.at/opendata/,1350108,1013173,336948
Austria,2021-03-21,"Moderna, Oxford/AstraZeneca, Pfizer/BioNTech",https://info.gesundheitsministerium.gv.at/opendata/,1365686,1024859,340840
Austria,2021-03-22,"Moderna, Oxford/AstraZeneca, Pfizer/BioNTech",https://info.gesundheitsministerium.gv.at/opendata/,1381752,1038327,343439
Austria,2021-03-23,"Moderna, Oxford/AstraZeneca, Pfizer/BioNTech",https://info.gesundheitsministerium.gv.at/opendata/,1417728,1057631,360111
Austria,2021-03-24,"Johnson&Johnson, Moderna, Oxford/AstraZeneca, Pfizer/BioNTech",https://info.gesundheitsministerium.gv.at/opendata/,1457604,1079431,378188
Austria,2021-03-25,"Johnson&Johnson, Moderna, Oxford/AstraZeneca, Pfizer/BioNTech",https://info.gesundheitsministerium.gv.at/opendata/,1503980,1109198,394801
Austria,2021-03-26,"Johnson&Johnson, Moderna, Oxford/AstraZeneca, Pfizer/BioNTech",https://info.gesundheitsministerium.gv.at/opendata/,1555377,1141751,413647
Austria,2021-03-27,"Johnson&Johnson, Moderna, Oxford/AstraZeneca, Pfizer/BioNTech",https://info.gesundheitsministerium.gv.at/opendata/,1596905,1168606,428320
Austria,2021-03-28,"Johnson&Johnson, Moderna, Oxford/AstraZeneca, Pfizer/BioNTech",https://info.gesundheitsministerium.gv.at/opendata/,1611535,1178543,433013
Austria,2021-03-29,"Johnson&Johnson, Moderna, Oxford/AstraZeneca, Pfizer/BioNTech",https://info.gesundheitsministerium.gv.at/opendata/,1638324,1199702,438643
Austria,2021-03-30,"Johnson&Johnson, Moderna, Oxford/AstraZeneca, Pfizer/BioNTech",https://info.gesundheitsministerium.gv.at/opendata/,1679914,1229457,450478
Austria,2021-03-31,"Johnson&Johnson, Moderna, Oxford/AstraZeneca, Pfizer/BioNTech",https://info.gesundheitsministerium.gv.at/opendata/,1715395,1251728,463692
Austria,2021-04-01,"Johnson&Johnson, Moderna, Oxford/AstraZeneca, Pfizer/BioNTech",https://info.gesundheitsministerium.gv.at/opendata/,1757524,1274686,482866
Austria,2021-04-02,"Johnson&Johnson, Moderna, Oxford/AstraZeneca, Pfizer/BioNTech",https://info.gesundheitsministerium.gv.at/opendata/,1801678,1299529,502182
Austria,2021-04-03,"Johnson&Johnson, Moderna, Oxford/AstraZeneca, Pfizer/BioNTech",https://info.gesundheitsministerium.gv.at/opendata/,1823535,1312302,511267
Austria,2021-04-04,"Johnson&Johnson, Moderna, Oxford/AstraZeneca, Pfizer/BioNTech",https://info.gesundheitsministerium.gv.at/opendata/,1833627,1320626,513036
Austria,2021-04-05,"Johnson&Johnson, Moderna, Oxford/AstraZeneca, Pfizer/BioNTech",https://info.gesundheitsministerium.gv.at/opendata/,1846216,1328436,517819
Austria,2021-04-06,"Johnson&Johnson, Moderna, Oxford/AstraZeneca, Pfizer/BioNTech",https://info.gesundheitsministerium.gv.at/opendata/,1884622,1354770,529894
Austria,2021-04-07,"Johnson&Johnson, Moderna, Oxford/AstraZeneca, Pfizer/BioNTech",https://info.gesundheitsministerium.gv.at/opendata/,1940630,1394565,546110
Austria,2021-04-08,"Johnson&Johnson, Moderna, Oxford/AstraZeneca, Pfizer/BioNTech",https://info.gesundheitsministerium.gv.at/opendata/,2013681,1441755,571975
Austria,2021-04-09,"Johnson&Johnson, Moderna, Oxford/AstraZeneca, Pfizer/BioNTech",https://info.gesundheitsministerium.gv.at/opendata/,2092489,1487197,605347
Austria,2021-04-10,"Johnson&Johnson, Moderna, Oxford/AstraZeneca, Pfizer/BioNTech",https://info.gesundheitsministerium.gv.at/opendata/,2157978,1523834,634204
Austria,2021-04-11,"Johnson&Johnson, Moderna, Oxford/AstraZeneca, Pfizer/BioNTech",https://info.gesundheitsministerium.gv.at/opendata/,2184008,1534169,649901
Austria,2021-04-12,"Johnson&Johnson, Moderna, Oxford/AstraZeneca, Pfizer/BioNTech",https://info.gesundheitsministerium.gv.at/opendata/,2219220,1562285,656998
Austria,2021-04-13,"Johnson&Johnson, Moderna, Oxford/AstraZeneca, Pfizer/BioNTech",https://info.gesundheitsministerium.gv.at/opendata/,2264557,1595993,668627
Austria,2021-04-14,"Johnson&Johnson, Moderna, Oxford/AstraZeneca, Pfizer/BioNTech",https://info.gesundheitsministerium.gv.at/opendata/,2332352,1650096,682319
Austria,2021-04-15,"Johnson&Johnson, Moderna, Oxford/AstraZeneca, Pfizer/BioNTech",https://info.gesundheitsministerium.gv.at/opendata/,2407062,1705728,701398
Austria,2021-04-16,"Johnson&Johnson, Moderna, Oxford/AstraZeneca, Pfizer/BioNTech",https://info.gesundheitsministerium.gv.at/opendata/,2477654,1757742,719977
Austria,2021-04-17,"Johnson&Johnson, Moderna, Oxford/AstraZeneca, Pfizer/BioNTech",https://info.gesundheitsministerium.gv.at/opendata/,2535367,1793797,741635
Austria,2021-04-18,"Johnson&Johnson, Moderna, Oxford/AstraZeneca, Pfizer/BioNTech",https://info.gesundheitsministerium.gv.at/opendata/,2554598,1808720,745943
Austria,2021-04-19,"Johnson&Johnson, Moderna, Oxford/AstraZeneca, Pfizer/BioNTech",https://info.gesundheitsministerium.gv.at/opendata/,2586442,1834799,751708
Austria,2021-04-20,"Johnson&Johnson, Moderna, Oxford/AstraZeneca, Pfizer/BioNTech",https://info.gesundheitsministerium.gv.at/opendata/,2631920,1867583,764403
Austria,2021-04-21,"Johnson&Johnson, Moderna, Oxford/AstraZeneca, Pfizer/BioNTech",https://info.gesundheitsministerium.gv.at/opendata/,2695358,1920221,775204
Austria,2021-04-22,"Johnson&Johnson, Moderna, Oxford/AstraZeneca, Pfizer/BioNTech",https://info.gesundheitsministerium.gv.at/opendata/,2766468,1980731,785804
Austria,2021-04-23,"Johnson&Johnson, Moderna, Oxford/AstraZeneca, Pfizer/BioNTech",https://info.gesundheitsministerium.gv.at/opendata/,2835070,2037843,797294
Austria,2021-04-24,"Johnson&Johnson, Moderna, Oxford/AstraZeneca, Pfizer/BioNTech",https://info.gesundheitsministerium.gv.at/opendata/,2875305,2072241,803132
Austria,2021-04-25,"Johnson&Johnson, Moderna, Oxford/AstraZeneca, Pfizer/BioNTech",https://info.gesundheitsministerium.gv.at/opendata/,2903156,2098285,804940
Austria,2021-04-26,"Johnson&Johnson, Moderna, Oxford/AstraZeneca, Pfizer/BioNTech",https://info.gesundheitsministerium.gv.at/opendata/,2933995,2125586,808480
Austria,2021-04-27,"Johnson&Johnson, Moderna, Oxford/AstraZeneca, Pfizer/BioNTech",https://info.gesundheitsministerium.gv.at/opendata/,2982262,2162505,819831
Austria,2021-04-28,"Johnson&Johnson, Moderna, Oxford/AstraZeneca, Pfizer/BioNTech",https://info.gesundheitsministerium.gv.at/opendata/,3040793,2206583,834285
Austria,2021-04-29,"Johnson&Johnson, Moderna, Oxford/AstraZeneca, Pfizer/BioNTech",https://info.gesundheitsministerium.gv.at/opendata/,3117193,2267783,849513
Austria,2021-04-30,"Johnson&Johnson, Moderna, Oxford/AstraZeneca, Pfizer/BioNTech",https://info.gesundheitsministerium.gv.at/opendata/,3198142,2335018,863247
Austria,2021-05-01,"Johnson&Johnson, Moderna, Oxford/AstraZeneca, Pfizer/BioNTech",https://info.gesundheitsministerium.gv.at/opendata/,3240168,2369079,871407
Austria,2021-05-02,"Johnson&Johnson, Moderna, Oxford/AstraZeneca, Pfizer/BioNTech",https://info.gesundheitsministerium.gv.at/opendata/,3256813,2384336,872799
Austria,2021-05-03,"Johnson&Johnson, Moderna, Oxford/AstraZeneca, Pfizer/BioNTech",https://info.gesundheitsministerium.gv.at/opendata/,3286214,2402367,885032
Austria,2021-05-04,"Johnson&Johnson, Moderna, Oxford/AstraZeneca, Pfizer/BioNTech",https://info.gesundheitsministerium.gv.at/opendata/,3347671,2443638,906865
Austria,2021-05-05,"Johnson&Johnson, Moderna, Oxford/AstraZeneca, Pfizer/BioNTech",https://info.gesundheitsministerium.gv.at/opendata/,3425821,2504320,924982
Austria,2021-05-06,"Johnson&Johnson, Moderna, Oxford/AstraZeneca, Pfizer/BioNTech",https://info.gesundheitsministerium.gv.at/opendata/,3523589,2582441,945701
Austria,2021-05-07,"Johnson&Johnson, Moderna, Oxford/AstraZeneca, Pfizer/BioNTech",https://info.gesundheitsministerium.gv.at/opendata/,3632857,2669307,969012
Austria,2021-05-08,"Johnson&Johnson, Moderna, Oxford/AstraZeneca, Pfizer/BioNTech",https://info.gesundheitsministerium.gv.at/opendata/,3685318,2703176,988554
Austria,2021-05-09,"Johnson&Johnson, Moderna, Oxford/AstraZeneca, Pfizer/BioNTech",https://info.gesundheitsministerium.gv.at/opendata/,3704026,2715808,994640
Austria,2021-05-10,"Johnson&Johnson, Moderna, Oxford/AstraZeneca, Pfizer/BioNTech",https://info.gesundheitsministerium.gv.at/opendata/,3747453,2748970,1005890
Austria,2021-05-11,"Johnson&Johnson, Moderna, Oxford/AstraZeneca, Pfizer/BioNTech",https://info.gesundheitsministerium.gv.at/opendata/,3813743,2798254,1023856
Austria,2021-05-12,"Johnson&Johnson, Moderna, Oxford/AstraZeneca, Pfizer/BioNTech",https://info.gesundheitsministerium.gv.at/opendata/,3914577,2876431,1047970
Austria,2021-05-13,"Johnson&Johnson, Moderna, Oxford/AstraZeneca, Pfizer/BioNTech",https://info.gesundheitsministerium.gv.at/opendata/,3948697,2902857,1056461
Austria,2021-05-14,"Johnson&Johnson, Moderna, Oxford/AstraZeneca, Pfizer/BioNTech",https://info.gesundheitsministerium.gv.at/opendata/,4039090,2969987,1080731
Austria,2021-05-15,"Johnson&Johnson, Moderna, Oxford/AstraZeneca, Pfizer/BioNTech",https://info.gesundheitsministerium.gv.at/opendata/,4099205,3014273,1097594
Austria,2021-05-16,"Johnson&Johnson, Moderna, Oxford/AstraZeneca, Pfizer/BioNTech",https://info.gesundheitsministerium.gv.at/opendata/,4123370,3031961,1104773
Austria,2021-05-17,"Johnson&Johnson, Moderna, Oxford/AstraZeneca, Pfizer/BioNTech",https://info.gesundheitsministerium.gv.at/opendata/,4170827,3062573,1123365
Austria,2021-05-18,"Johnson&Johnson, Moderna, Oxford/AstraZeneca, Pfizer/BioNTech",https://info.gesundheitsministerium.gv.at/opendata/,4240724,3106875,1151014
Austria,2021-05-19,"Johnson&Johnson, Moderna, Oxford/AstraZeneca, Pfizer/BioNTech",https://info.gesundheitsministerium.gv.at/opendata/,4346722,3181379,1184479
Austria,2021-05-20,"Johnson&Johnson, Moderna, Oxford/AstraZeneca, Pfizer/BioNTech",https://info.gesundheitsministerium.gv.at/opendata/,4458015,3258006,1220969
Austria,2021-05-21,"Johnson&Johnson, Moderna, Oxford/AstraZeneca, Pfizer/BioNTech",https://info.gesundheitsministerium.gv.at/opendata/,4569799,3331202,1262439
Austria,2021-05-22,"Johnson&Johnson, Moderna, Oxford/AstraZeneca, Pfizer/BioNTech",https://info.gesundheitsministerium.gv.at/opendata/,4628935,3370556,1282502
Austria,2021-05-23,"Johnson&Johnson, Moderna, Oxford/AstraZeneca, Pfizer/BioNTech",https://info.gesundheitsministerium.gv.at/opendata/,4658348,3389919,1294008
Austria,2021-05-24,"Johnson&Johnson, Moderna, Oxford/AstraZeneca, Pfizer/BioNTech",https://info.gesundheitsministerium.gv.at/opendata/,4683188,3402105,1306785
Austria,2021-05-25,"Johnson&Johnson, Moderna, Oxford/AstraZeneca, Pfizer/BioNTech",https://info.gesundheitsministerium.gv.at/opendata/,4738282,3440084,1325435
Austria,2021-05-26,"Johnson&Johnson, Moderna, Oxford/AstraZeneca, Pfizer/BioNTech",https://info.gesundheitsministerium.gv.at/opendata/,4831084,3489086,1370864
Austria,2021-05-27,"Johnson&Johnson, Moderna, Oxford/AstraZeneca, Pfizer/BioNTech",https://info.gesundheitsministerium.gv.at/opendata/,4930572,3543904,1418251
Austria,2021-05-28,"Johnson&Johnson, Moderna, Oxford/AstraZeneca, Pfizer/BioNTech",https://info.gesundheitsministerium.gv.at/opendata/,5040869,3603358,1474802
Austria,2021-05-29,"Johnson&Johnson, Moderna, Oxford/AstraZeneca, Pfizer/BioNTech",https://info.gesundheitsministerium.gv.at/opendata/,5103302,3628708,1512257
Austria,2021-05-30,"Johnson&Johnson, Moderna, Oxford/AstraZeneca, Pfizer/BioNTech",https://info.gesundheitsministerium.gv.at/opendata/,5141427,3642787,1536323
Austria,2021-05-31,"Johnson&Johnson, Moderna, Oxford/AstraZeneca, Pfizer/BioNTech",https://info.gesundheitsministerium.gv.at/opendata/,5185217,3664386,1561244
Austria,2021-06-01,"Johnson&Johnson, Moderna, Oxford/AstraZeneca, Pfizer/BioNTech",https://info.gesundheitsministerium.gv.at/opendata/,5275839,3720279,1601656
Austria,2021-06-02,"Johnson&Johnson, Moderna, Oxford/AstraZeneca, Pfizer/BioNTech",https://info.gesundheitsministerium.gv.at/opendata/,5418693,3797575,1673956
Austria,2021-06-03,"Johnson&Johnson, Moderna, Oxford/AstraZeneca, Pfizer/BioNTech",https://info.gesundheitsministerium.gv.at/opendata/,5486814,3828203,1712223
Austria,2021-06-04,"Johnson&Johnson, Moderna, Oxford/AstraZeneca, Pfizer/BioNTech",https://info.gesundheitsministerium.gv.at/opendata/,5595700,3890233,1761926
Austria,2021-06-05,"Johnson&Johnson, Moderna, Oxford/AstraZeneca, Pfizer/BioNTech",https://info.gesundheitsministerium.gv.at/opendata/,5658385,3923507,1791691
Austria,2021-06-06,"Johnson&Johnson, Moderna, Oxford/AstraZeneca, Pfizer/BioNTech",https://info.gesundheitsministerium.gv.at/opendata/,5711606,3947634,1821140
Austria,2021-06-07,"Johnson&Johnson, Moderna, Oxford/AstraZeneca, Pfizer/BioNTech",https://info.gesundheitsministerium.gv.at/opendata/,5769048,3973423,1855491
Austria,2021-06-08,"Johnson&Johnson, Moderna, Oxford/AstraZeneca, Pfizer/BioNTech",https://info.gesundheitsministerium.gv.at/opendata/,5860362,4023606,1901416
Austria,2021-06-09,"Johnson&Johnson, Moderna, Oxford/AstraZeneca, Pfizer/BioNTech",https://info.gesundheitsministerium.gv.at/opendata/,5977232,4085949,1960413
Austria,2021-06-10,"Johnson&Johnson, Moderna, Oxford/AstraZeneca, Pfizer/BioNTech",https://info.gesundheitsministerium.gv.at/opendata/,6097946,4137963,2033722
Austria,2021-06-11,"Johnson&Johnson, Moderna, Oxford/AstraZeneca, Pfizer/BioNTech",https://info.gesundheitsministerium.gv.at/opendata/,6228398,4193142,2113076
Austria,2021-06-12,"Johnson&Johnson, Moderna, Oxford/AstraZeneca, Pfizer/BioNTech",https://info.gesundheitsministerium.gv.at/opendata/,6297523,4221001,2155017
Austria,2021-06-13,"Johnson&Johnson, Moderna, Oxford/AstraZeneca, Pfizer/BioNTech",https://info.gesundheitsministerium.gv.at/opendata/,6335051,4238193,2175472
Austria,2021-06-14,"Johnson&Johnson, Moderna, Oxford/AstraZeneca, Pfizer/BioNTech",https://info.gesundheitsministerium.gv.at/opendata/,6383806,4257816,2206631
Austria,2021-06-15,"Johnson&Johnson, Moderna, Oxford/AstraZeneca, Pfizer/BioNTech",https://info.gesundheitsministerium.gv.at/opendata/,6469945,4304945,2248361
Austria,2021-06-16,"Johnson&Johnson, Moderna, Oxford/AstraZeneca, Pfizer/BioNTech",https://info.gesundheitsministerium.gv.at/opendata/,6589583,4354399,2321233
Austria,2021-06-17,"Johnson&Johnson, Moderna, Oxford/AstraZeneca, Pfizer/BioNTech",https://info.gesundheitsministerium.gv.at/opendata/,6704051,4396103,2396576
Austria,2021-06-18,"Johnson&Johnson, Moderna, Oxford/AstraZeneca, Pfizer/BioNTech",https://info.gesundheitsministerium.gv.at/opendata/,6815881,4437883,2470925
Austria,2021-06-19,"Johnson&Johnson, Moderna, Oxford/AstraZeneca, Pfizer/BioNTech",https://info.gesundheitsministerium.gv.at/opendata/,6882229,4468098,2507325
Austria,2021-06-20,"Johnson&Johnson, Moderna, Oxford/AstraZeneca, Pfizer/BioNTech",https://info.gesundheitsministerium.gv.at/opendata/,6918837,4487093,2525025
Austria,2021-06-21,"Johnson&Johnson, Moderna, Oxford/AstraZeneca, Pfizer/BioNTech",https://info.gesundheitsministerium.gv.at/opendata/,6969946,4507328,2557407
Austria,2021-06-22,"Johnson&Johnson, Moderna, Oxford/AstraZeneca, Pfizer/BioNTech",https://info.gesundheitsministerium.gv.at/opendata/,7061315,4542891,2615150
Austria,2021-06-23,"Johnson&Johnson, Moderna, Oxford/AstraZeneca, Pfizer/BioNTech",https://info.gesundheitsministerium.gv.at/opendata/,7172789,4577905,2692865
Austria,2021-06-24,"Johnson&Johnson, Moderna, Oxford/AstraZeneca, Pfizer/BioNTech",https://info.gesundheitsministerium.gv.at/opendata/,7281398,4610402,2770749
Austria,2021-06-25,"Johnson&Johnson, Moderna, Oxford/AstraZeneca, Pfizer/BioNTech",https://info.gesundheitsministerium.gv.at/opendata/,7402547,4644817,2859088
Austria,2021-06-26,"Johnson&Johnson, Moderna, Oxford/AstraZeneca, Pfizer/BioNTech",https://info.gesundheitsministerium.gv.at/opendata/,7479206,4671185,2909598
Austria,2021-06-27,"Johnson&Johnson, Moderna, Oxford/AstraZeneca, Pfizer/BioNTech",https://info.gesundheitsministerium.gv.at/opendata/,7520146,4693034,2928821
Austria,2021-06-28,"Johnson&Johnson, Moderna, Oxford/AstraZeneca, Pfizer/BioNTech",https://info.gesundheitsministerium.gv.at/opendata/,7570628,4708891,2966407
Austria,2021-06-29,"Johnson&Johnson, Moderna, Oxford/AstraZeneca, Pfizer/BioNTech",https://info.gesundheitsministerium.gv.at/opendata/,7662264,4740168,3029930
Austria,2021-06-30,"Johnson&Johnson, Moderna, Oxford/AstraZeneca, Pfizer/BioNTech",https://info.gesundheitsministerium.gv.at/opendata/,7775591,4773036,3113899
Austria,2021-07-01,"Johnson&Johnson, Moderna, Oxford/AstraZeneca, Pfizer/BioNTech",https://info.gesundheitsministerium.gv.at/opendata/,7891949,4803810,3203186
Austria,2021-07-02,"Johnson&Johnson, Moderna, Oxford/AstraZeneca, Pfizer/BioNTech",https://info.gesundheitsministerium.gv.at/opendata/,8004963,4831379,3291664
Austria,2021-07-03,"Johnson&Johnson, Moderna, Oxford/AstraZeneca, Pfizer/BioNTech",https://info.gesundheitsministerium.gv.at/opendata/,8074792,4853349,3342005
Austria,2021-07-04,"Johnson&Johnson, Moderna, Oxford/AstraZeneca, Pfizer/BioNTech",https://info.gesundheitsministerium.gv.at/opendata/,8128681,4887083,3368292
Austria,2021-07-05,"Johnson&Johnson, Moderna, Oxford/AstraZeneca, Pfizer/BioNTech",https://info.gesundheitsministerium.gv.at/opendata/,8173919,4905187,3399858
Austria,2021-07-06,"Johnson&Johnson, Moderna, Oxford/AstraZeneca, Pfizer/BioNTech",https://info.gesundheitsministerium.gv.at/opendata/,8255052,4933207,3456984
Austria,2021-07-07,"Johnson&Johnson, Moderna, Oxford/AstraZeneca, Pfizer/BioNTech",https://info.gesundheitsministerium.gv.at/opendata/,8348072,4958394,3527151
Austria,2021-07-08,"Johnson&Johnson, Moderna, Oxford/AstraZeneca, Pfizer/BioNTech",https://info.gesundheitsministerium.gv.at/opendata/,8443042,4983538,3599769
Austria,2021-07-09,"Johnson&Johnson, Moderna, Oxford/AstraZeneca, Pfizer/BioNTech",https://info.gesundheitsministerium.gv.at/opendata/,8529962,5007258,3667615
Austria,2021-07-10,"Johnson&Johnson, Moderna, Oxford/AstraZeneca, Pfizer/BioNTech",https://info.gesundheitsministerium.gv.at/opendata/,8579227,5019091,3707049
Austria,2021-07-11,"Johnson&Johnson, Moderna, Oxford/AstraZeneca, Pfizer/BioNTech",https://info.gesundheitsministerium.gv.at/opendata/,8607754,5029943,3726963
