location,date,vaccine,source_url,total_vaccinations,people_vaccinated,people_fully_vaccinated
Belgium,2020-12-28,Pfizer/BioNTech,https://epistat.wiv-isp.be/covid/,302,302,0
Belgium,2020-12-29,Pfizer/BioNTech,https://epistat.wiv-isp.be/covid/,316,316,10
Belgium,2020-12-30,Pfizer/BioNTech,https://epistat.wiv-isp.be/covid/,803,803,19
Belgium,2020-12-31,Pfizer/BioNTech,https://epistat.wiv-isp.be/covid/,816,816,19
Belgium,2021-01-01,Pfizer/BioNTech,https://epistat.wiv-isp.be/covid/,818,818,19
Belgium,2021-01-02,Pfizer/BioNTech,https://epistat.wiv-isp.be/covid/,831,831,32
Belgium,2021-01-03,Pfizer/BioNTech,https://epistat.wiv-isp.be/covid/,837,837,32
Belgium,2021-01-04,Pfizer/BioNTech,https://epistat.wiv-isp.be/covid/,846,846,35
Belgium,2021-01-05,Pfizer/BioNTech,https://epistat.wiv-isp.be/covid/,2574,2574,52
Belgium,2021-01-06,Pfizer/BioNTech,https://epistat.wiv-isp.be/covid/,6514,6514,75
Belgium,2021-01-07,Pfizer/BioNTech,https://epistat.wiv-isp.be/covid/,14889,14889,88
Belgium,2021-01-08,Pfizer/BioNTech,https://epistat.wiv-isp.be/covid/,24213,24213,122
Belgium,2021-01-09,Pfizer/BioNTech,https://epistat.wiv-isp.be/covid/,27451,27451,132
Belgium,2021-01-10,Pfizer/BioNTech,https://epistat.wiv-isp.be/covid/,27861,27860,133
Belgium,2021-01-11,"Moderna, Pfizer/BioNTech",https://epistat.wiv-isp.be/covid/,33480,33478,143
Belgium,2021-01-12,"Moderna, Pfizer/BioNTech",https://epistat.wiv-isp.be/covid/,49430,49428,164
Belgium,2021-01-13,"Moderna, Pfizer/BioNTech",https://epistat.wiv-isp.be/covid/,71192,71080,291
Belgium,2021-01-14,"Moderna, Pfizer/BioNTech",https://epistat.wiv-isp.be/covid/,94560,94443,307
Belgium,2021-01-15,"Moderna, Pfizer/BioNTech",https://epistat.wiv-isp.be/covid/,118167,118044,331
Belgium,2021-01-16,"Moderna, Pfizer/BioNTech",https://epistat.wiv-isp.be/covid/,123371,123248,341
Belgium,2021-01-17,"Moderna, Pfizer/BioNTech",https://epistat.wiv-isp.be/covid/,126593,126469,342
Belgium,2021-01-18,"Moderna, Pfizer/BioNTech",https://epistat.wiv-isp.be/covid/,137705,137461,475
Belgium,2021-01-19,"Moderna, Pfizer/BioNTech",https://epistat.wiv-isp.be/covid/,157052,156619,694
Belgium,2021-01-20,"Moderna, Pfizer/BioNTech",https://epistat.wiv-isp.be/covid/,178552,177684,1155
Belgium,2021-01-21,"Moderna, Pfizer/BioNTech",https://epistat.wiv-isp.be/covid/,208754,207870,1195
Belgium,2021-01-22,"Moderna, Pfizer/BioNTech",https://epistat.wiv-isp.be/covid/,238844,237917,1273
Belgium,2021-01-23,"Moderna, Pfizer/BioNTech",https://epistat.wiv-isp.be/covid/,247287,246351,1293
Belgium,2021-01-24,"Moderna, Pfizer/BioNTech",https://epistat.wiv-isp.be/covid/,249176,248234,1299
Belgium,2021-01-25,"Moderna, Pfizer/BioNTech",https://epistat.wiv-isp.be/covid/,260510,259565,1325
Belgium,2021-01-26,"Moderna, Pfizer/BioNTech",https://epistat.wiv-isp.be/covid/,273368,270678,3090
Belgium,2021-01-27,"Moderna, Pfizer/BioNTech",https://epistat.wiv-isp.be/covid/,290044,283927,6556
Belgium,2021-01-28,"Moderna, Pfizer/BioNTech",https://epistat.wiv-isp.be/covid/,313706,299860,14316
Belgium,2021-01-29,"Moderna, Pfizer/BioNTech",https://epistat.wiv-isp.be/covid/,335058,312196,23366
Belgium,2021-01-30,"Moderna, Pfizer/BioNTech",https://epistat.wiv-isp.be/covid/,339577,313813,26280
Belgium,2021-01-31,"Moderna, Pfizer/BioNTech",https://epistat.wiv-isp.be/covid/,340499,314391,26624
Belgium,2021-02-01,"Moderna, Pfizer/BioNTech",https://epistat.wiv-isp.be/covid/,348307,318356,30481
Belgium,2021-02-02,"Moderna, Pfizer/BioNTech",https://epistat.wiv-isp.be/covid/,372835,328591,44803
Belgium,2021-02-03,"Moderna, Pfizer/BioNTech",https://epistat.wiv-isp.be/covid/,403735,338780,65537
Belgium,2021-02-04,"Moderna, Pfizer/BioNTech",https://epistat.wiv-isp.be/covid/,438046,348821,89825
Belgium,2021-02-05,"Moderna, Pfizer/BioNTech",https://epistat.wiv-isp.be/covid/,468954,356821,112771
Belgium,2021-02-06,"Moderna, Pfizer/BioNTech",https://epistat.wiv-isp.be/covid/,475481,358022,118110
Belgium,2021-02-07,"Moderna, Pfizer/BioNTech",https://epistat.wiv-isp.be/covid/,478877,358341,121187
Belgium,2021-02-08,"Moderna, Pfizer/BioNTech",https://epistat.wiv-isp.be/covid/,489070,360732,129006
Belgium,2021-02-09,"Moderna, Pfizer/BioNTech",https://epistat.wiv-isp.be/covid/,516988,368893,148786
Belgium,2021-02-10,"Moderna, Pfizer/BioNTech",https://epistat.wiv-isp.be/covid/,542551,375432,167839
Belgium,2021-02-11,"Moderna, Pfizer/BioNTech",https://epistat.wiv-isp.be/covid/,578984,383578,196143
Belgium,2021-02-12,"Moderna, Oxford/AstraZeneca, Pfizer/BioNTech",https://epistat.wiv-isp.be/covid/,613834,390220,224390
Belgium,2021-02-13,"Moderna, Oxford/AstraZeneca, Pfizer/BioNTech",https://epistat.wiv-isp.be/covid/,622518,390794,232515
Belgium,2021-02-14,"Moderna, Oxford/AstraZeneca, Pfizer/BioNTech",https://epistat.wiv-isp.be/covid/,624457,390870,234378
Belgium,2021-02-15,"Moderna, Oxford/AstraZeneca, Pfizer/BioNTech",https://epistat.wiv-isp.be/covid/,638195,392923,246073
Belgium,2021-02-16,"Moderna, Oxford/AstraZeneca, Pfizer/BioNTech",https://epistat.wiv-isp.be/covid/,653090,397264,256644
Belgium,2021-02-17,"Moderna, Oxford/AstraZeneca, Pfizer/BioNTech",https://epistat.wiv-isp.be/covid/,673100,404490,269448
Belgium,2021-02-18,"Moderna, Oxford/AstraZeneca, Pfizer/BioNTech",https://epistat.wiv-isp.be/covid/,701049,415186,286707
Belgium,2021-02-19,"Moderna, Oxford/AstraZeneca, Pfizer/BioNTech",https://epistat.wiv-isp.be/covid/,732140,433181,299826
Belgium,2021-02-20,"Moderna, Oxford/AstraZeneca, Pfizer/BioNTech",https://epistat.wiv-isp.be/covid/,738126,437576,301429
Belgium,2021-02-21,"Moderna, Oxford/AstraZeneca, Pfizer/BioNTech",https://epistat.wiv-isp.be/covid/,740292,439472,301699
Belgium,2021-02-22,"Moderna, Oxford/AstraZeneca, Pfizer/BioNTech",https://epistat.wiv-isp.be/covid/,752975,449233,304624
Belgium,2021-02-23,"Moderna, Oxford/AstraZeneca, Pfizer/BioNTech",https://epistat.wiv-isp.be/covid/,773043,461184,312754
Belgium,2021-02-24,"Moderna, Oxford/AstraZeneca, Pfizer/BioNTech",https://epistat.wiv-isp.be/covid/,796190,476023,321078
Belgium,2021-02-25,"Moderna, Oxford/AstraZeneca, Pfizer/BioNTech",https://epistat.wiv-isp.be/covid/,828041,498712,330248
Belgium,2021-02-26,"Moderna, Oxford/AstraZeneca, Pfizer/BioNTech",https://epistat.wiv-isp.be/covid/,860084,523914,337117
Belgium,2021-02-27,"Moderna, Oxford/AstraZeneca, Pfizer/BioNTech",https://epistat.wiv-isp.be/covid/,864445,527477,337927
Belgium,2021-02-28,"Moderna, Oxford/AstraZeneca, Pfizer/BioNTech",https://epistat.wiv-isp.be/covid/,865296,528067,338188
Belgium,2021-03-01,"Moderna, Oxford/AstraZeneca, Pfizer/BioNTech",https://epistat.wiv-isp.be/covid/,878840,538860,340948
Belgium,2021-03-02,"Moderna, Oxford/AstraZeneca, Pfizer/BioNTech",https://epistat.wiv-isp.be/covid/,902482,555653,347816
Belgium,2021-03-03,"Moderna, Oxford/AstraZeneca, Pfizer/BioNTech",https://epistat.wiv-isp.be/covid/,932727,579743,353990
Belgium,2021-03-04,"Moderna, Oxford/AstraZeneca, Pfizer/BioNTech",https://epistat.wiv-isp.be/covid/,982331,620658,362684
Belgium,2021-03-05,"Moderna, Oxford/AstraZeneca, Pfizer/BioNTech",https://epistat.wiv-isp.be/covid/,1026951,658674,369300
Belgium,2021-03-06,"Moderna, Oxford/AstraZeneca, Pfizer/BioNTech",https://epistat.wiv-isp.be/covid/,1035240,666345,369929
Belgium,2021-03-07,"Moderna, Oxford/AstraZeneca, Pfizer/BioNTech",https://epistat.wiv-isp.be/covid/,1036726,667651,370109
Belgium,2021-03-08,"Moderna, Oxford/AstraZeneca, Pfizer/BioNTech",https://epistat.wiv-isp.be/covid/,1054025,682967,372098
Belgium,2021-03-09,"Moderna, Oxford/AstraZeneca, Pfizer/BioNTech",https://epistat.wiv-isp.be/covid/,1082924,704450,379534
Belgium,2021-03-10,"Moderna, Oxford/AstraZeneca, Pfizer/BioNTech",https://epistat.wiv-isp.be/covid/,1118942,731286,388738
Belgium,2021-03-11,"Moderna, Oxford/AstraZeneca, Pfizer/BioNTech",https://epistat.wiv-isp.be/covid/,1173047,775317,398821
Belgium,2021-03-12,"Moderna, Oxford/AstraZeneca, Pfizer/BioNTech",https://epistat.wiv-isp.be/covid/,1217784,806445,412451
Belgium,2021-03-13,"Moderna, Oxford/AstraZeneca, Pfizer/BioNTech",https://epistat.wiv-isp.be/covid/,1227576,814058,414640
Belgium,2021-03-14,"Moderna, Oxford/AstraZeneca, Pfizer/BioNTech",https://epistat.wiv-isp.be/covid/,1229005,814213,415914
Belgium,2021-03-15,"Moderna, Oxford/AstraZeneca, Pfizer/BioNTech",https://epistat.wiv-isp.be/covid/,1259627,840187,420564
Belgium,2021-03-16,"Moderna, Oxford/AstraZeneca, Pfizer/BioNTech",https://epistat.wiv-isp.be/covid/,1306420,882750,424801
Belgium,2021-03-17,"Moderna, Oxford/AstraZeneca, Pfizer/BioNTech",https://epistat.wiv-isp.be/covid/,1354378,921916,433594
Belgium,2021-03-18,"Moderna, Oxford/AstraZeneca, Pfizer/BioNTech",https://epistat.wiv-isp.be/covid/,1429588,980226,450494
Belgium,2021-03-19,"Moderna, Oxford/AstraZeneca, Pfizer/BioNTech",https://epistat.wiv-isp.be/covid/,1497389,1029138,469386
Belgium,2021-03-20,"Moderna, Oxford/AstraZeneca, Pfizer/BioNTech",https://epistat.wiv-isp.be/covid/,1519866,1050039,470965
Belgium,2021-03-21,"Moderna, Oxford/AstraZeneca, Pfizer/BioNTech",https://epistat.wiv-isp.be/covid/,1520807,1050461,471485
Belgium,2021-03-22,"Moderna, Oxford/AstraZeneca, Pfizer/BioNTech",https://epistat.wiv-isp.be/covid/,1553573,1077918,476794
Belgium,2021-03-23,"Moderna, Oxford/AstraZeneca, Pfizer/BioNTech",https://epistat.wiv-isp.be/covid/,1601511,1120150,482502
Belgium,2021-03-24,"Moderna, Oxford/AstraZeneca, Pfizer/BioNTech",https://epistat.wiv-isp.be/covid/,1663184,1171287,493039
Belgium,2021-03-25,"Moderna, Oxford/AstraZeneca, Pfizer/BioNTech",https://epistat.wiv-isp.be/covid/,1742151,1230429,512866
Belgium,2021-03-26,"Moderna, Oxford/AstraZeneca, Pfizer/BioNTech",https://epistat.wiv-isp.be/covid/,1811976,1280747,532375
Belgium,2021-03-27,"Moderna, Oxford/AstraZeneca, Pfizer/BioNTech",https://epistat.wiv-isp.be/covid/,1834481,1299472,536160
Belgium,2021-03-28,"Moderna, Oxford/AstraZeneca, Pfizer/BioNTech",https://epistat.wiv-isp.be/covid/,1836856,1300890,537117
Belgium,2021-03-29,"Moderna, Oxford/AstraZeneca, Pfizer/BioNTech",https://epistat.wiv-isp.be/covid/,1860488,1319258,542381
Belgium,2021-03-30,"Moderna, Oxford/AstraZeneca, Pfizer/BioNTech",https://epistat.wiv-isp.be/covid/,1892632,1345686,548099
Belgium,2021-03-31,"Moderna, Oxford/AstraZeneca, Pfizer/BioNTech",https://epistat.wiv-isp.be/covid/,1977456,1419214,559398
Belgium,2021-04-01,"Moderna, Oxford/AstraZeneca, Pfizer/BioNTech",https://epistat.wiv-isp.be/covid/,2079103,1496119,584173
Belgium,2021-04-02,"Moderna, Oxford/AstraZeneca, Pfizer/BioNTech",https://epistat.wiv-isp.be/covid/,2161708,1560355,603048
Belgium,2021-04-03,"Moderna, Oxford/AstraZeneca, Pfizer/BioNTech",https://epistat.wiv-isp.be/covid/,2182559,1579835,604455
Belgium,2021-04-04,"Moderna, Oxford/AstraZeneca, Pfizer/BioNTech",https://epistat.wiv-isp.be/covid/,2182669,1579865,604538
Belgium,2021-04-05,"Moderna, Oxford/AstraZeneca, Pfizer/BioNTech",https://epistat.wiv-isp.be/covid/,2197313,1591866,607195
Belgium,2021-04-06,"Moderna, Oxford/AstraZeneca, Pfizer/BioNTech",https://epistat.wiv-isp.be/covid/,2244171,1629614,616364
Belgium,2021-04-07,"Moderna, Oxford/AstraZeneca, Pfizer/BioNTech",https://epistat.wiv-isp.be/covid/,2292029,1667733,626206
Belgium,2021-04-08,"Moderna, Oxford/AstraZeneca, Pfizer/BioNTech",https://epistat.wiv-isp.be/covid/,2418372,1777464,642853
Belgium,2021-04-09,"Moderna, Oxford/AstraZeneca, Pfizer/BioNTech",https://epistat.wiv-isp.be/covid/,2553441,1896870,658605
Belgium,2021-04-10,"Moderna, Oxford/AstraZeneca, Pfizer/BioNTech",https://epistat.wiv-isp.be/covid/,2622150,1961541,662683
Belgium,2021-04-11,"Moderna, Oxford/AstraZeneca, Pfizer/BioNTech",https://epistat.wiv-isp.be/covid/,2626101,1965155,663025
Belgium,2021-04-12,"Moderna, Oxford/AstraZeneca, Pfizer/BioNTech",https://epistat.wiv-isp.be/covid/,2674810,2004851,672068
Belgium,2021-04-13,"Moderna, Oxford/AstraZeneca, Pfizer/BioNTech",https://epistat.wiv-isp.be/covid/,2747222,2068909,680505
Belgium,2021-04-14,"Moderna, Oxford/AstraZeneca, Pfizer/BioNTech",https://epistat.wiv-isp.be/covid/,2847909,2144957,705147
Belgium,2021-04-15,"Moderna, Oxford/AstraZeneca, Pfizer/BioNTech",https://epistat.wiv-isp.be/covid/,2959585,2230005,731777
Belgium,2021-04-16,"Moderna, Oxford/AstraZeneca, Pfizer/BioNTech",https://epistat.wiv-isp.be/covid/,3053606,2306639,749165
Belgium,2021-04-17,"Moderna, Oxford/AstraZeneca, Pfizer/BioNTech",https://epistat.wiv-isp.be/covid/,3111729,2358962,754965
Belgium,2021-04-18,"Moderna, Oxford/AstraZeneca, Pfizer/BioNTech",https://epistat.wiv-isp.be/covid/,3117727,2364881,755044
Belgium,2021-04-19,"Moderna, Oxford/AstraZeneca, Pfizer/BioNTech",https://epistat.wiv-isp.be/covid/,3178780,2421580,759398
Belgium,2021-04-20,"Moderna, Oxford/AstraZeneca, Pfizer/BioNTech",https://epistat.wiv-isp.be/covid/,3229038,2468626,762613
Belgium,2021-04-21,"Moderna, Oxford/AstraZeneca, Pfizer/BioNTech",https://epistat.wiv-isp.be/covid/,3320890,2555966,767127
Belgium,2021-04-22,"Moderna, Oxford/AstraZeneca, Pfizer/BioNTech",https://epistat.wiv-isp.be/covid/,3417242,2646312,773133
Belgium,2021-04-23,"Moderna, Oxford/AstraZeneca, Pfizer/BioNTech",https://epistat.wiv-isp.be/covid/,3489195,2711106,780293
Belgium,2021-04-24,"Moderna, Oxford/AstraZeneca, Pfizer/BioNTech",https://epistat.wiv-isp.be/covid/,3535476,2755605,782083
Belgium,2021-04-25,"Moderna, Oxford/AstraZeneca, Pfizer/BioNTech",https://epistat.wiv-isp.be/covid/,3541785,2761888,782111
Belgium,2021-04-26,"Moderna, Oxford/AstraZeneca, Pfizer/BioNTech",https://epistat.wiv-isp.be/covid/,3604944,2818089,789072
Belgium,2021-04-27,"Moderna, Oxford/AstraZeneca, Pfizer/BioNTech",https://epistat.wiv-isp.be/covid/,3657905,2856502,803630
Belgium,2021-04-28,"Johnson&Johnson, Moderna, Oxford/AstraZeneca, Pfizer/BioNTech",https://epistat.wiv-isp.be/covid/,3752537,2936001,818873
Belgium,2021-04-29,"Johnson&Johnson, Moderna, Oxford/AstraZeneca, Pfizer/BioNTech",https://epistat.wiv-isp.be/covid/,3858747,3023762,838633
Belgium,2021-04-30,"Johnson&Johnson, Moderna, Oxford/AstraZeneca, Pfizer/BioNTech",https://epistat.wiv-isp.be/covid/,3941014,3084261,861330
Belgium,2021-05-01,"Johnson&Johnson, Moderna, Oxford/AstraZeneca, Pfizer/BioNTech",https://epistat.wiv-isp.be/covid/,3988336,3124031,869388
Belgium,2021-05-02,"Johnson&Johnson, Moderna, Oxford/AstraZeneca, Pfizer/BioNTech",https://epistat.wiv-isp.be/covid/,3991955,3127543,869507
Belgium,2021-05-03,"Johnson&Johnson, Moderna, Oxford/AstraZeneca, Pfizer/BioNTech",https://epistat.wiv-isp.be/covid/,4070738,3193927,884529
Belgium,2021-05-04,"Johnson&Johnson, Moderna, Oxford/AstraZeneca, Pfizer/BioNTech",https://epistat.wiv-isp.be/covid/,4153837,3261333,903517
Belgium,2021-05-05,"Johnson&Johnson, Moderna, Oxford/AstraZeneca, Pfizer/BioNTech",https://epistat.wiv-isp.be/covid/,4308643,3345651,977704
Belgium,2021-05-06,"Johnson&Johnson, Moderna, Oxford/AstraZeneca, Pfizer/BioNTech",https://epistat.wiv-isp.be/covid/,4470338,3434140,1055770
Belgium,2021-05-07,"Johnson&Johnson, Moderna, Oxford/AstraZeneca, Pfizer/BioNTech",https://epistat.wiv-isp.be/covid/,4625732,3534875,1114916
Belgium,2021-05-08,"Johnson&Johnson, Moderna, Oxford/AstraZeneca, Pfizer/BioNTech",https://epistat.wiv-isp.be/covid/,4715967,3615500,1126247
Belgium,2021-05-09,"Johnson&Johnson, Moderna, Oxford/AstraZeneca, Pfizer/BioNTech",https://epistat.wiv-isp.be/covid/,4723908,3623357,1126368
Belgium,2021-05-10,"Johnson&Johnson, Moderna, Oxford/AstraZeneca, Pfizer/BioNTech",https://epistat.wiv-isp.be/covid/,4807932,3702824,1132308
Belgium,2021-05-11,"Johnson&Johnson, Moderna, Oxford/AstraZeneca, Pfizer/BioNTech",https://epistat.wiv-isp.be/covid/,4876624,3761593,1143474
Belgium,2021-05-12,"Johnson&Johnson, Moderna, Oxford/AstraZeneca, Pfizer/BioNTech",https://epistat.wiv-isp.be/covid/,4969825,3826149,1173398
Belgium,2021-05-13,"Johnson&Johnson, Moderna, Oxford/AstraZeneca, Pfizer/BioNTech",https://epistat.wiv-isp.be/covid/,5088677,3864683,1254057
Belgium,2021-05-14,"Johnson&Johnson, Moderna, Oxford/AstraZeneca, Pfizer/BioNTech",https://epistat.wiv-isp.be/covid/,5233887,3906886,1358080
Belgium,2021-05-15,"Johnson&Johnson, Moderna, Oxford/AstraZeneca, Pfizer/BioNTech",https://epistat.wiv-isp.be/covid/,5321822,3939693,1413492
Belgium,2021-05-16,"Johnson&Johnson, Moderna, Oxford/AstraZeneca, Pfizer/BioNTech",https://epistat.wiv-isp.be/covid/,5327890,3941958,1417333
Belgium,2021-05-17,"Johnson&Johnson, Moderna, Oxford/AstraZeneca, Pfizer/BioNTech",https://epistat.wiv-isp.be/covid/,5436634,4028340,1443231
Belgium,2021-05-18,"Johnson&Johnson, Moderna, Oxford/AstraZeneca, Pfizer/BioNTech",https://epistat.wiv-isp.be/covid/,5569788,4130809,1476969
Belgium,2021-05-19,"Johnson&Johnson, Moderna, Oxford/AstraZeneca, Pfizer/BioNTech",https://epistat.wiv-isp.be/covid/,5711101,4208874,1544290
Belgium,2021-05-20,"Johnson&Johnson, Moderna, Oxford/AstraZeneca, Pfizer/BioNTech",https://epistat.wiv-isp.be/covid/,5857818,4278018,1627121
Belgium,2021-05-21,"Johnson&Johnson, Moderna, Oxford/AstraZeneca, Pfizer/BioNTech",https://epistat.wiv-isp.be/covid/,5985844,4347766,1688967
Belgium,2021-05-22,"Johnson&Johnson, Moderna, Oxford/AstraZeneca, Pfizer/BioNTech",https://epistat.wiv-isp.be/covid/,6074813,4392040,1734218
Belgium,2021-05-23,"Johnson&Johnson, Moderna, Oxford/AstraZeneca, Pfizer/BioNTech",https://epistat.wiv-isp.be/covid/,6084361,4398851,1736996
Belgium,2021-05-24,"Johnson&Johnson, Moderna, Oxford/AstraZeneca, Pfizer/BioNTech",https://epistat.wiv-isp.be/covid/,6146319,4425267,1773539
Belgium,2021-05-25,"Johnson&Johnson, Moderna, Oxford/AstraZeneca, Pfizer/BioNTech",https://epistat.wiv-isp.be/covid/,6246068,4484860,1820595
Belgium,2021-05-26,"Johnson&Johnson, Moderna, Oxford/AstraZeneca, Pfizer/BioNTech",https://epistat.wiv-isp.be/covid/,6368593,4520641,1912346
Belgium,2021-05-27,"Johnson&Johnson, Moderna, Oxford/AstraZeneca, Pfizer/BioNTech",https://epistat.wiv-isp.be/covid/,6508389,4561814,2015321
Belgium,2021-05-28,"Johnson&Johnson, Moderna, Oxford/AstraZeneca, Pfizer/BioNTech",https://epistat.wiv-isp.be/covid/,6620459,4600690,2092273
Belgium,2021-05-29,"Johnson&Johnson, Moderna, Oxford/AstraZeneca, Pfizer/BioNTech",https://epistat.wiv-isp.be/covid/,6711386,4643759,2142548
Belgium,2021-05-30,"Johnson&Johnson, Moderna, Oxford/AstraZeneca, Pfizer/BioNTech",https://epistat.wiv-isp.be/covid/,6722829,4648161,2149708
Belgium,2021-05-31,"Johnson&Johnson, Moderna, Oxford/AstraZeneca, Pfizer/BioNTech",https://epistat.wiv-isp.be/covid/,6843063,4714112,2207259
Belgium,2021-06-01,"Johnson&Johnson, Moderna, Oxford/AstraZeneca, Pfizer/BioNTech",https://epistat.wiv-isp.be/covid/,6946228,4778292,2255154
Belgium,2021-06-02,"Johnson&Johnson, Moderna, Oxford/AstraZeneca, Pfizer/BioNTech",https://epistat.wiv-isp.be/covid/,7114278,4859078,2345483
Belgium,2021-06-03,"Johnson&Johnson, Moderna, Oxford/AstraZeneca, Pfizer/BioNTech",https://epistat.wiv-isp.be/covid/,7301131,4951857,2442835
Belgium,2021-06-04,"Johnson&Johnson, Moderna, Oxford/AstraZeneca, Pfizer/BioNTech",https://epistat.wiv-isp.be/covid/,7453971,5033581,2516664
Belgium,2021-06-05,"Johnson&Johnson, Moderna, Oxford/AstraZeneca, Pfizer/BioNTech",https://epistat.wiv-isp.be/covid/,7592769,5122731,2568199
Belgium,2021-06-06,"Johnson&Johnson, Moderna, Oxford/AstraZeneca, Pfizer/BioNTech",https://epistat.wiv-isp.be/covid/,7623848,5148445,2574089
Belgium,2021-06-07,"Johnson&Johnson, Moderna, Oxford/AstraZeneca, Pfizer/BioNTech",https://epistat.wiv-isp.be/covid/,7794476,5247958,2653702
Belgium,2021-06-08,"Johnson&Johnson, Moderna, Oxford/AstraZeneca, Pfizer/BioNTech",https://epistat.wiv-isp.be/covid/,7943056,5331829,2734513
Belgium,2021-06-09,"Johnson&Johnson, Moderna, Oxford/AstraZeneca, Pfizer/BioNTech",https://epistat.wiv-isp.be/covid/,8139434,5424930,2844028
Belgium,2021-06-10,"Johnson&Johnson, Moderna, Oxford/AstraZeneca, Pfizer/BioNTech",https://epistat.wiv-isp.be/covid/,8334080,5506046,2961955
Belgium,2021-06-11,"Johnson&Johnson, Moderna, Oxford/AstraZeneca, Pfizer/BioNTech",https://epistat.wiv-isp.be/covid/,8529692,5594919,3072104
Belgium,2021-06-12,"Johnson&Johnson, Moderna, Oxford/AstraZeneca, Pfizer/BioNTech",https://epistat.wiv-isp.be/covid/,8672549,5673170,3143480
Belgium,2021-06-13,"Johnson&Johnson, Moderna, Oxford/AstraZeneca, Pfizer/BioNTech",https://epistat.wiv-isp.be/covid/,8696308,5688707,3152118
Belgium,2021-06-14,"Johnson&Johnson, Moderna, Oxford/AstraZeneca, Pfizer/BioNTech",https://epistat.wiv-isp.be/covid/,8849956,5766968,3240863
Belgium,2021-06-15,"Johnson&Johnson, Moderna, Oxford/AstraZeneca, Pfizer/BioNTech",https://epistat.wiv-isp.be/covid/,9000786,5860806,3324227
Belgium,2021-06-16,"Johnson&Johnson, Moderna, Oxford/AstraZeneca, Pfizer/BioNTech",https://epistat.wiv-isp.be/covid/,9183977,5981524,3403034
Belgium,2021-06-17,"Johnson&Johnson, Moderna, Oxford/AstraZeneca, Pfizer/BioNTech",https://epistat.wiv-isp.be/covid/,9372721,6118844,3459191
Belgium,2021-06-18,"Johnson&Johnson, Moderna, Oxford/AstraZeneca, Pfizer/BioNTech",https://epistat.wiv-isp.be/covid/,9565332,6257218,3518943
Belgium,2021-06-19,"Johnson&Johnson, Moderna, Oxford/AstraZeneca, Pfizer/BioNTech",https://epistat.wiv-isp.be/covid/,9690995,6353432,3550825
Belgium,2021-06-20,"Johnson&Johnson, Moderna, Oxford/AstraZeneca, Pfizer/BioNTech",https://epistat.wiv-isp.be/covid/,9722918,6383940,3552700
Belgium,2021-06-21,"Johnson&Johnson, Moderna, Oxford/AstraZeneca, Pfizer/BioNTech",https://epistat.wiv-isp.be/covid/,9841245,6466698,3591215
Belgium,2021-06-22,"Johnson&Johnson, Moderna, Oxford/AstraZeneca, Pfizer/BioNTech",https://epistat.wiv-isp.be/covid/,9949344,6528114,3646992
Belgium,2021-06-23,"Johnson&Johnson, Moderna, Oxford/AstraZeneca, Pfizer/BioNTech",https://epistat.wiv-isp.be/covid/,10133143,6651080,3711106
Belgium,2021-06-24,"Johnson&Johnson, Moderna, Oxford/AstraZeneca, Pfizer/BioNTech",https://epistat.wiv-isp.be/covid/,10314113,6776812,3771864
Belgium,2021-06-25,"Johnson&Johnson, Moderna, Oxford/AstraZeneca, Pfizer/BioNTech",https://epistat.wiv-isp.be/covid/,10478569,6894515,3823719
Belgium,2021-06-26,"Johnson&Johnson, Moderna, Oxford/AstraZeneca, Pfizer/BioNTech",https://epistat.wiv-isp.be/covid/,10593544,6965566,3873309
Belgium,2021-06-27,"Johnson&Johnson, Moderna, Oxford/AstraZeneca, Pfizer/BioNTech",https://epistat.wiv-isp.be/covid/,10628192,6994047,3880210
Belgium,2021-06-28,"Johnson&Johnson, Moderna, Oxford/AstraZeneca, Pfizer/BioNTech",https://epistat.wiv-isp.be/covid/,10747512,7062047,3935296
Belgium,2021-06-29,"Johnson&Johnson, Moderna, Oxford/AstraZeneca, Pfizer/BioNTech",https://epistat.wiv-isp.be/covid/,10868476,7119974,4004226
Belgium,2021-06-30,"Johnson&Johnson, Moderna, Oxford/AstraZeneca, Pfizer/BioNTech",https://epistat.wiv-isp.be/covid/,10993156,7204925,4050657
Belgium,2021-07-01,"Johnson&Johnson, Moderna, Oxford/AstraZeneca, Pfizer/BioNTech",https://epistat.wiv-isp.be/covid/,11129072,7296447,4099095
Belgium,2021-07-02,"Johnson&Johnson, Moderna, Oxford/AstraZeneca, Pfizer/BioNTech",https://epistat.wiv-isp.be/covid/,11241901,7372469,4139639
Belgium,2021-07-03,"Johnson&Johnson, Moderna, Oxford/AstraZeneca, Pfizer/BioNTech",https://epistat.wiv-isp.be/covid/,11330521,7409897,4191733
Belgium,2021-07-04,"Johnson&Johnson, Moderna, Oxford/AstraZeneca, Pfizer/BioNTech",https://epistat.wiv-isp.be/covid/,11344577,7417224,4198512
Belgium,2021-07-05,"Johnson&Johnson, Moderna, Oxford/AstraZeneca, Pfizer/BioNTech",https://epistat.wiv-isp.be/covid/,11464004,7441445,4296910
Belgium,2021-07-06,"Johnson&Johnson, Moderna, Oxford/AstraZeneca, Pfizer/BioNTech",https://epistat.wiv-isp.be/covid/,11578256,7463949,4390928
Belgium,2021-07-07,"Johnson&Johnson, Moderna, Oxford/AstraZeneca, Pfizer/BioNTech",https://epistat.wiv-isp.be/covid/,11730781,7501030,4509266
Belgium,2021-07-08,"Johnson&Johnson, Moderna, Oxford/AstraZeneca, Pfizer/BioNTech",https://epistat.wiv-isp.be/covid/,11837865,7523124,4596051
