location,date,vaccine,source_url,total_vaccinations,people_vaccinated,people_fully_vaccinated
Brazil,2021-01-16,Sinovac,https://g1.globo.com/sp/sao-paulo/noticia/2021/01/17/apos-aprovacao-da-anvisa-governo-de-sp-aplica-1a-dose-da-coronavac-antes-do-inicio-do-plano-nacional-de-vacinacao.ghtml,0,0,
Brazil,2021-01-17,Sinovac,https://g1.globo.com/sp/sao-paulo/noticia/2021/01/17/apos-aprovacao-da-anvisa-governo-de-sp-aplica-1a-dose-da-coronavac-antes-do-inicio-do-plano-nacional-de-vacinacao.ghtml,112,112,
Brazil,2021-01-18,Sinovac,https://coronavirusbra1.github.io/,1109,1109,
Brazil,2021-01-19,Sinovac,https://coronavirusbra1.github.io/,11470,11470,
Brazil,2021-01-20,Sinovac,https://coronavirusbra1.github.io/,28543,28543,
Brazil,2021-01-21,Sinovac,https://coronavirusbra1.github.io/,136519,136519,
Brazil,2021-01-22,Sinovac,https://coronavirusbra1.github.io/,245877,245877,
Brazil,2021-01-23,"Oxford/AstraZeneca, Sinovac",https://coronavirusbra1.github.io/,537774,537774,
Brazil,2021-01-24,"Oxford/AstraZeneca, Sinovac",https://coronavirusbra1.github.io/,604722,604722,
Brazil,2021-01-25,"Oxford/AstraZeneca, Sinovac",https://coronavirusbra1.github.io/,700608,700608,
Brazil,2021-01-26,"Oxford/AstraZeneca, Sinovac",https://coronavirusbra1.github.io/,848883,848883,
Brazil,2021-01-27,"Oxford/AstraZeneca, Sinovac",https://coronavirusbra1.github.io/,1129885,1129885,
Brazil,2021-01-28,"Oxford/AstraZeneca, Sinovac",https://coronavirusbra1.github.io/,1450900,1450900,
Brazil,2021-01-29,"Oxford/AstraZeneca, Sinovac",https://coronavirusbra1.github.io/,1668032,1656851,
Brazil,2021-01-30,"Oxford/AstraZeneca, Sinovac",https://coronavirusbra1.github.io/,2003211,1923813,
Brazil,2021-01-31,"Oxford/AstraZeneca, Sinovac",https://coronavirusbra1.github.io/,2074059,2046523,
Brazil,2021-02-01,"Oxford/AstraZeneca, Sinovac",https://coronavirusbra1.github.io/,2124307,2107624,
Brazil,2021-02-02,"Oxford/AstraZeneca, Sinovac",https://coronavirusbra1.github.io/,2292551,2292551,
Brazil,2021-02-03,"Oxford/AstraZeneca, Sinovac",https://coronavirusbra1.github.io/,2521704,2521704,
Brazil,2021-02-04,"Oxford/AstraZeneca, Sinovac",https://coronavirusbra1.github.io/,3073057,3073057,
Brazil,2021-02-05,"Oxford/AstraZeneca, Sinovac",https://coronavirusbra1.github.io/,3074906,3074906,
Brazil,2021-02-06,"Oxford/AstraZeneca, Sinovac",https://coronavirusbra1.github.io/,3401383,3399421,1962
Brazil,2021-02-07,"Oxford/AstraZeneca, Sinovac",https://coronavirusbra1.github.io/,3553681,3534004,19677
Brazil,2021-02-08,"Oxford/AstraZeneca, Sinovac",https://coronavirusbra1.github.io/,3605538,3579850,25688
Brazil,2021-02-09,"Oxford/AstraZeneca, Sinovac",https://coronavirusbra1.github.io/,3820207,3786591,33616
Brazil,2021-02-10,"Oxford/AstraZeneca, Sinovac",https://coronavirusbra1.github.io/,4120332,4069677,50655
Brazil,2021-02-11,"Oxford/AstraZeneca, Sinovac",https://coronavirusbra1.github.io/,4406835,4326075,80760
Brazil,2021-02-12,"Oxford/AstraZeneca, Sinovac",https://coronavirusbra1.github.io/,4696136,4586270,109866
Brazil,2021-02-13,"Oxford/AstraZeneca, Sinovac",https://coronavirusbra1.github.io/,5125206,4946738,178468
Brazil,2021-02-14,"Oxford/AstraZeneca, Sinovac",https://coronavirusbra1.github.io/,5236943,5042713,194230
Brazil,2021-02-15,"Oxford/AstraZeneca, Sinovac",https://coronavirusbra1.github.io/,5293979,5076110,217869
Brazil,2021-02-16,"Oxford/AstraZeneca, Sinovac",https://coronavirusbra1.github.io/,5609937,5324317,285620
Brazil,2021-02-17,"Oxford/AstraZeneca, Sinovac",https://coronavirusbra1.github.io/,5883539,5326007,557532
Brazil,2021-02-18,"Oxford/AstraZeneca, Sinovac",https://coronavirusbra1.github.io/,6206680,5482925,723755
Brazil,2021-02-19,"Oxford/AstraZeneca, Sinovac",https://coronavirusbra1.github.io/,6535156,5640483,894673
Brazil,2021-02-20,"Oxford/AstraZeneca, Sinovac",https://coronavirusbra1.github.io/,6813168,5756361,1056807
Brazil,2021-02-21,"Oxford/AstraZeneca, Sinovac",https://coronavirusbra1.github.io/,6950802,5817908,1132894
Brazil,2021-02-22,"Oxford/AstraZeneca, Sinovac",https://coronavirusbra1.github.io/,7028356,5857080,1171276
Brazil,2021-02-23,"Oxford/AstraZeneca, Sinovac",https://coronavirusbra1.github.io/,7297061,6002873,1294188
Brazil,2021-02-24,"Oxford/AstraZeneca, Sinovac",https://coronavirusbra1.github.io/,7551676,6116082,1435594
Brazil,2021-02-25,"Oxford/AstraZeneca, Sinovac",https://coronavirusbra1.github.io/,7799000,6202055,1596945
Brazil,2021-02-26,"Oxford/AstraZeneca, Sinovac",https://coronavirusbra1.github.io/,8101787,6346769,1755018
Brazil,2021-02-27,"Oxford/AstraZeneca, Sinovac",https://coronavirusbra1.github.io/,8322042,6437836,1884206
Brazil,2021-02-28,"Oxford/AstraZeneca, Sinovac",https://coronavirusbra1.github.io/,8433568,6518628,1914940
Brazil,2021-03-01,"Oxford/AstraZeneca, Sinovac",https://coronavirusbra1.github.io/,8465403,6542206,1923197
Brazil,2021-03-02,"Oxford/AstraZeneca, Sinovac",https://coronavirusbra1.github.io/,8841027,6806293,2034734
Brazil,2021-03-03,"Oxford/AstraZeneca, Sinovac",https://coronavirusbra1.github.io/,9277322,7114219,2163103
Brazil,2021-03-04,"Oxford/AstraZeneca, Sinovac",https://coronavirusbra1.github.io/,9739676,7417852,2321824
Brazil,2021-03-05,"Oxford/AstraZeneca, Sinovac",https://coronavirusbra1.github.io/,10169160,7701146,2468014
Brazil,2021-03-10,"Oxford/AstraZeneca, Sinovac",https://viz.saude.gov.br/extensions/DEMAS_C19Vacina/DEMAS_C19Vacina.html,10362487,7851531,2510956
Brazil,2021-03-11,"Oxford/AstraZeneca, Sinovac",https://viz.saude.gov.br/extensions/DEMAS_C19Vacina/DEMAS_C19Vacina.html,10740859,8092244,2648615
Brazil,2021-03-12,"Oxford/AstraZeneca, Sinovac",https://viz.saude.gov.br/extensions/DEMAS_C19Vacina/DEMAS_C19Vacina.html,11149530,8360366,2789164
Brazil,2021-03-13,"Oxford/AstraZeneca, Sinovac",https://viz.saude.gov.br/extensions/DEMAS_C19Vacina/DEMAS_C19Vacina.html,11362190,8512960,2849230
Brazil,2021-03-14,"Oxford/AstraZeneca, Sinovac",https://viz.saude.gov.br/extensions/DEMAS_C19Vacina/DEMAS_C19Vacina.html,11422666,8561847,2860819
Brazil,2021-03-15,"Oxford/AstraZeneca, Sinovac",https://viz.saude.gov.br/extensions/DEMAS_C19Vacina/DEMAS_C19Vacina.html,11895560,8919356,2976204
Brazil,2021-03-17,"Oxford/AstraZeneca, Sinovac",https://viz.saude.gov.br/extensions/DEMAS_C19Vacina/DEMAS_C19Vacina.html,12682290,9451188,3231102
Brazil,2021-03-18,"Oxford/AstraZeneca, Sinovac",https://viz.saude.gov.br/extensions/DEMAS_C19Vacina/DEMAS_C19Vacina.html,13013331,9709526,3303805
Brazil,2021-03-19,"Oxford/AstraZeneca, Sinovac",https://viz.saude.gov.br/extensions/DEMAS_C19Vacina/DEMAS_C19Vacina.html,13335728,9970231,3365497
Brazil,2021-03-20,"Oxford/AstraZeneca, Sinovac",https://viz.saude.gov.br/extensions/DEMAS_C19Vacina/DEMAS_C19Vacina.html,13479165,10099070,3380095
Brazil,2021-03-21,"Oxford/AstraZeneca, Sinovac",https://viz.saude.gov.br/extensions/DEMAS_C19Vacina/DEMAS_C19Vacina.html,13562176,10168973,3393203
Brazil,2021-03-22,"Oxford/AstraZeneca, Sinovac",https://viz.saude.gov.br/extensions/DEMAS_C19Vacina/DEMAS_C19Vacina.html,14116560,10609471,3507089
Brazil,2021-03-23,"Oxford/AstraZeneca, Sinovac",https://viz.saude.gov.br/extensions/DEMAS_C19Vacina/DEMAS_C19Vacina.html,15209201,11559487,3649714
Brazil,2021-03-24,"Oxford/AstraZeneca, Sinovac",https://viz.saude.gov.br/extensions/DEMAS_C19Vacina/DEMAS_C19Vacina.html,15943964,12148769,3795195
Brazil,2021-03-25,"Oxford/AstraZeneca, Sinovac",https://viz.saude.gov.br/extensions/DEMAS_C19Vacina/DEMAS_C19Vacina.html,16557071,12639545,3917526
Brazil,2021-03-26,"Oxford/AstraZeneca, Sinovac",https://viz.saude.gov.br/extensions/DEMAS_C19Vacina/DEMAS_C19Vacina.html,17032868,13053114,3979754
Brazil,2021-03-27,"Oxford/AstraZeneca, Sinovac",https://viz.saude.gov.br/extensions/DEMAS_C19Vacina/DEMAS_C19Vacina.html,17519083,13487207,4031876
Brazil,2021-03-28,"Oxford/AstraZeneca, Sinovac",https://viz.saude.gov.br/extensions/DEMAS_C19Vacina/DEMAS_C19Vacina.html,17706983,13659406,4047577
Brazil,2021-03-29,"Oxford/AstraZeneca, Sinovac",https://viz.saude.gov.br/extensions/DEMAS_C19Vacina/DEMAS_C19Vacina.html,18082153,13988029,4094124
Brazil,2021-03-30,"Oxford/AstraZeneca, Sinovac",https://viz.saude.gov.br/extensions/DEMAS_C19Vacina/DEMAS_C19Vacina.html,18222559,14112509,4110050
Brazil,2021-03-31,"Oxford/AstraZeneca, Sinovac",https://viz.saude.gov.br/extensions/DEMAS_C19Vacina/DEMAS_C19Vacina.html,19155981,14921376,4234605
Brazil,2021-04-02,"Oxford/AstraZeneca, Sinovac",https://viz.saude.gov.br/extensions/DEMAS_C19Vacina/DEMAS_C19Vacina.html,20632877,16099532,4533345
Brazil,2021-04-03,"Oxford/AstraZeneca, Sinovac",https://viz.saude.gov.br/extensions/DEMAS_C19Vacina/DEMAS_C19Vacina.html,20956770,16377083,4579687
Brazil,2021-04-04,"Oxford/AstraZeneca, Sinovac",https://viz.saude.gov.br/extensions/DEMAS_C19Vacina/DEMAS_C19Vacina.html,21070128,16472281,4597847
Brazil,2021-04-05,"Oxford/AstraZeneca, Sinovac",https://viz.saude.gov.br/extensions/DEMAS_C19Vacina/DEMAS_C19Vacina.html,21960953,17128933,4832020
Brazil,2021-04-06,"Oxford/AstraZeneca, Sinovac",https://viz.saude.gov.br/extensions/DEMAS_C19Vacina/DEMAS_C19Vacina.html,22850791,17791338,5059453
Brazil,2021-04-07,"Oxford/AstraZeneca, Sinovac",https://viz.saude.gov.br/extensions/DEMAS_C19Vacina/DEMAS_C19Vacina.html,24197996,18859274,5338722
Brazil,2021-04-08,"Oxford/AstraZeneca, Sinovac",https://viz.saude.gov.br/extensions/DEMAS_C19Vacina/DEMAS_C19Vacina.html,24981199,19386057,5595142
Brazil,2021-04-09,"Oxford/AstraZeneca, Sinovac",https://viz.saude.gov.br/extensions/DEMAS_C19Vacina/DEMAS_C19Vacina.html,25735314,19886870,5848444
Brazil,2021-04-10,"Oxford/AstraZeneca, Sinovac",https://viz.saude.gov.br/extensions/DEMAS_C19Vacina/DEMAS_C19Vacina.html,26548845,20513828,6035017
Brazil,2021-04-11,"Oxford/AstraZeneca, Sinovac",https://viz.saude.gov.br/extensions/DEMAS_C19Vacina/DEMAS_C19Vacina.html,26741261,20654434,6086827
Brazil,2021-04-12,"Oxford/AstraZeneca, Sinovac",https://viz.saude.gov.br/extensions/DEMAS_C19Vacina/DEMAS_C19Vacina.html,27432994,21080623,6352371
Brazil,2021-04-13,"Oxford/AstraZeneca, Sinovac",https://viz.saude.gov.br/extensions/DEMAS_C19Vacina/DEMAS_C19Vacina.html,30801723,23602070,7199653
Brazil,2021-04-14,"Oxford/AstraZeneca, Sinovac",https://viz.saude.gov.br/extensions/DEMAS_C19Vacina/DEMAS_C19Vacina.html,31703967,24197321,7506646
Brazil,2021-04-18,"Oxford/AstraZeneca, Sinovac",https://qsprod.saude.gov.br/extensions/DEMAS_C19Vacina/DEMAS_C19Vacina.html,32947066,24350046,8597020
Brazil,2021-04-19,"Oxford/AstraZeneca, Sinovac",https://qsprod.saude.gov.br/extensions/DEMAS_C19Vacina/DEMAS_C19Vacina.html,33755229,24776701,8978528
Brazil,2021-04-20,"Oxford/AstraZeneca, Sinovac",https://qsprod.saude.gov.br/extensions/DEMAS_C19Vacina/DEMAS_C19Vacina.html,33807132,24805515,9001617
Brazil,2021-04-21,"Oxford/AstraZeneca, Sinovac",https://qsprod.saude.gov.br/extensions/DEMAS_C19Vacina/DEMAS_C19Vacina.html,34058640,24918188,9140452
Brazil,2021-04-22,"Oxford/AstraZeneca, Sinovac",https://qsprod.saude.gov.br/extensions/DEMAS_C19Vacina/DEMAS_C19Vacina.html,35024957,25340967,9683990
Brazil,2021-04-23,"Oxford/AstraZeneca, Sinovac",https://qsprod.saude.gov.br/extensions/DEMAS_C19Vacina/DEMAS_C19Vacina.html,37112833,26398005,10714828
Brazil,2021-04-24,"Oxford/AstraZeneca, Sinovac",https://qsprod.saude.gov.br/extensions/DEMAS_C19Vacina/DEMAS_C19Vacina.html,37730651,26687711,11042940
Brazil,2021-04-25,"Oxford/AstraZeneca, Sinovac",https://qsprod.saude.gov.br/extensions/DEMAS_C19Vacina/DEMAS_C19Vacina.html,38027113,26873143,11153970
Brazil,2021-04-26,"Oxford/AstraZeneca, Sinovac",https://qsprod.saude.gov.br/extensions/DEMAS_C19Vacina/DEMAS_C19Vacina.html,38986878,27345796,11641082
Brazil,2021-04-27,"Oxford/AstraZeneca, Sinovac",https://qsprod.saude.gov.br/extensions/DEMAS_C19Vacina/DEMAS_C19Vacina.html,40168799,27920546,12248253
Brazil,2021-04-28,"Oxford/AstraZeneca, Sinovac",https://qsprod.saude.gov.br/extensions/DEMAS_C19Vacina/DEMAS_C19Vacina.html,41003659,28312000,12691659
Brazil,2021-04-29,"Oxford/AstraZeneca, Sinovac",https://qsprod.saude.gov.br/extensions/DEMAS_C19Vacina/DEMAS_C19Vacina.html,41989957,28778338,13211619
Brazil,2021-04-30,"Oxford/AstraZeneca, Sinovac",https://qsprod.saude.gov.br/extensions/DEMAS_C19Vacina/DEMAS_C19Vacina.html,42698862,29149512,13549350
Brazil,2021-05-01,"Oxford/AstraZeneca, Sinovac",https://qsprod.saude.gov.br/extensions/DEMAS_C19Vacina/DEMAS_C19Vacina.html,43036179,29336953,13699226
Brazil,2021-05-02,"Oxford/AstraZeneca, Sinovac",https://qsprod.saude.gov.br/extensions/DEMAS_C19Vacina/DEMAS_C19Vacina.html,43173356,29421191,13752165
Brazil,2021-05-03,"Oxford/AstraZeneca, Sinovac",https://qsprod.saude.gov.br/extensions/DEMAS_C19Vacina/DEMAS_C19Vacina.html,43962159,29865013,14097146
Brazil,2021-05-04,"Oxford/AstraZeneca, Sinovac",https://qsprod.saude.gov.br/extensions/DEMAS_C19Vacina/DEMAS_C19Vacina.html,45273825,30658945,14614880
Brazil,2021-05-05,"Oxford/AstraZeneca, Sinovac",https://qsprod.saude.gov.br/extensions/DEMAS_C19Vacina/DEMAS_C19Vacina.html,46185689,31265483,14920206
Brazil,2021-05-06,"Oxford/AstraZeneca, Sinovac",https://qsprod.saude.gov.br/extensions/DEMAS_C19Vacina/DEMAS_C19Vacina.html,46542392,31504414,15037978
Brazil,2021-05-07,"Pfizer/BioNTech, Oxford/AstraZeneca, Sinovac",https://qsprod.saude.gov.br/extensions/DEMAS_C19Vacina/DEMAS_C19Vacina.html,46875460,31722544,15152916
Brazil,2021-05-10,"Pfizer/BioNTech, Oxford/AstraZeneca, Sinovac",https://qsprod.saude.gov.br/extensions/DEMAS_C19Vacina/DEMAS_C19Vacina.html,47365348,32101075,15264273
Brazil,2021-05-11,"Pfizer/BioNTech, Oxford/AstraZeneca, Sinovac",https://qsprod.saude.gov.br/extensions/DEMAS_C19Vacina/DEMAS_C19Vacina.html,48193472,32647725,15545747
Brazil,2021-05-12,"Pfizer/BioNTech, Oxford/AstraZeneca, Sinovac",https://qsprod.saude.gov.br/extensions/DEMAS_C19Vacina/DEMAS_C19Vacina.html,49188608,33332789,15855819
Brazil,2021-05-13,"Pfizer/BioNTech, Oxford/AstraZeneca, Sinovac",https://qsprod.saude.gov.br/extensions/DEMAS_C19Vacina/DEMAS_C19Vacina.html,50308106,34092728,16215378
Brazil,2021-05-14,"Pfizer/BioNTech, Oxford/AstraZeneca, Sinovac",https://qsprod.saude.gov.br/extensions/DEMAS_C19Vacina/DEMAS_C19Vacina.html,52093242,35383566,16709676
Brazil,2021-05-15,"Pfizer/BioNTech, Oxford/AstraZeneca, Sinovac",https://qsprod.saude.gov.br/extensions/DEMAS_C19Vacina/DEMAS_C19Vacina.html,52641583,35731848,16909735
Brazil,2021-05-16,"Pfizer/BioNTech, Oxford/AstraZeneca, Sinovac",https://qsprod.saude.gov.br/extensions/DEMAS_C19Vacina/DEMAS_C19Vacina.html,52771668,35801333,16970335
Brazil,2021-05-17,"Pfizer/BioNTech, Oxford/AstraZeneca, Sinovac",https://qsprod.saude.gov.br/extensions/DEMAS_C19Vacina/DEMAS_C19Vacina.html,53624328,36355939,17268389
Brazil,2021-05-18,"Pfizer/BioNTech, Oxford/AstraZeneca, Sinovac",https://qsprod.saude.gov.br/extensions/DEMAS_C19Vacina/DEMAS_C19Vacina.html,54332240,36844286,17487954
Brazil,2021-05-19,"Pfizer/BioNTech, Oxford/AstraZeneca, Sinovac",https://qsprod.saude.gov.br/extensions/DEMAS_C19Vacina/DEMAS_C19Vacina.html,55098913,37376193,17722720
Brazil,2021-05-20,"Pfizer/BioNTech, Oxford/AstraZeneca, Sinovac",https://qsprod.saude.gov.br/extensions/DEMAS_C19Vacina/DEMAS_C19Vacina.html,55960152,37937840,18022312
Brazil,2021-05-25,"Pfizer/BioNTech, Oxford/AstraZeneca, Sinovac",https://qsprod.saude.gov.br/extensions/DEMAS_C19Vacina/DEMAS_C19Vacina.html,63740557,42702699,21037858
Brazil,2021-05-26,"Pfizer/BioNTech, Oxford/AstraZeneca, Sinovac",https://qsprod.saude.gov.br/extensions/DEMAS_C19Vacina/DEMAS_C19Vacina.html,64568609,43239648,21328961
Brazil,2021-05-27,"Pfizer/BioNTech, Oxford/AstraZeneca, Sinovac",https://qsprod.saude.gov.br/extensions/DEMAS_C19Vacina/DEMAS_C19Vacina.html,65268576,43727936,21540640
Brazil,2021-05-28,"Pfizer/BioNTech, Oxford/AstraZeneca, Sinovac",https://qsprod.saude.gov.br/extensions/DEMAS_C19Vacina/DEMAS_C19Vacina.html,66432341,44564785,21867556
Brazil,2021-05-29,"Pfizer/BioNTech, Oxford/AstraZeneca, Sinovac",https://qsprod.saude.gov.br/extensions/DEMAS_C19Vacina/DEMAS_C19Vacina.html,66934363,44956732,21977631
Brazil,2021-05-30,"Pfizer/BioNTech, Oxford/AstraZeneca, Sinovac",https://qsprod.saude.gov.br/extensions/DEMAS_C19Vacina/DEMAS_C19Vacina.html,67088046,45079934,22008112
Brazil,2021-05-31,"Pfizer/BioNTech, Oxford/AstraZeneca, Sinovac",https://qsprod.saude.gov.br/extensions/DEMAS_C19Vacina/DEMAS_C19Vacina.html,67482730,45376214,22106516
Brazil,2021-06-01,"Pfizer/BioNTech, Oxford/AstraZeneca, Sinovac",https://qsprod.saude.gov.br/extensions/DEMAS_C19Vacina/DEMAS_C19Vacina.html,68244216,45940210,22304006
Brazil,2021-06-02,"Pfizer/BioNTech, Oxford/AstraZeneca, Sinovac",https://qsprod.saude.gov.br/extensions/DEMAS_C19Vacina/DEMAS_C19Vacina.html,68919860,46498375,22421485
Brazil,2021-06-03,"Pfizer/BioNTech, Oxford/AstraZeneca, Sinovac",https://qsprod.saude.gov.br/extensions/DEMAS_C19Vacina/DEMAS_C19Vacina.html,70330300,47636424,22693876
Brazil,2021-06-04,"Pfizer/BioNTech, Oxford/AstraZeneca, Sinovac",https://qsprod.saude.gov.br/extensions/DEMAS_C19Vacina/DEMAS_C19Vacina.html,70743531,48007886,22735645
Brazil,2021-06-05,"Pfizer/BioNTech, Oxford/AstraZeneca, Sinovac",https://qsprod.saude.gov.br/extensions/DEMAS_C19Vacina/DEMAS_C19Vacina.html,71429257,48576572,22852685
Brazil,2021-06-06,"Pfizer/BioNTech, Oxford/AstraZeneca, Sinovac",https://qsprod.saude.gov.br/extensions/DEMAS_C19Vacina/DEMAS_C19Vacina.html,71691137,48802098,22889039
Brazil,2021-06-09,"Pfizer/BioNTech, Oxford/AstraZeneca, Sinovac",https://qsprod.saude.gov.br/extensions/DEMAS_C19Vacina/DEMAS_C19Vacina.html,74812794,51465240,23347554
Brazil,2021-06-10,"Pfizer/BioNTech, Oxford/AstraZeneca, Sinovac",https://qsprod.saude.gov.br/extensions/DEMAS_C19Vacina/DEMAS_C19Vacina.html,75890097,52429219,23460878
Brazil,2021-06-11,"Pfizer/BioNTech, Oxford/AstraZeneca, Sinovac",https://qsprod.saude.gov.br/extensions/DEMAS_C19Vacina/DEMAS_C19Vacina.html,76758587,53224020,23534567
Brazil,2021-06-13,"Pfizer/BioNTech, Oxford/AstraZeneca, Sinovac",https://qsprod.saude.gov.br/extensions/DEMAS_C19Vacina/DEMAS_C19Vacina.html,78133938,54489914,23644024
Brazil,2021-06-14,"Pfizer/BioNTech, Oxford/AstraZeneca, Sinovac",https://qsprod.saude.gov.br/extensions/DEMAS_C19Vacina/DEMAS_C19Vacina.html,78906225,55226467,23679758
Brazil,2021-06-15,"Pfizer/BioNTech, Oxford/AstraZeneca, Sinovac",https://qsprod.saude.gov.br/extensions/DEMAS_C19Vacina/DEMAS_C19Vacina.html,80268207,56479200,23789007
Brazil,2021-06-16,"Pfizer/BioNTech, Oxford/AstraZeneca, Sinovac",https://qsprod.saude.gov.br/extensions/DEMAS_C19Vacina/DEMAS_C19Vacina.html,81540602,57676179,23864423
Brazil,2021-06-17,"Pfizer/BioNTech, Oxford/AstraZeneca, Sinovac",https://qsprod.saude.gov.br/extensions/DEMAS_C19Vacina/DEMAS_C19Vacina.html,84102155,60066656,24035499
Brazil,2021-06-18,"Pfizer/BioNTech, Oxford/AstraZeneca, Sinovac",https://qsprod.saude.gov.br/extensions/DEMAS_C19Vacina/DEMAS_C19Vacina.html,85390996,61270446,24120550
Brazil,2021-06-19,"Pfizer/BioNTech, Oxford/AstraZeneca, Sinovac",https://qsprod.saude.gov.br/extensions/DEMAS_C19Vacina/DEMAS_C19Vacina.html,86475842,62276105,24199737
Brazil,2021-06-20,"Pfizer/BioNTech, Oxford/AstraZeneca, Sinovac",https://qsprod.saude.gov.br/extensions/DEMAS_C19Vacina/DEMAS_C19Vacina.html,86960570,62741992,24218578
Brazil,2021-06-21,"Pfizer/BioNTech, Oxford/AstraZeneca, Sinovac",https://qsprod.saude.gov.br/extensions/DEMAS_C19Vacina/DEMAS_C19Vacina.html,88353063,64034871,24318192
Brazil,2021-06-22,"Pfizer/BioNTech, Oxford/AstraZeneca, Sinovac",https://qsprod.saude.gov.br/extensions/DEMAS_C19Vacina/DEMAS_C19Vacina.html,90077011,,
Brazil,2021-06-23,"Pfizer/BioNTech, Oxford/AstraZeneca, Sinovac",https://qsprod.saude.gov.br/extensions/DEMAS_C19Vacina/DEMAS_C19Vacina.html,91593968,67005097,24588871
Brazil,2021-06-24,"Pfizer/BioNTech, Oxford/AstraZeneca, Sinovac",https://qsprod.saude.gov.br/extensions/DEMAS_C19Vacina/DEMAS_C19Vacina.html,92917274,68185022,24732252
Brazil,2021-06-27,"Pfizer/BioNTech, Oxford/AstraZeneca, Sinovac",https://qsprod.saude.gov.br/extensions/DEMAS_C19Vacina/DEMAS_C19Vacina.html,96804664,71206835,25597829
Brazil,2021-06-28,"Pfizer/BioNTech, Oxford/AstraZeneca, Sinovac",https://qsprod.saude.gov.br/extensions/DEMAS_C19Vacina/DEMAS_C19Vacina.html,96913929,71291563,25622366
Brazil,2021-06-29,"Pfizer/BioNTech, Oxford/AstraZeneca, Sinovac",https://qsprod.saude.gov.br/extensions/DEMAS_C19Vacina/DEMAS_C19Vacina.html,98827485,72722360,26105125
Brazil,2021-07-01,"Pfizer/BioNTech, Oxford/AstraZeneca, Sinovac",https://qsprod.saude.gov.br/extensions/DEMAS_C19Vacina/DEMAS_C19Vacina.html,102780096,75783345,26996751
Brazil,2021-07-04,"Pfizer/BioNTech, Oxford/AstraZeneca, Sinovac",https://qsprod.saude.gov.br/extensions/DEMAS_C19Vacina/DEMAS_C19Vacina.html,105301611,77653882,27647729
Brazil,2021-07-05,"Pfizer/BioNTech, Oxford/AstraZeneca, Sinovac",https://qsprod.saude.gov.br/extensions/DEMAS_C19Vacina/DEMAS_C19Vacina.html,106909223,78950076,27959147
Brazil,2021-07-06,"Pfizer/BioNTech, Oxford/AstraZeneca, Sinovac",https://qsprod.saude.gov.br/extensions/DEMAS_C19Vacina/DEMAS_C19Vacina.html,107628177,79467536,28160641
Brazil,2021-07-07,"Pfizer/BioNTech, Oxford/AstraZeneca, Sinovac",https://qsprod.saude.gov.br/extensions/DEMAS_C19Vacina/DEMAS_C19Vacina.html,110101829,81134483,28967346
Brazil,2021-07-08,"Pfizer/BioNTech, Oxford/AstraZeneca, Sinovac",https://qsprod.saude.gov.br/extensions/DEMAS_C19Vacina/DEMAS_C19Vacina.html,111477691,83713097,29493829
Brazil,2021-07-09,"Pfizer/BioNTech, Oxford/AstraZeneca, Sinovac",https://qsprod.saude.gov.br/extensions/DEMAS_C19Vacina/DEMAS_C19Vacina.html,112774302,85201397,29901792
Brazil,2021-07-11,"Pfizer/BioNTech, Oxford/AstraZeneca, Sinovac",https://qsprod.saude.gov.br/extensions/DEMAS_C19Vacina/DEMAS_C19Vacina.html,114456183,86797811,30551564
