location,date,vaccine,source_url,total_vaccinations,people_vaccinated,people_fully_vaccinated
Brunei,2021-04-02,"Oxford/AstraZeneca, Sinopharm/Beijing",http://www.moh.gov.bn/_layouts/15/listform.aspx?PageType=4&ListId=%7B860DABF4%2DC2B5%2D429F%2D9F2C%2DD1CF1A32C63B%7D&ID=828&ContentTypeID=0x0104009A3003A09F8D6E42981D262E322516A2,0,0,0
Brunei,2021-04-03,"Oxford/AstraZeneca, Sinopharm/Beijing",https://www.facebook.com/MOHBrunei/photos/pcb.3670823869712619/3670823776379295/,754,754,0
Brunei,2021-04-04,"Oxford/AstraZeneca, Sinopharm/Beijing",https://www.facebook.com/MOHBrunei/photos/a.1164129587048739/3673044196157253/,822,822,0
Brunei,2021-04-05,"Oxford/AstraZeneca, Sinopharm/Beijing",https://www.facebook.com/MOHBrunei/photos/a.1164129587048739/3676033425858330/,1214,1214,0
Brunei,2021-04-06,"Oxford/AstraZeneca, Sinopharm/Beijing",https://www.facebook.com/MOHBrunei/photos/pcb.3681539291974410/3681539185307754/,2560,2560,0
Brunei,2021-04-07,"Oxford/AstraZeneca, Sinopharm/Beijing",https://www.facebook.com/MOHBrunei/photos/pcb.3684328621695477/3684328538362152/,3194,3194,0
Brunei,2021-04-08,"Oxford/AstraZeneca, Sinopharm/Beijing",https://www.facebook.com/MOHBrunei/photos/pcb.3687315068063499/3687314964730176/,4026,4026,0
Brunei,2021-04-09,"Oxford/AstraZeneca, Sinopharm/Beijing",https://www.facebook.com/MOHBrunei/photos/pcb.3690334957761510/3690334837761522/,4341,4341,0
Brunei,2021-04-10,"Oxford/AstraZeneca, Sinopharm/Beijing",https://www.facebook.com/MOHBrunei/photos/pcb.3693100984151574/3693100934151579/,5028,5028,0
Brunei,2021-04-11,"Oxford/AstraZeneca, Sinopharm/Beijing",https://www.facebook.com/MOHBrunei/photos/pcb.3696005323861140/3696005267194479/,5145,5145,0
Brunei,2021-04-12,"Oxford/AstraZeneca, Sinopharm/Beijing",https://www.facebook.com/MOHBrunei/photos/pcb.3699239513537721/3699239453537727/,6090,6090,0
Brunei,2021-04-13,"Oxford/AstraZeneca, Sinopharm/Beijing",https://www.facebook.com/MOHBrunei/photos/pcb.3701756136619392/3701756073286065/,6638,6638,0
Brunei,2021-04-14,"Oxford/AstraZeneca, Sinopharm/Beijing",https://www.facebook.com/MOHBrunei/photos/pcb.3704592256335780/3704592203002452/,6701,6701,0
Brunei,2021-04-15,"Oxford/AstraZeneca, Sinopharm/Beijing",https://www.facebook.com/MOHBrunei/photos/pcb.3707434036051602/3707433972718275/,7503,7503,0
Brunei,2021-04-16,"Oxford/AstraZeneca, Sinopharm/Beijing",https://www.facebook.com/MOHBrunei/photos/pcb.3710221039106235/3710220909106248/,7725,7725,0
Brunei,2021-04-17,"Oxford/AstraZeneca, Sinopharm/Beijing",https://www.facebook.com/MOHBrunei/photos/pcb.3712979248830414/3712979122163760/,8454,8454,0
Brunei,2021-04-19,"Oxford/AstraZeneca, Sinopharm/Beijing",https://www.facebook.com/MOHBrunei/photos/pcb.3718513091610363/3718513034943702/,9099,9099,0
Brunei,2021-04-20,"Oxford/AstraZeneca, Sinopharm/Beijing",https://www.facebook.com/MOHBrunei/photos/pcb.3721913397936999/3721913311270341/,9861,9861,0
Brunei,2021-04-21,"Oxford/AstraZeneca, Sinopharm/Beijing",https://www.facebook.com/MOHBrunei/photos/pcb.3724004604394545/3724004521061220/,10715,10715,0
Brunei,2021-04-22,"Oxford/AstraZeneca, Sinopharm/Beijing",https://www.facebook.com/MOHBrunei/photos/pcb.3726685927459746/3726685844126421/,11506,11506,0
Brunei,2021-04-24,"Oxford/AstraZeneca, Sinopharm/Beijing",https://www.facebook.com/MOHBrunei/photos/pcb.3732716360190036/3732716233523382/,12324,12324,0
Brunei,2021-04-26,"Oxford/AstraZeneca, Sinopharm/Beijing",https://www.facebook.com/MOHBrunei/photos/pcb.3738188632976142/3738188556309483/,12947,12842,105
Brunei,2021-04-27,"Oxford/AstraZeneca, Sinopharm/Beijing",https://www.facebook.com/MOHBrunei/photos/pcb.3740688562726149/3740688449392827/,13485,13363,122
Brunei,2021-04-28,"Oxford/AstraZeneca, Sinopharm/Beijing",https://www.facebook.com/MOHBrunei/photos/pcb.3743629905765348/3743629812432024,14126,13898,228
Brunei,2021-04-29,"Oxford/AstraZeneca, Sinopharm/Beijing",https://www.facebook.com/MOHBrunei/photos/pcb.3746715075456831/3746714992123506/,14876,14526,350
Brunei,2021-05-03,"Oxford/AstraZeneca, Sinopharm/Beijing",https://www.facebook.com/MOHBrunei/photos/pcb.3758010160993989/3758010097660662/,15905,15043,862
Brunei,2021-05-04,"Oxford/AstraZeneca, Sinopharm/Beijing",https://www.facebook.com/MOHBrunei/photos/pcb.3760368120758193/3760368017424870/,16632,15441,1191
Brunei,2021-05-05,"Oxford/AstraZeneca, Sinopharm/Beijing",https://www.facebook.com/MOHBrunei/photos/pcb.3762975650497440/3762975573830781/,17776,15989,1787
Brunei,2021-05-06,"Oxford/AstraZeneca, Sinopharm/Beijing",https://www.facebook.com/MOHBrunei/photos/pcb.3766212690173736/3766212606840411/,19163,16764,2399
Brunei,2021-05-08,"Oxford/AstraZeneca, Sinopharm/Beijing",https://www.facebook.com/MOHBrunei/photos/pcb.3772267139568291/3772267056234966/,20990,17811,3179
Brunei,2021-05-09,"Oxford/AstraZeneca, Sinopharm/Beijing",https://www.facebook.com/MOHBrunei/photos/pcb.3775536689241336/3775536605908011/,21030,17811,3219
Brunei,2021-05-10,"Oxford/AstraZeneca, Sinopharm/Beijing",https://www.facebook.com/MOHBrunei/photos/pcb.3778552645606407/3778552568939748/,23188,19108,4080
Brunei,2021-05-11,"Oxford/AstraZeneca, Sinopharm/Beijing",https://www.facebook.com/MOHBrunei/photos/pcb.3781677158627289/3781677068627298/,25065,20218,4847
Brunei,2021-05-18,"Oxford/AstraZeneca, Sinopharm/Beijing",https://borneobulletin.com.bn/28k-vaccinated-brunei-2/,28051,22252,5799
Brunei,2021-05-21,"Oxford/AstraZeneca, Sinopharm/Beijing",https://www.facebook.com/MOHBrunei/photos/pcb.3811450788983259/3811450715649933/,33305,25032,8273
Brunei,2021-05-22,"Oxford/AstraZeneca, Sinopharm/Beijing",https://www.facebook.com/MOHBrunei/photos/pcb.3814670618661276/3814670521994619/,35946,27233,8713
Brunei,2021-05-23,"Oxford/AstraZeneca, Sinopharm/Beijing",https://www.facebook.com/MOHBrunei/photos/pcb.3817459538382384/3817459458382392/,35946,27233,8713
Brunei,2021-05-24,"Oxford/AstraZeneca, Sinopharm/Beijing",https://www.facebook.com/MOHBrunei/photos/pcb.3820028301458841/3820028211458850/,38964,29633,9331
Brunei,2021-05-25,"Oxford/AstraZeneca, Sinopharm/Beijing",https://www.facebook.com/MOHBrunei/photos/pcb.3823240141137657/3823240077804330/,42146,32247,9899
Brunei,2021-05-26,"Oxford/AstraZeneca, Sinopharm/Beijing",https://www.facebook.com/MOHBrunei/photos/pcb.3826323974162607/3826323860829285/,45802,35308,10494
Brunei,2021-05-27,"Oxford/AstraZeneca, Sinopharm/Beijing",https://www.facebook.com/MOHBrunei/photos/pcb.3829618307166507/3829618203833184/,49371,38422,10949
Brunei,2021-05-28,"Oxford/AstraZeneca, Sinopharm/Beijing",https://www.facebook.com/MOHBrunei/photos/pcb.3832327713562233/3832327630228908/,49425,38458,10967
Brunei,2021-05-29,"Oxford/AstraZeneca, Sinopharm/Beijing",https://borneobulletin.com.bn/over-52k-people-vaccinated-in-brunei/,52775,41655,11120
Brunei,2021-06-02,"Oxford/AstraZeneca, Sinopharm/Beijing",https://www.facebook.com/MOHBrunei/photos/pcb.3848372665291071/3848372555291082,55085,43779,11306
Brunei,2021-06-07,"Oxford/AstraZeneca, Sinopharm/Beijing",https://www.facebook.com/MOHBrunei/photos/a.1164129587048739/3860866387375032/,58450,47040,11410
Brunei,2021-06-09,"Oxford/AstraZeneca, Sinopharm/Beijing",https://www.facebook.com/MOHBrunei/photos/pcb.3866198390175165/3866198296841841/,60156,48719,11437
Brunei,2021-06-10,"Oxford/AstraZeneca, Sinopharm/Beijing",https://www.facebook.com/MOHBrunei/photos/pcb.3868598916601779/3868598833268454/,61225,49763,11462
Brunei,2021-06-11,"Oxford/AstraZeneca, Sinopharm/Beijing",https://www.facebook.com/MOHBrunei/photos/pcb.3871629499632054/3871629392965398/,61289,49825,11464
Brunei,2021-06-13,"Oxford/AstraZeneca, Sinopharm/Beijing",https://www.facebook.com/MOHBrunei/photos/pcb.3874092836052387/3874092792719058,62343,50846,11497
Brunei,2021-06-14,"Oxford/AstraZeneca, Sinopharm/Beijing",https://www.facebook.com/MOHBrunei/photos/pcb.3879112282217109/3879112222217115/,63486,51908,11578
Brunei,2021-06-17,"Oxford/AstraZeneca, Sinopharm/Beijing",https://www.facebook.com/MOHBrunei/photos/pcb.3887126618082342/3887126594749011/,65972,54164,11808
Brunei,2021-06-18,"Oxford/AstraZeneca, Sinopharm/Beijing",https://www.facebook.com/MOHBrunei/photos/pcb.3889829437812060/3889829384478732/,66038,54222,11816
Brunei,2021-06-19,"Oxford/AstraZeneca, Sinopharm/Beijing",https://www.facebook.com/MOHBrunei/photos/pcb.3892198150908522/3892198100908527/,66972,55005,11967
Brunei,2021-06-21,"Oxford/AstraZeneca, Sinopharm/Beijing",https://www.facebook.com/MOHBrunei/photos/a.1164129587048739/3900313690096968/,69877,57353,12524
Brunei,2021-06-26,"Oxford/AstraZeneca, Sinopharm/Beijing",https://www.facebook.com/MOHBrunei/photos/a.742776819184020/3911195012342169/,76471,63432,13039
Brunei,2021-06-28,"Oxford/AstraZeneca, Sinopharm/Beijing",https://www.facebook.com/MOHBrunei/photos/pcb.3917068565088147/3917068455088158,79554,66091,13463
Brunei,2021-06-29,"Oxford/AstraZeneca, Sinopharm/Beijing",https://www.facebook.com/MOHBrunei/photos/a.742776819184020/3919635201498150/,82193,67828,14365
Brunei,2021-06-30,"Oxford/AstraZeneca, Sinopharm/Beijing",https://www.facebook.com/MOHBrunei/photos/a.742776819184020/3922059321255738/,84458,69737,14721
Brunei,2021-07-01,"Oxford/AstraZeneca, Sinopharm/Beijing",https://www.facebook.com/MOHBrunei/photos/a.742776819184020/3924868687641468/,87409,72300,15109
Brunei,2021-07-02,"Oxford/AstraZeneca, Sinopharm/Beijing",https://www.facebook.com/MOHBrunei/posts/3928024120659258,87792,72680,15112
Brunei,2021-07-03,"Oxford/AstraZeneca, Sinopharm/Beijing",https://www.facebook.com/MOHBrunei/photos/a.742776819184020/3930457270415943/,91146,75584,15562
Brunei,2021-07-04,"Oxford/AstraZeneca, Sinopharm/Beijing",https://www.facebook.com/MOHBrunei/photos/a.742776819184020/3933340150127655/,92295,76733,15562
Brunei,2021-07-05,"Oxford/AstraZeneca, Sinopharm/Beijing",https://www.facebook.com/MOHBrunei/photos/a.1164129587048739/3936005406527796/,96017,80057,15960
Brunei,2021-07-06,"Oxford/AstraZeneca, Sinopharm/Beijing",https://www.facebook.com/MOHBrunei/photos/a.1164129587048739/3938665439595126/,99795,83545,16250
Brunei,2021-07-07,"Oxford/AstraZeneca, Sinopharm/Beijing",https://www.facebook.com/MOHBrunei/photos/a.742776819184020/3941950449266625/,103633,87033,16600
Brunei,2021-07-08,"Oxford/AstraZeneca, Sinopharm/Beijing",https://www.facebook.com/MOHBrunei/photos/a.1164129587048739/3944446259017044/,107767,90500,17267
Brunei,2021-07-09,"Oxford/AstraZeneca, Sinopharm/Beijing",https://www.facebook.com/MOHBrunei/photos/pcb.3947356578726012/3947356482059355,108457,91140,17317
