location,date,vaccine,source_url,total_vaccinations,people_vaccinated,people_fully_vaccinated
El Salvador,2021-02-17,Oxford/AstraZeneca,https://www.laprensagrafica.com/elsalvador/Vacuna-contra-covid-Unas-6-mil-dosis-han-sido-aplicadas-en-cinco-dias-dice-Gobierno-20210222-0043.html,0,0,
El Salvador,2021-02-22,Oxford/AstraZeneca,https://www.laprensagrafica.com/elsalvador/Vacuna-contra-covid-Unas-6-mil-dosis-han-sido-aplicadas-en-cinco-dias-dice-Gobierno-20210222-0043.html,6000,6000,
El Salvador,2021-02-25,Oxford/AstraZeneca,https://www.presidencia.gob.sv/gobierno-ya-aplico-16000-vacunas-anti-covid-19-al-personal-de-salud-de-primera-linea-publica-y-privada/,16000,16000,
El Salvador,2021-03-14,Oxford/AstraZeneca,https://www.elsalvadoreño.com/elsalvador/25000-profesionales-de-salud-han-sido-vacunados-a-la-fecha-en-el-salvador/,25000,25000,
El Salvador,2021-03-17,Oxford/AstraZeneca,https://twitter.com/ComunicacionSV/status/1372275251703394307,36000,36000,
El Salvador,2021-03-18,Oxford/AstraZeneca,https://forbescentroamerica.com/2021/03/18/el-salvador-ha-aplicado-mas-de-41500-vacunas-al-mes-de-su-llegada/?fbclid=IwAR2war01Oupvb_G8LSfYo5zcOllAZDFle2rzLtO64RS2lsnc3wTMYD6rKpw,41512,41512,
El Salvador,2021-03-21,Oxford/AstraZeneca,https://www.laprensagrafica.com/covid-19/El-Salvador-lleva-mas-49000-vacunas-aplicadas-contra-covid-19-20210321-0022.html,49000,49000,
El Salvador,2021-03-28,"Oxford/AstraZeneca, Pfizer/BioNTech",https://lapagina.com.sv/nacionales/minsal-ha-aplicado-70000-vacunas-contra-el-covid-19-hasta-este-momento/,70000,70000,
El Salvador,2021-03-31,"Oxford/AstraZeneca, Pfizer/BioNTech",https://twitter.com/FranAlabi/status/1377234880074035201,99855,99855,
El Salvador,2021-04-01,"Oxford/AstraZeneca, Pfizer/BioNTech",https://diarioelsalvador.com/120476-vacunas-contra-la-covid-19-han-sido-aplicadas-desde-el-inicio-de-las-jornadas-de-inmunizacion-en-el-salvador/59690/,120476,120476,
El Salvador,2021-04-02,"Oxford/AstraZeneca, Pfizer/BioNTech",https://www.presidencia.gob.sv/gobierno-de-la-republica-eleva-la-cantidad-de-aplicaciones-diarias-de-vacunas-contra-el-covid-19/,133330,133330,
El Salvador,2021-04-07,"Oxford/AstraZeneca, Pfizer/BioNTech, Sinovac",https://www.elsalvador.com/eldiariodehoy/ministerio-de-salud-vacunara-contra-covid-19-dos-millones-personas-en-segunda-fase/825173/2021/,160000,160000,
El Salvador,2021-04-09,"Oxford/AstraZeneca, Pfizer/BioNTech, Sinovac",https://twitter.com/NoticieroHechos/status/1380719671545061384,180000,180000,
El Salvador,2021-04-11,"Oxford/AstraZeneca, Pfizer/BioNTech, Sinovac",https://proceso.hn/los-contagios-de-coronavirus-en-el-salvador-suman-66489-con-174-nuevos-casos/,200000,200000,
El Salvador,2021-04-12,"Oxford/AstraZeneca, Pfizer/BioNTech, Sinovac",https://covid19.gob.sv/,264159,,
El Salvador,2021-04-13,"Oxford/AstraZeneca, Pfizer/BioNTech, Sinovac",https://covid19.gob.sv/,310793,308426,2367
El Salvador,2021-04-14,"Oxford/AstraZeneca, Pfizer/BioNTech, Sinovac",https://covid19.gob.sv/,361474,355941,5533
El Salvador,2021-04-15,"Oxford/AstraZeneca, Pfizer/BioNTech, Sinovac",https://covid19.gob.sv/,410810,401179,9631
El Salvador,2021-04-16,"Oxford/AstraZeneca, Pfizer/BioNTech, Sinovac",https://covid19.gob.sv/,460565,445109,15456
El Salvador,2021-04-17,"Oxford/AstraZeneca, Pfizer/BioNTech, Sinovac",https://covid19.gob.sv/,502013,483638,18375
El Salvador,2021-04-19,"Oxford/AstraZeneca, Pfizer/BioNTech, Sinovac",https://covid19.gob.sv/,547566,,
El Salvador,2021-04-20,"Oxford/AstraZeneca, Pfizer/BioNTech, Sinovac",https://covid19.gob.sv/,622912,,
El Salvador,2021-04-22,"Oxford/AstraZeneca, Pfizer/BioNTech, Sinovac",https://covid19.gob.sv/,656687,632613,24074
El Salvador,2021-04-23,"Oxford/AstraZeneca, Pfizer/BioNTech, Sinovac",https://covid19.gob.sv/,698569,674495,24074
El Salvador,2021-04-26,"Oxford/AstraZeneca, Pfizer/BioNTech, Sinovac",https://covid19.gob.sv/,745602,718089,27513
El Salvador,2021-04-27,"Oxford/AstraZeneca, Pfizer/BioNTech, Sinovac",https://covid19.gob.sv/,788173,747918,40255
El Salvador,2021-04-28,"Oxford/AstraZeneca, Pfizer/BioNTech, Sinovac",https://covid19.gob.sv/,833959,775959,58000
El Salvador,2021-04-29,"Oxford/AstraZeneca, Pfizer/BioNTech, Sinovac",https://covid19.gob.sv/,875069,806790,68279
El Salvador,2021-04-30,"Oxford/AstraZeneca, Pfizer/BioNTech, Sinovac",https://covid19.gob.sv/,915725,839870,75855
El Salvador,2021-05-04,"Oxford/AstraZeneca, Pfizer/BioNTech, Sinovac",https://covid19.gob.sv/,991133,890109,101024
El Salvador,2021-05-05,"Oxford/AstraZeneca, Pfizer/BioNTech, Sinovac",https://twitter.com/ElConsejoSV/status/1390443330941636630,1029887,917399,112488
El Salvador,2021-05-06,"Oxford/AstraZeneca, Pfizer/BioNTech, Sinovac",https://twitter.com/ElConsejoSV/status/1390691284583596032,1068428,941508,126920
El Salvador,2021-05-07,"Oxford/AstraZeneca, Pfizer/BioNTech, Sinovac",https://covid19.gob.sv/,1114544,958828,155716
El Salvador,2021-05-11,"Oxford/AstraZeneca, Pfizer/BioNTech, Sinovac",https://covid19.gob.sv/,1167672,969970,197702
El Salvador,2021-05-13,"Oxford/AstraZeneca, Pfizer/BioNTech, Sinovac",https://covid19.gob.sv/,1260574,995901,264673
El Salvador,2021-05-14,"Oxford/AstraZeneca, Pfizer/BioNTech, Sinovac",https://covid19.gob.sv/,1310249,1012645,297604
El Salvador,2021-05-15,"Oxford/AstraZeneca, Pfizer/BioNTech, Sinovac",https://covid19.gob.sv/,1350587,1024727,325860
El Salvador,2021-05-17,"Oxford/AstraZeneca, Pfizer/BioNTech, Sinovac",https://covid19.gob.sv/,1402386,1036121,366265
El Salvador,2021-05-18,"Oxford/AstraZeneca, Pfizer/BioNTech, Sinovac",https://covid19.gob.sv/,1451933,1051425,400508
El Salvador,2021-05-19,"Oxford/AstraZeneca, Pfizer/BioNTech, Sinovac",https://covid19.gob.sv/,1497261,1066112,431149
El Salvador,2021-05-20,"Oxford/AstraZeneca, Pfizer/BioNTech, Sinovac",https://covid19.gob.sv/,1543904,1079935,463969
El Salvador,2021-05-21,"Oxford/AstraZeneca, Pfizer/BioNTech, Sinovac",https://covid19.gob.sv/,1598841,1083936,514905
El Salvador,2021-05-22,"Oxford/AstraZeneca, Pfizer/BioNTech, Sinovac",https://covid19.gob.sv/,1642451,1097762,544689
El Salvador,2021-05-24,"Oxford/AstraZeneca, Pfizer/BioNTech, Sinovac",https://covid19.gob.sv/,1693183,1101172,592011
El Salvador,2021-05-25,"Oxford/AstraZeneca, Pfizer/BioNTech, Sinovac",https://covid19.gob.sv/,1741651,1109726,631925
El Salvador,2021-05-26,"Oxford/AstraZeneca, Pfizer/BioNTech, Sinovac",https://covid19.gob.sv/,1787527,1115104,672423
El Salvador,2021-05-27,"Oxford/AstraZeneca, Pfizer/BioNTech, Sinovac",https://covid19.gob.sv/,1832228,1118980,713248
El Salvador,2021-05-31,"Oxford/AstraZeneca, Pfizer/BioNTech, Sinovac",https://covid19.gob.sv/,1925770,1140890,784880
El Salvador,2021-06-01,"Oxford/AstraZeneca, Pfizer/BioNTech, Sinovac",https://covid19.gob.sv/,1971247,1153150,818097
El Salvador,2021-06-02,"Oxford/AstraZeneca, Pfizer/BioNTech, Sinovac",https://covid19.gob.sv/,2015408,1169097,846311
El Salvador,2021-06-07,"Oxford/AstraZeneca, Pfizer/BioNTech, Sinovac",https://covid19.gob.sv/,2147224,1245684,901540
El Salvador,2021-06-09,"Oxford/AstraZeneca, Pfizer/BioNTech, Sinovac",https://covid19.gob.sv/,2231365,1300747,930618
El Salvador,2021-06-11,"Oxford/AstraZeneca, Pfizer/BioNTech, Sinovac",https://covid19.gob.sv/,2310924,1345716,965208
El Salvador,2021-06-15,"Oxford/AstraZeneca, Pfizer/BioNTech, Sinovac",https://covid19.gob.sv/,2388927,1384489,1004438
El Salvador,2021-06-16,"Oxford/AstraZeneca, Pfizer/BioNTech, Sinovac",https://covid19.gob.sv/,2427457,1407787,1019670
El Salvador,2021-06-18,"Oxford/AstraZeneca, Pfizer/BioNTech, Sinovac",https://covid19.gob.sv/,2466561,1425927,1040634
El Salvador,2021-06-21,"Oxford/AstraZeneca, Pfizer/BioNTech, Sinovac",https://covid19.gob.sv/,2506257,1445369,1060888
El Salvador,2021-06-22,"Oxford/AstraZeneca, Pfizer/BioNTech, Sinovac",https://covid19.gob.sv/,2546316,1475388,1070928
El Salvador,2021-06-23,"Oxford/AstraZeneca, Pfizer/BioNTech, Sinovac",https://covid19.gob.sv/,2586522,1508453,1078069
El Salvador,2021-06-25,"Oxford/AstraZeneca, Pfizer/BioNTech, Sinovac",https://covid19.gob.sv/,2674605,1585582,1089023
El Salvador,2021-07-01,"Oxford/AstraZeneca, Pfizer/BioNTech, Sinovac",https://covid19.gob.sv/,2846177,1703849,1142328
El Salvador,2021-07-02,"Oxford/AstraZeneca, Pfizer/BioNTech, Sinovac",https://covid19.gob.sv/,2890503,1727992,1162511
El Salvador,2021-07-06,"Oxford/AstraZeneca, Pfizer/BioNTech, Sinovac",https://covid19.gob.sv/,2984932,1775190,1209742
El Salvador,2021-07-08,"Oxford/AstraZeneca, Pfizer/BioNTech, Sinovac",https://covid19.gob.sv/,3136924,1891203,1245721
El Salvador,2021-07-09,"Oxford/AstraZeneca, Pfizer/BioNTech, Sinovac",https://covid19.gob.sv/,3212880,1951564,1261316
