location,date,vaccine,source_url,total_vaccinations,people_vaccinated,people_fully_vaccinated
England,2020-12-08,Pfizer/BioNTech,https://coronavirus.data.gov.uk/details/vaccinations,5294,5294,
England,2020-12-09,Pfizer/BioNTech,https://coronavirus.data.gov.uk/details/vaccinations,14874,14874,
England,2020-12-10,Pfizer/BioNTech,https://coronavirus.data.gov.uk/details/vaccinations,26682,26682,
England,2020-12-11,Pfizer/BioNTech,https://coronavirus.data.gov.uk/details/vaccinations,39156,39156,
England,2020-12-12,Pfizer/BioNTech,https://coronavirus.data.gov.uk/details/vaccinations,49730,49730,
England,2020-12-13,Pfizer/BioNTech,https://coronavirus.data.gov.uk/details/vaccinations,55866,55866,
England,2020-12-14,Pfizer/BioNTech,https://coronavirus.data.gov.uk/details/vaccinations,68051,68051,
England,2020-12-15,Pfizer/BioNTech,https://coronavirus.data.gov.uk/details/vaccinations,127821,127821,
England,2020-12-16,Pfizer/BioNTech,https://coronavirus.data.gov.uk/details/vaccinations,225086,225086,
England,2020-12-17,Pfizer/BioNTech,https://coronavirus.data.gov.uk/details/vaccinations,321826,321826,
England,2020-12-18,Pfizer/BioNTech,https://coronavirus.data.gov.uk/details/vaccinations,399331,399331,
England,2020-12-19,Pfizer/BioNTech,https://coronavirus.data.gov.uk/details/vaccinations,489818,489818,
England,2020-12-20,Pfizer/BioNTech,https://coronavirus.data.gov.uk/details/vaccinations,569215,569215,
England,2020-12-21,Pfizer/BioNTech,https://coronavirus.data.gov.uk/details/vaccinations,633343,633343,
England,2020-12-22,Pfizer/BioNTech,https://coronavirus.data.gov.uk/details/vaccinations,720291,720291,
England,2020-12-23,Pfizer/BioNTech,https://coronavirus.data.gov.uk/details/vaccinations,800939,800939,
England,2020-12-24,Pfizer/BioNTech,https://coronavirus.data.gov.uk/details/vaccinations,828439,828439,
England,2020-12-25,Pfizer/BioNTech,https://coronavirus.data.gov.uk/details/vaccinations,828696,828696,
England,2020-12-26,Pfizer/BioNTech,https://coronavirus.data.gov.uk/details/vaccinations,830446,830446,
England,2020-12-27,Pfizer/BioNTech,https://coronavirus.data.gov.uk/details/vaccinations,835349,835349,
England,2020-12-28,Pfizer/BioNTech,https://coronavirus.data.gov.uk/details/vaccinations,844380,844380,
England,2020-12-29,Pfizer/BioNTech,https://coronavirus.data.gov.uk/details/vaccinations,890986,890986,2281
England,2020-12-30,Pfizer/BioNTech,https://coronavirus.data.gov.uk/details/vaccinations,1000545,1000545,6549
England,2020-12-31,Pfizer/BioNTech,https://coronavirus.data.gov.uk/details/vaccinations,1090349,1090349,11350
England,2021-01-01,Pfizer/BioNTech,https://coronavirus.data.gov.uk/details/vaccinations,1115065,1115065,12449
England,2021-01-02,Pfizer/BioNTech,https://coronavirus.data.gov.uk/details/vaccinations,1145057,1145057,17149
England,2021-01-03,Pfizer/BioNTech,https://coronavirus.data.gov.uk/details/vaccinations,1161420,1161420,20957
England,2021-01-04,"Oxford/AstraZeneca, Pfizer/BioNTech",https://coronavirus.data.gov.uk/details/vaccinations,1189154,1189154,30247
England,2021-01-05,"Oxford/AstraZeneca, Pfizer/BioNTech",https://coronavirus.data.gov.uk/details/vaccinations,1247533,1247533,77352
England,2021-01-06,"Oxford/AstraZeneca, Pfizer/BioNTech",https://coronavirus.data.gov.uk/details/vaccinations,1336890,1336890,158200
England,2021-01-07,"Oxford/AstraZeneca, Pfizer/BioNTech",https://coronavirus.data.gov.uk/details/vaccinations,1539552,1539552,237348
England,2021-01-08,"Oxford/AstraZeneca, Pfizer/BioNTech",https://coronavirus.data.gov.uk/details/vaccinations,1788888,1788888,296896
England,2021-01-10,"Oxford/AstraZeneca, Pfizer/BioNTech",https://coronavirus.data.gov.uk/details/vaccinations,2333764,1959151,374613
England,2021-01-11,"Oxford/AstraZeneca, Pfizer/BioNTech",https://coronavirus.data.gov.uk/details/vaccinations,2474205,2080280,393925
England,2021-01-12,"Oxford/AstraZeneca, Pfizer/BioNTech",https://coronavirus.data.gov.uk/details/vaccinations,2661850,2254556,407294
England,2021-01-13,"Oxford/AstraZeneca, Pfizer/BioNTech",https://coronavirus.data.gov.uk/details/vaccinations,2910027,2494371,415656
England,2021-01-14,"Oxford/AstraZeneca, Pfizer/BioNTech",https://coronavirus.data.gov.uk/details/vaccinations,3189674,2769164,420510
England,2021-01-15,"Oxford/AstraZeneca, Pfizer/BioNTech",https://coronavirus.data.gov.uk/details/vaccinations,3514385,3090058,424327
England,2021-01-16,"Oxford/AstraZeneca, Pfizer/BioNTech",https://coronavirus.data.gov.uk/details/vaccinations,3791594,3365492,426102
England,2021-01-17,"Oxford/AstraZeneca, Pfizer/BioNTech",https://coronavirus.data.gov.uk/details/vaccinations,3947442,3520056,427386
England,2021-01-18,"Oxford/AstraZeneca, Pfizer/BioNTech",https://coronavirus.data.gov.uk/details/vaccinations,4118342,3687206,431136
England,2021-01-19,"Oxford/AstraZeneca, Pfizer/BioNTech",https://coronavirus.data.gov.uk/details/vaccinations,4419704,3985579,434125
England,2021-01-20,"Oxford/AstraZeneca, Pfizer/BioNTech",https://coronavirus.data.gov.uk/details/vaccinations,4740578,4303730,436848
England,2021-01-21,"Oxford/AstraZeneca, Pfizer/BioNTech",https://coronavirus.data.gov.uk/details/vaccinations,5100475,4661293,439182
England,2021-01-22,"Oxford/AstraZeneca, Pfizer/BioNTech",https://coronavirus.data.gov.uk/details/vaccinations,5526071,5085771,440300
England,2021-01-23,"Oxford/AstraZeneca, Pfizer/BioNTech",https://coronavirus.data.gov.uk/details/vaccinations,5970175,5529101,441074
England,2021-01-24,"Oxford/AstraZeneca, Pfizer/BioNTech",https://coronavirus.data.gov.uk/details/vaccinations,6169377,5727693,441684
England,2021-01-25,"Oxford/AstraZeneca, Pfizer/BioNTech",https://coronavirus.data.gov.uk/details/vaccinations,6405554,5962544,443010
England,2021-01-26,"Oxford/AstraZeneca, Pfizer/BioNTech",https://coronavirus.data.gov.uk/details/vaccinations,6665861,6221850,444011
England,2021-01-27,"Oxford/AstraZeneca, Pfizer/BioNTech",https://coronavirus.data.gov.uk/details/vaccinations,6918853,6473752,445101
England,2021-01-28,"Oxford/AstraZeneca, Pfizer/BioNTech",https://coronavirus.data.gov.uk/details/vaccinations,7263317,6816945,446372
England,2021-01-29,"Oxford/AstraZeneca, Pfizer/BioNTech",https://coronavirus.data.gov.uk/details/vaccinations,7701203,7253305,447898
England,2021-01-30,"Oxford/AstraZeneca, Pfizer/BioNTech",https://coronavirus.data.gov.uk/details/vaccinations,8251146,7792996,458150
England,2021-01-31,"Oxford/AstraZeneca, Pfizer/BioNTech",https://coronavirus.data.gov.uk/details/vaccinations,8543262,8082355,460907
England,2021-02-01,"Oxford/AstraZeneca, Pfizer/BioNTech",https://coronavirus.data.gov.uk/details/vaccinations,8825371,8362868,462503
England,2021-02-02,"Oxford/AstraZeneca, Pfizer/BioNTech",https://coronavirus.data.gov.uk/details/vaccinations,9126930,8663041,463889
England,2021-02-03,"Oxford/AstraZeneca, Pfizer/BioNTech",https://coronavirus.data.gov.uk/details/vaccinations,9508006,9041835,466171
England,2021-02-04,"Oxford/AstraZeneca, Pfizer/BioNTech",https://coronavirus.data.gov.uk/details/vaccinations,9899043,9430261,468782
England,2021-02-05,"Oxford/AstraZeneca, Pfizer/BioNTech",https://coronavirus.data.gov.uk/details/vaccinations,10302620,9831897,470723
England,2021-02-06,"Oxford/AstraZeneca, Pfizer/BioNTech",https://coronavirus.data.gov.uk/details/vaccinations,10761539,10290215,471324
England,2021-02-07,"Oxford/AstraZeneca, Pfizer/BioNTech",https://coronavirus.data.gov.uk/details/vaccinations,10991365,10519729,471636
England,2021-02-08,"Oxford/AstraZeneca, Pfizer/BioNTech",https://coronavirus.data.gov.uk/details/vaccinations,11245053,10771998,473055
England,2021-02-09,"Oxford/AstraZeneca, Pfizer/BioNTech",https://coronavirus.data.gov.uk/details/vaccinations,11558880,11083652,475228
England,2021-02-10,"Oxford/AstraZeneca, Pfizer/BioNTech",https://coronavirus.data.gov.uk/details/vaccinations,11901827,11422507,479320
England,2021-02-11,"Oxford/AstraZeneca, Pfizer/BioNTech",https://coronavirus.data.gov.uk/details/vaccinations,12293207,11809241,483966
England,2021-02-12,"Oxford/AstraZeneca, Pfizer/BioNTech",https://coronavirus.data.gov.uk/details/vaccinations,12733865,12246166,487699
England,2021-02-13,"Oxford/AstraZeneca, Pfizer/BioNTech",https://coronavirus.data.gov.uk/details/vaccinations,13165548,12675663,489885
England,2021-02-14,"Oxford/AstraZeneca, Pfizer/BioNTech",https://coronavirus.data.gov.uk/details/vaccinations,13353631,12862909,490722
England,2021-02-15,"Oxford/AstraZeneca, Pfizer/BioNTech",https://coronavirus.data.gov.uk/details/vaccinations,13575245,13082669,492576
England,2021-02-16,"Oxford/AstraZeneca, Pfizer/BioNTech",https://coronavirus.data.gov.uk/details/vaccinations,13891042,13395338,495704
England,2021-02-17,"Oxford/AstraZeneca, Pfizer/BioNTech",https://coronavirus.data.gov.uk/details/vaccinations,14318115,13817914,500201
England,2021-02-18,"Oxford/AstraZeneca, Pfizer/BioNTech",https://coronavirus.data.gov.uk/details/vaccinations,14718938,14214176,504762
England,2021-02-19,"Oxford/AstraZeneca, Pfizer/BioNTech",https://coronavirus.data.gov.uk/details/vaccinations,15046635,14537978,508657
England,2021-02-20,"Oxford/AstraZeneca, Pfizer/BioNTech",https://coronavirus.data.gov.uk/details/vaccinations,15355176,14844087,511089
England,2021-02-21,"Oxford/AstraZeneca, Pfizer/BioNTech",https://coronavirus.data.gov.uk/details/vaccinations,15471509,14958074,513435
England,2021-02-22,"Oxford/AstraZeneca, Pfizer/BioNTech",https://coronavirus.data.gov.uk/details/vaccinations,15631937,15113158,518779
England,2021-02-23,"Oxford/AstraZeneca, Pfizer/BioNTech",https://coronavirus.data.gov.uk/details/vaccinations,15926415,15398055,528360
England,2021-02-24,"Oxford/AstraZeneca, Pfizer/BioNTech",https://coronavirus.data.gov.uk/details/vaccinations,16337561,15794992,542569
England,2021-02-25,"Oxford/AstraZeneca, Pfizer/BioNTech",https://coronavirus.data.gov.uk/details/vaccinations,16785841,16227104,558737
England,2021-02-26,"Oxford/AstraZeneca, Pfizer/BioNTech",https://coronavirus.data.gov.uk/details/vaccinations,17254844,16679881,574963
England,2021-02-27,"Oxford/AstraZeneca, Pfizer/BioNTech",https://coronavirus.data.gov.uk/details/vaccinations,17641792,17051245,590547
England,2021-02-28,"Oxford/AstraZeneca, Pfizer/BioNTech",https://coronavirus.data.gov.uk/details/vaccinations,17812739,17212804,599935
England,2021-03-01,"Oxford/AstraZeneca, Pfizer/BioNTech",https://coronavirus.data.gov.uk/details/vaccinations,17985951,17373384,612567
England,2021-03-02,"Oxford/AstraZeneca, Pfizer/BioNTech",https://coronavirus.data.gov.uk/details/vaccinations,18194919,17554700,640219
England,2021-03-03,"Oxford/AstraZeneca, Pfizer/BioNTech",https://coronavirus.data.gov.uk/details/vaccinations,18469922,17785702,684220
England,2021-03-04,"Oxford/AstraZeneca, Pfizer/BioNTech",https://coronavirus.data.gov.uk/details/vaccinations,18835355,18106090,729265
England,2021-03-05,"Oxford/AstraZeneca, Pfizer/BioNTech",https://coronavirus.data.gov.uk/details/vaccinations,19258271,18491771,766500
England,2021-03-06,"Oxford/AstraZeneca, Pfizer/BioNTech",https://coronavirus.data.gov.uk/details/vaccinations,19663577,18875389,788188
England,2021-03-07,"Oxford/AstraZeneca, Pfizer/BioNTech",https://coronavirus.data.gov.uk/details/vaccinations,19812818,19015497,797321
England,2021-03-08,"Oxford/AstraZeneca, Pfizer/BioNTech",https://coronavirus.data.gov.uk/details/vaccinations,20020354,19199233,821121
England,2021-03-09,"Oxford/AstraZeneca, Pfizer/BioNTech",https://coronavirus.data.gov.uk/details/vaccinations,20248632,19380360,868272
England,2021-03-10,"Oxford/AstraZeneca, Pfizer/BioNTech",https://coronavirus.data.gov.uk/details/vaccinations,20526312,19587080,939232
England,2021-03-11,"Oxford/AstraZeneca, Pfizer/BioNTech",https://coronavirus.data.gov.uk/details/vaccinations,20807385,19798473,1008912
England,2021-03-12,"Oxford/AstraZeneca, Pfizer/BioNTech",https://coronavirus.data.gov.uk/details/vaccinations,21187615,20111189,1076426
England,2021-03-13,"Oxford/AstraZeneca, Pfizer/BioNTech",https://coronavirus.data.gov.uk/details/vaccinations,21683887,20568821,1115066
England,2021-03-14,"Oxford/AstraZeneca, Pfizer/BioNTech",https://coronavirus.data.gov.uk/details/vaccinations,21921282,20791838,1129444
England,2021-03-15,"Oxford/AstraZeneca, Pfizer/BioNTech",https://coronavirus.data.gov.uk/details/vaccinations,22284040,21122514,1161526
England,2021-03-16,"Oxford/AstraZeneca, Pfizer/BioNTech",https://coronavirus.data.gov.uk/details/vaccinations,22717791,21493356,1224435
England,2021-03-17,"Oxford/AstraZeneca, Pfizer/BioNTech",https://coronavirus.data.gov.uk/details/vaccinations,23201466,21886125,1315341
England,2021-03-18,"Oxford/AstraZeneca, Pfizer/BioNTech",https://coronavirus.data.gov.uk/details/vaccinations,23757540,22337590,1419950
England,2021-03-19,"Oxford/AstraZeneca, Pfizer/BioNTech",https://coronavirus.data.gov.uk/details/vaccinations,24393759,22873079,1520680
England,2021-03-20,"Oxford/AstraZeneca, Pfizer/BioNTech",https://coronavirus.data.gov.uk/details/vaccinations,25150632,23559503,1591129
England,2021-03-21,"Oxford/AstraZeneca, Pfizer/BioNTech",https://coronavirus.data.gov.uk/details/vaccinations,25476409,23854862,1621547
England,2021-03-22,"Oxford/AstraZeneca, Pfizer/BioNTech",https://coronavirus.data.gov.uk/details/vaccinations,25823406,24137423,1685983
England,2021-03-23,"Oxford/AstraZeneca, Pfizer/BioNTech",https://coronavirus.data.gov.uk/details/vaccinations,26226604,24406074,1820530
England,2021-03-24,"Oxford/AstraZeneca, Pfizer/BioNTech",https://coronavirus.data.gov.uk/details/vaccinations,26710498,24681955,2028543
England,2021-03-25,"Oxford/AstraZeneca, Pfizer/BioNTech",https://coronavirus.data.gov.uk/details/vaccinations,27166754,24940005,2226749
England,2021-03-26,"Oxford/AstraZeneca, Pfizer/BioNTech",https://coronavirus.data.gov.uk/details/vaccinations,27761724,25284013,2477711
England,2021-03-27,"Oxford/AstraZeneca, Pfizer/BioNTech",https://coronavirus.data.gov.uk/details/vaccinations,28330452,25651406,2679046
England,2021-03-28,"Oxford/AstraZeneca, Pfizer/BioNTech",https://coronavirus.data.gov.uk/details/vaccinations,28709906,25903782,2806124
England,2021-03-29,"Oxford/AstraZeneca, Pfizer/BioNTech",https://coronavirus.data.gov.uk/details/vaccinations,29033640,26090111,2943529
England,2021-03-30,"Oxford/AstraZeneca, Pfizer/BioNTech",https://coronavirus.data.gov.uk/details/vaccinations,29443531,26266174,3177357
England,2021-03-31,"Oxford/AstraZeneca, Pfizer/BioNTech",https://coronavirus.data.gov.uk/details/vaccinations,29973324,26454219,3519105
England,2021-04-01,"Oxford/AstraZeneca, Pfizer/BioNTech",https://coronavirus.data.gov.uk/details/vaccinations,30507732,26576629,3931103
England,2021-04-02,"Oxford/AstraZeneca, Pfizer/BioNTech",https://coronavirus.data.gov.uk/details/vaccinations,30791767,26644910,4146857
England,2021-04-03,"Oxford/AstraZeneca, Pfizer/BioNTech",https://coronavirus.data.gov.uk/details/vaccinations,31024182,26719422,4304760
England,2021-04-04,"Oxford/AstraZeneca, Pfizer/BioNTech",https://coronavirus.data.gov.uk/details/vaccinations,31090290,26746039,4344251
England,2021-04-05,"Oxford/AstraZeneca, Pfizer/BioNTech",https://coronavirus.data.gov.uk/details/vaccinations,31164176,26765865,4398311
England,2021-04-06,"Oxford/AstraZeneca, Pfizer/BioNTech",https://coronavirus.data.gov.uk/details/vaccinations,31380938,26820161,4560777
England,2021-04-07,"Moderna, Oxford/AstraZeneca, Pfizer/BioNTech",https://coronavirus.data.gov.uk/details/vaccinations,31812141,26879123,4933018
England,2021-04-08,"Moderna, Oxford/AstraZeneca, Pfizer/BioNTech",https://coronavirus.data.gov.uk/details/vaccinations,32270892,26934662,5336230
England,2021-04-09,"Moderna, Oxford/AstraZeneca, Pfizer/BioNTech",https://coronavirus.data.gov.uk/details/vaccinations,32737372,26996936,5740436
England,2021-04-10,"Moderna, Oxford/AstraZeneca, Pfizer/BioNTech",https://coronavirus.data.gov.uk/details/vaccinations,33248869,27070991,6177878
England,2021-04-11,"Moderna, Oxford/AstraZeneca, Pfizer/BioNTech",https://coronavirus.data.gov.uk/details/vaccinations,33445922,27107590,6338332
England,2021-04-12,"Moderna, Oxford/AstraZeneca, Pfizer/BioNTech",https://coronavirus.data.gov.uk/details/vaccinations,33637546,27132941,6504605
England,2021-04-13,"Moderna, Oxford/AstraZeneca, Pfizer/BioNTech",https://coronavirus.data.gov.uk/details/vaccinations,33934639,27172302,6762337
England,2021-04-14,"Moderna, Oxford/AstraZeneca, Pfizer/BioNTech",https://coronavirus.data.gov.uk/details/vaccinations,34306139,27251419,7054720
England,2021-04-15,"Moderna, Oxford/AstraZeneca, Pfizer/BioNTech",https://coronavirus.data.gov.uk/details/vaccinations,34762728,27345006,7417722
England,2021-04-16,"Moderna, Oxford/AstraZeneca, Pfizer/BioNTech",https://coronavirus.data.gov.uk/details/vaccinations,35311033,27447286,7863747
England,2021-04-17,"Moderna, Oxford/AstraZeneca, Pfizer/BioNTech",https://coronavirus.data.gov.uk/details/vaccinations,35882008,27559381,8322627
England,2021-04-18,"Moderna, Oxford/AstraZeneca, Pfizer/BioNTech",https://coronavirus.data.gov.uk/details/vaccinations,36147077,27628579,8518498
England,2021-04-19,"Moderna, Oxford/AstraZeneca, Pfizer/BioNTech",https://coronavirus.data.gov.uk/details/vaccinations,36447797,27713634,8734163
England,2021-04-20,"Moderna, Oxford/AstraZeneca, Pfizer/BioNTech",https://coronavirus.data.gov.uk/details/vaccinations,36805597,27798505,9007092
England,2021-04-21,"Moderna, Oxford/AstraZeneca, Pfizer/BioNTech",https://coronavirus.data.gov.uk/details/vaccinations,37238073,27891208,9346865
England,2021-04-22,"Moderna, Oxford/AstraZeneca, Pfizer/BioNTech",https://coronavirus.data.gov.uk/details/vaccinations,37687736,27995196,9692540
England,2021-04-23,"Moderna, Oxford/AstraZeneca, Pfizer/BioNTech",https://coronavirus.data.gov.uk/details/vaccinations,38189536,28102852,10086684
England,2021-04-24,"Moderna, Oxford/AstraZeneca, Pfizer/BioNTech",https://coronavirus.data.gov.uk/details/vaccinations,38792402,28227710,10564692
England,2021-04-25,"Moderna, Oxford/AstraZeneca, Pfizer/BioNTech",https://coronavirus.data.gov.uk/details/vaccinations,39081147,28289296,10791851
England,2021-04-26,"Moderna, Oxford/AstraZeneca, Pfizer/BioNTech",https://coronavirus.data.gov.uk/details/vaccinations,39398398,28356779,11041619
England,2021-04-27,"Moderna, Oxford/AstraZeneca, Pfizer/BioNTech",https://coronavirus.data.gov.uk/details/vaccinations,39797081,28441846,11355235
England,2021-04-28,"Moderna, Oxford/AstraZeneca, Pfizer/BioNTech",https://coronavirus.data.gov.uk/details/vaccinations,40294585,28545198,11749387
England,2021-04-29,"Moderna, Oxford/AstraZeneca, Pfizer/BioNTech",https://coronavirus.data.gov.uk/details/vaccinations,40800604,28656174,12144430
England,2021-04-30,"Moderna, Oxford/AstraZeneca, Pfizer/BioNTech",https://coronavirus.data.gov.uk/details/vaccinations,41277728,28771540,12506188
England,2021-05-01,"Moderna, Oxford/AstraZeneca, Pfizer/BioNTech",https://coronavirus.data.gov.uk/details/vaccinations,41730517,28895159,12835358
England,2021-05-02,"Moderna, Oxford/AstraZeneca, Pfizer/BioNTech",https://coronavirus.data.gov.uk/details/vaccinations,41938694,28965936,12972758
England,2021-05-03,"Moderna, Oxford/AstraZeneca, Pfizer/BioNTech",https://coronavirus.data.gov.uk/details/vaccinations,42097592,29025049,13072543
England,2021-05-04,"Moderna, Oxford/AstraZeneca, Pfizer/BioNTech",https://coronavirus.data.gov.uk/details/vaccinations,42408492,29124310,13284182
England,2021-05-05,"Moderna, Oxford/AstraZeneca, Pfizer/BioNTech",https://coronavirus.data.gov.uk/details/vaccinations,42864836,29232101,13632735
England,2021-05-06,"Moderna, Oxford/AstraZeneca, Pfizer/BioNTech",https://coronavirus.data.gov.uk/details/vaccinations,43385662,29333695,14051967
England,2021-05-07,"Moderna, Oxford/AstraZeneca, Pfizer/BioNTech",https://coronavirus.data.gov.uk/details/vaccinations,43907911,29441213,14466698
England,2021-05-08,"Moderna, Oxford/AstraZeneca, Pfizer/BioNTech",https://coronavirus.data.gov.uk/details/vaccinations,44449424,29578216,14871208
England,2021-05-09,"Moderna, Oxford/AstraZeneca, Pfizer/BioNTech",https://coronavirus.data.gov.uk/details/vaccinations,44683075,29651554,15031521
England,2021-05-10,"Moderna, Oxford/AstraZeneca, Pfizer/BioNTech",https://coronavirus.data.gov.uk/details/vaccinations,44951908,29727664,15224244
England,2021-05-11,"Moderna, Oxford/AstraZeneca, Pfizer/BioNTech",https://coronavirus.data.gov.uk/details/vaccinations,45359338,29826179,15533159
England,2021-05-12,"Moderna, Oxford/AstraZeneca, Pfizer/BioNTech",https://coronavirus.data.gov.uk/details/vaccinations,45908796,29973113,15935683
England,2021-05-13,"Moderna, Oxford/AstraZeneca, Pfizer/BioNTech",https://coronavirus.data.gov.uk/details/vaccinations,46461266,30146933,16314333
England,2021-05-14,"Moderna, Oxford/AstraZeneca, Pfizer/BioNTech",https://coronavirus.data.gov.uk/details/vaccinations,46992750,30331992,16660758
England,2021-05-15,"Moderna, Oxford/AstraZeneca, Pfizer/BioNTech",https://coronavirus.data.gov.uk/details/vaccinations,47552476,30537954,17014522
England,2021-05-16,"Moderna, Oxford/AstraZeneca, Pfizer/BioNTech",https://coronavirus.data.gov.uk/details/vaccinations,47815683,30643474,17172209
England,2021-05-17,"Moderna, Oxford/AstraZeneca, Pfizer/BioNTech",https://coronavirus.data.gov.uk/details/vaccinations,48112071,30729420,17382651
England,2021-05-18,"Moderna, Oxford/AstraZeneca, Pfizer/BioNTech",https://coronavirus.data.gov.uk/details/vaccinations,48535975,30884041,17651934
England,2021-05-19,"Moderna, Oxford/AstraZeneca, Pfizer/BioNTech",https://coronavirus.data.gov.uk/details/vaccinations,49080974,31120020,17960954
England,2021-05-20,"Moderna, Oxford/AstraZeneca, Pfizer/BioNTech",https://coronavirus.data.gov.uk/details/vaccinations,49682934,31354838,18328096
England,2021-05-21,"Moderna, Oxford/AstraZeneca, Pfizer/BioNTech",https://coronavirus.data.gov.uk/details/vaccinations,50246402,31546846,18699556
England,2021-05-22,"Moderna, Oxford/AstraZeneca, Pfizer/BioNTech",https://coronavirus.data.gov.uk/details/vaccinations,50932666,31725097,19207569
England,2021-05-23,"Moderna, Oxford/AstraZeneca, Pfizer/BioNTech",https://coronavirus.data.gov.uk/details/vaccinations,51254436,31826805,19427631
England,2021-05-24,"Moderna, Oxford/AstraZeneca, Pfizer/BioNTech",https://coronavirus.data.gov.uk/details/vaccinations,51629592,31922289,19707303
England,2021-05-25,"Moderna, Oxford/AstraZeneca, Pfizer/BioNTech",https://coronavirus.data.gov.uk/details/vaccinations,52114143,32079373,20034770
England,2021-05-26,"Moderna, Oxford/AstraZeneca, Pfizer/BioNTech",https://coronavirus.data.gov.uk/details/vaccinations,52689008,32285684,20403324
England,2021-05-27,"Moderna, Oxford/AstraZeneca, Pfizer/BioNTech",https://coronavirus.data.gov.uk/details/vaccinations,53286560,32509194,20777366
England,2021-05-28,"Moderna, Oxford/AstraZeneca, Pfizer/BioNTech",https://coronavirus.data.gov.uk/details/vaccinations,53842037,32683816,21158221
England,2021-05-29,"Moderna, Oxford/AstraZeneca, Pfizer/BioNTech",https://coronavirus.data.gov.uk/details/vaccinations,54379320,32839283,21540037
England,2021-05-30,"Moderna, Oxford/AstraZeneca, Pfizer/BioNTech",https://coronavirus.data.gov.uk/details/vaccinations,54657957,32938496,21719461
England,2021-05-31,"Moderna, Oxford/AstraZeneca, Pfizer/BioNTech",https://coronavirus.data.gov.uk/details/vaccinations,54883579,33009444,21874135
England,2021-06-01,"Moderna, Oxford/AstraZeneca, Pfizer/BioNTech",https://coronavirus.data.gov.uk/details/vaccinations,55238565,33085145,22153420
England,2021-06-02,"Moderna, Oxford/AstraZeneca, Pfizer/BioNTech",https://coronavirus.data.gov.uk/details/vaccinations,55660196,33217813,22442383
England,2021-06-03,"Moderna, Oxford/AstraZeneca, Pfizer/BioNTech",https://coronavirus.data.gov.uk/details/vaccinations,56131057,33375148,22755909
England,2021-06-04,"Moderna, Oxford/AstraZeneca, Pfizer/BioNTech",https://coronavirus.data.gov.uk/details/vaccinations,56602996,33525485,23077511
England,2021-06-05,"Moderna, Oxford/AstraZeneca, Pfizer/BioNTech",https://coronavirus.data.gov.uk/details/vaccinations,57193641,33700486,23493155
England,2021-06-06,"Moderna, Oxford/AstraZeneca, Pfizer/BioNTech",https://coronavirus.data.gov.uk/details/vaccinations,57510753,33800107,23710646
England,2021-06-07,"Moderna, Oxford/AstraZeneca, Pfizer/BioNTech",https://coronavirus.data.gov.uk/details/vaccinations,57844499,33889746,23954753
England,2021-06-08,"Moderna, Oxford/AstraZeneca, Pfizer/BioNTech",https://coronavirus.data.gov.uk/details/vaccinations,58206264,33998814,24207450
England,2021-06-09,"Moderna, Oxford/AstraZeneca, Pfizer/BioNTech",https://coronavirus.data.gov.uk/details/vaccinations,58609910,34148547,24461363
England,2021-06-10,"Moderna, Oxford/AstraZeneca, Pfizer/BioNTech",https://coronavirus.data.gov.uk/details/vaccinations,59032003,34321990,24710013
England,2021-06-11,"Moderna, Oxford/AstraZeneca, Pfizer/BioNTech",https://coronavirus.data.gov.uk/details/vaccinations,59460783,34499129,24961654
England,2021-06-12,"Moderna, Oxford/AstraZeneca, Pfizer/BioNTech",https://coronavirus.data.gov.uk/details/vaccinations,59965740,34727273,25238467
England,2021-06-13,"Moderna, Oxford/AstraZeneca, Pfizer/BioNTech",https://coronavirus.data.gov.uk/details/vaccinations,60243055,34851139,25391916
England,2021-06-14,"Moderna, Oxford/AstraZeneca, Pfizer/BioNTech",https://coronavirus.data.gov.uk/details/vaccinations,60531923,34965745,25566178
England,2021-06-15,"Moderna, Oxford/AstraZeneca, Pfizer/BioNTech",https://coronavirus.data.gov.uk/details/vaccinations,60862273,35120392,25741881
England,2021-06-16,"Moderna, Oxford/AstraZeneca, Pfizer/BioNTech",https://coronavirus.data.gov.uk/details/vaccinations,61213267,35290759,25922508
England,2021-06-17,"Moderna, Oxford/AstraZeneca, Pfizer/BioNTech",https://coronavirus.data.gov.uk/details/vaccinations,61606582,35507916,26098666
England,2021-06-18,"Moderna, Oxford/AstraZeneca, Pfizer/BioNTech",https://coronavirus.data.gov.uk/details/vaccinations,61964858,35704162,26260696
England,2021-06-19,"Moderna, Oxford/AstraZeneca, Pfizer/BioNTech",https://coronavirus.data.gov.uk/details/vaccinations,62415897,35959555,26456342
England,2021-06-20,"Moderna, Oxford/AstraZeneca, Pfizer/BioNTech",https://coronavirus.data.gov.uk/details/vaccinations,62636714,36101778,26534936
England,2021-06-22,"Moderna, Oxford/AstraZeneca, Pfizer/BioNTech",https://coronavirus.data.gov.uk/details/vaccinations,63123091,36377425,26745666
England,2021-06-23,"Moderna, Oxford/AstraZeneca, Pfizer/BioNTech",https://coronavirus.data.gov.uk/details/vaccinations,63439292,36564938,26874354
England,2021-06-24,"Moderna, Oxford/AstraZeneca, Pfizer/BioNTech",https://coronavirus.data.gov.uk/details/vaccinations,63778361,36767328,27011033
England,2021-06-25,"Moderna, Oxford/AstraZeneca, Pfizer/BioNTech",https://coronavirus.data.gov.uk/details/vaccinations,64089251,36944843,27144408
England,2021-06-26,"Moderna, Oxford/AstraZeneca, Pfizer/BioNTech",https://coronavirus.data.gov.uk/details/vaccinations,64474260,37157528,27316732
England,2021-06-27,"Moderna, Oxford/AstraZeneca, Pfizer/BioNTech",https://coronavirus.data.gov.uk/details/vaccinations,64690619,37275894,27414725
England,2021-06-28,"Moderna, Oxford/AstraZeneca, Pfizer/BioNTech",https://coronavirus.data.gov.uk/details/vaccinations,64904433,37382390,27522043
England,2021-06-29,"Moderna, Oxford/AstraZeneca, Pfizer/BioNTech",https://coronavirus.data.gov.uk/details/vaccinations,65135293,37497766,27637527
England,2021-06-30,"Moderna, Oxford/AstraZeneca, Pfizer/BioNTech",https://coronavirus.data.gov.uk/details/vaccinations,65394783,37618263,27776520
England,2021-07-01,"Moderna, Oxford/AstraZeneca, Pfizer/BioNTech",https://coronavirus.data.gov.uk/details/vaccinations,65682635,37751938,27930697
England,2021-07-02,"Moderna, Oxford/AstraZeneca, Pfizer/BioNTech",https://coronavirus.data.gov.uk/details/vaccinations,65932869,37859897,28072972
England,2021-07-03,"Moderna, Oxford/AstraZeneca, Pfizer/BioNTech",https://coronavirus.data.gov.uk/details/vaccinations,66220122,37981485,28238637
England,2021-07-04,"Moderna, Oxford/AstraZeneca, Pfizer/BioNTech",https://coronavirus.data.gov.uk/details/vaccinations,66368542,38044157,28324385
England,2021-07-05,"Moderna, Oxford/AstraZeneca, Pfizer/BioNTech",https://coronavirus.data.gov.uk/details/vaccinations,66540378,38108016,28432362
England,2021-07-06,"Moderna, Oxford/AstraZeneca, Pfizer/BioNTech",https://coronavirus.data.gov.uk/details/vaccinations,66721050,38179540,28541510
England,2021-07-07,"Moderna, Oxford/AstraZeneca, Pfizer/BioNTech",https://coronavirus.data.gov.uk/details/vaccinations,66922090,38252354,28669736
England,2021-07-08,"Moderna, Oxford/AstraZeneca, Pfizer/BioNTech",https://coronavirus.data.gov.uk/details/vaccinations,67140354,38335161,28805193
England,2021-07-09,"Moderna, Oxford/AstraZeneca, Pfizer/BioNTech",https://coronavirus.data.gov.uk/details/vaccinations,67361912,38413116,28948796
England,2021-07-10,"Moderna, Oxford/AstraZeneca, Pfizer/BioNTech",https://coronavirus.data.gov.uk/details/vaccinations,67618807,38495266,29123541
