location,date,vaccine,source_url,total_vaccinations,people_vaccinated,people_fully_vaccinated
Estonia,2020-12-27,Pfizer/BioNTech,https://opendata.digilugu.ee,191,191,0
Estonia,2020-12-28,Pfizer/BioNTech,https://opendata.digilugu.ee,509,509,0
Estonia,2020-12-29,Pfizer/BioNTech,https://opendata.digilugu.ee,876,876,0
Estonia,2020-12-30,Pfizer/BioNTech,https://opendata.digilugu.ee,1890,1890,0
Estonia,2020-12-31,Pfizer/BioNTech,https://opendata.digilugu.ee,2476,2476,0
Estonia,2021-01-01,Pfizer/BioNTech,https://opendata.digilugu.ee,2476,2476,0
Estonia,2021-01-02,Pfizer/BioNTech,https://opendata.digilugu.ee,2506,2506,0
Estonia,2021-01-03,Pfizer/BioNTech,https://opendata.digilugu.ee,2524,2524,0
Estonia,2021-01-04,Pfizer/BioNTech,https://opendata.digilugu.ee,3166,3166,0
Estonia,2021-01-05,Pfizer/BioNTech,https://opendata.digilugu.ee,4976,4976,0
Estonia,2021-01-06,Pfizer/BioNTech,https://opendata.digilugu.ee,6587,6587,0
Estonia,2021-01-07,Pfizer/BioNTech,https://opendata.digilugu.ee,7929,7929,0
Estonia,2021-01-08,Pfizer/BioNTech,https://opendata.digilugu.ee,10144,10144,0
Estonia,2021-01-09,Pfizer/BioNTech,https://opendata.digilugu.ee,10695,10695,0
Estonia,2021-01-10,Pfizer/BioNTech,https://opendata.digilugu.ee,10918,10918,0
Estonia,2021-01-11,Pfizer/BioNTech,https://opendata.digilugu.ee,11768,11767,1
Estonia,2021-01-12,Pfizer/BioNTech,https://opendata.digilugu.ee,13348,13347,1
Estonia,2021-01-13,Pfizer/BioNTech,https://opendata.digilugu.ee,14743,14742,1
Estonia,2021-01-14,"Moderna, Pfizer/BioNTech",https://opendata.digilugu.ee,16523,16522,1
Estonia,2021-01-15,"Moderna, Pfizer/BioNTech",https://opendata.digilugu.ee,17804,17803,1
Estonia,2021-01-16,"Moderna, Pfizer/BioNTech",https://opendata.digilugu.ee,18024,18023,1
Estonia,2021-01-17,"Moderna, Pfizer/BioNTech",https://opendata.digilugu.ee,18120,18053,67
Estonia,2021-01-18,"Moderna, Pfizer/BioNTech",https://opendata.digilugu.ee,19154,18712,442
Estonia,2021-01-19,"Moderna, Pfizer/BioNTech",https://opendata.digilugu.ee,20316,19471,845
Estonia,2021-01-20,"Moderna, Pfizer/BioNTech",https://opendata.digilugu.ee,21799,20323,1476
Estonia,2021-01-21,"Moderna, Pfizer/BioNTech",https://opendata.digilugu.ee,23981,21840,2141
Estonia,2021-01-22,"Moderna, Pfizer/BioNTech",https://opendata.digilugu.ee,25484,23074,2410
Estonia,2021-01-23,"Moderna, Pfizer/BioNTech",https://opendata.digilugu.ee,25742,23329,2413
Estonia,2021-01-24,"Moderna, Pfizer/BioNTech",https://opendata.digilugu.ee,25903,23490,2413
Estonia,2021-01-25,"Moderna, Pfizer/BioNTech",https://opendata.digilugu.ee,26965,23865,3100
Estonia,2021-01-26,"Moderna, Pfizer/BioNTech",https://opendata.digilugu.ee,29359,24609,4750
Estonia,2021-01-27,"Moderna, Pfizer/BioNTech",https://opendata.digilugu.ee,31494,25249,6245
Estonia,2021-01-28,"Moderna, Pfizer/BioNTech",https://opendata.digilugu.ee,33967,26321,7646
Estonia,2021-01-29,"Moderna, Pfizer/BioNTech",https://opendata.digilugu.ee,37175,27543,9632
Estonia,2021-01-30,"Moderna, Pfizer/BioNTech",https://opendata.digilugu.ee,38006,27809,10197
Estonia,2021-01-31,"Moderna, Pfizer/BioNTech",https://opendata.digilugu.ee,38544,28094,10450
Estonia,2021-02-01,"Moderna, Pfizer/BioNTech",https://opendata.digilugu.ee,40153,28814,11339
Estonia,2021-02-02,"Moderna, Pfizer/BioNTech",https://opendata.digilugu.ee,42923,30061,12862
Estonia,2021-02-03,"Moderna, Pfizer/BioNTech",https://opendata.digilugu.ee,46118,31724,14394
Estonia,2021-02-04,"Moderna, Pfizer/BioNTech",https://opendata.digilugu.ee,49719,33768,15951
Estonia,2021-02-05,"Moderna, Pfizer/BioNTech",https://opendata.digilugu.ee,52783,35317,17466
Estonia,2021-02-06,"Moderna, Pfizer/BioNTech",https://opendata.digilugu.ee,53336,35725,17611
Estonia,2021-02-07,"Moderna, Pfizer/BioNTech",https://opendata.digilugu.ee,53393,35736,17657
Estonia,2021-02-08,"Moderna, Pfizer/BioNTech",https://opendata.digilugu.ee,55018,36733,18285
Estonia,2021-02-09,"Moderna, Oxford/AstraZeneca, Pfizer/BioNTech",https://opendata.digilugu.ee,58164,39009,19155
Estonia,2021-02-10,"Moderna, Oxford/AstraZeneca, Pfizer/BioNTech",https://opendata.digilugu.ee,61662,41600,20062
Estonia,2021-02-11,"Moderna, Oxford/AstraZeneca, Pfizer/BioNTech",https://opendata.digilugu.ee,65704,44356,21348
Estonia,2021-02-12,"Moderna, Oxford/AstraZeneca, Pfizer/BioNTech",https://opendata.digilugu.ee,68040,45889,22151
Estonia,2021-02-13,"Moderna, Oxford/AstraZeneca, Pfizer/BioNTech",https://opendata.digilugu.ee,68331,46021,22310
Estonia,2021-02-14,"Moderna, Oxford/AstraZeneca, Pfizer/BioNTech",https://opendata.digilugu.ee,68392,46023,22369
Estonia,2021-02-15,"Moderna, Oxford/AstraZeneca, Pfizer/BioNTech",https://opendata.digilugu.ee,69237,46641,22596
Estonia,2021-02-16,"Moderna, Oxford/AstraZeneca, Pfizer/BioNTech",https://opendata.digilugu.ee,71640,48471,23169
Estonia,2021-02-17,"Moderna, Oxford/AstraZeneca, Pfizer/BioNTech",https://opendata.digilugu.ee,75970,52138,23832
Estonia,2021-02-18,"Moderna, Oxford/AstraZeneca, Pfizer/BioNTech",https://opendata.digilugu.ee,82271,57424,24847
Estonia,2021-02-19,"Moderna, Oxford/AstraZeneca, Pfizer/BioNTech",https://opendata.digilugu.ee,87045,61198,25847
Estonia,2021-02-20,"Moderna, Oxford/AstraZeneca, Pfizer/BioNTech",https://opendata.digilugu.ee,87855,61786,26069
Estonia,2021-02-21,"Moderna, Oxford/AstraZeneca, Pfizer/BioNTech",https://opendata.digilugu.ee,88688,62298,26390
Estonia,2021-02-22,"Moderna, Oxford/AstraZeneca, Pfizer/BioNTech",https://opendata.digilugu.ee,91681,64392,27289
Estonia,2021-02-23,"Moderna, Oxford/AstraZeneca, Pfizer/BioNTech",https://opendata.digilugu.ee,96386,68178,28208
Estonia,2021-02-24,"Moderna, Oxford/AstraZeneca, Pfizer/BioNTech",https://opendata.digilugu.ee,96849,68509,28340
Estonia,2021-02-25,"Moderna, Oxford/AstraZeneca, Pfizer/BioNTech",https://opendata.digilugu.ee,103387,72236,31151
Estonia,2021-02-26,"Moderna, Oxford/AstraZeneca, Pfizer/BioNTech",https://opendata.digilugu.ee,110927,77418,33509
Estonia,2021-02-27,"Moderna, Oxford/AstraZeneca, Pfizer/BioNTech",https://opendata.digilugu.ee,112385,78453,33932
Estonia,2021-02-28,"Moderna, Oxford/AstraZeneca, Pfizer/BioNTech",https://opendata.digilugu.ee,112695,78637,34058
Estonia,2021-03-01,"Moderna, Oxford/AstraZeneca, Pfizer/BioNTech",https://opendata.digilugu.ee,116161,81084,35077
Estonia,2021-03-02,"Moderna, Oxford/AstraZeneca, Pfizer/BioNTech",https://opendata.digilugu.ee,121429,84050,37379
Estonia,2021-03-03,"Moderna, Oxford/AstraZeneca, Pfizer/BioNTech",https://opendata.digilugu.ee,126734,86960,39774
Estonia,2021-03-04,"Moderna, Oxford/AstraZeneca, Pfizer/BioNTech",https://opendata.digilugu.ee,134365,92100,42265
Estonia,2021-03-05,"Moderna, Oxford/AstraZeneca, Pfizer/BioNTech",https://opendata.digilugu.ee,141460,97674,43786
Estonia,2021-03-06,"Moderna, Oxford/AstraZeneca, Pfizer/BioNTech",https://opendata.digilugu.ee,145209,101261,43948
Estonia,2021-03-07,"Moderna, Oxford/AstraZeneca, Pfizer/BioNTech",https://opendata.digilugu.ee,146207,102255,43952
Estonia,2021-03-08,"Moderna, Oxford/AstraZeneca, Pfizer/BioNTech",https://opendata.digilugu.ee,149874,105675,44199
Estonia,2021-03-09,"Moderna, Oxford/AstraZeneca, Pfizer/BioNTech",https://opendata.digilugu.ee,154981,109711,45270
Estonia,2021-03-10,"Moderna, Oxford/AstraZeneca, Pfizer/BioNTech",https://opendata.digilugu.ee,161432,113709,47723
Estonia,2021-03-11,"Moderna, Oxford/AstraZeneca, Pfizer/BioNTech",https://opendata.digilugu.ee,172540,121886,50654
Estonia,2021-03-12,"Moderna, Oxford/AstraZeneca, Pfizer/BioNTech",https://opendata.digilugu.ee,180202,127619,52583
Estonia,2021-03-13,"Moderna, Oxford/AstraZeneca, Pfizer/BioNTech",https://opendata.digilugu.ee,185706,133044,52662
Estonia,2021-03-14,"Moderna, Oxford/AstraZeneca, Pfizer/BioNTech",https://opendata.digilugu.ee,190992,138315,52677
Estonia,2021-03-15,"Moderna, Oxford/AstraZeneca, Pfizer/BioNTech",https://opendata.digilugu.ee,194615,141670,52945
Estonia,2021-03-16,"Moderna, Oxford/AstraZeneca, Pfizer/BioNTech",https://opendata.digilugu.ee,199159,145415,53744
Estonia,2021-03-17,"Moderna, Oxford/AstraZeneca, Pfizer/BioNTech",https://opendata.digilugu.ee,204586,150586,54000
Estonia,2021-03-18,"Moderna, Oxford/AstraZeneca, Pfizer/BioNTech",https://opendata.digilugu.ee,212009,157222,54787
Estonia,2021-03-19,"Moderna, Oxford/AstraZeneca, Pfizer/BioNTech",https://opendata.digilugu.ee,220629,163671,56958
Estonia,2021-03-20,"Moderna, Oxford/AstraZeneca, Pfizer/BioNTech",https://opendata.digilugu.ee,222908,165893,57015
Estonia,2021-03-21,"Moderna, Oxford/AstraZeneca, Pfizer/BioNTech",https://opendata.digilugu.ee,224250,167215,57035
Estonia,2021-03-22,"Moderna, Oxford/AstraZeneca, Pfizer/BioNTech",https://opendata.digilugu.ee,226738,169166,57572
Estonia,2021-03-23,"Moderna, Oxford/AstraZeneca, Pfizer/BioNTech",https://opendata.digilugu.ee,229664,171911,57753
Estonia,2021-03-24,"Moderna, Oxford/AstraZeneca, Pfizer/BioNTech",https://opendata.digilugu.ee,235315,177157,58158
Estonia,2021-03-25,"Moderna, Oxford/AstraZeneca, Pfizer/BioNTech",https://opendata.digilugu.ee,245352,185641,59711
Estonia,2021-03-26,"Moderna, Oxford/AstraZeneca, Pfizer/BioNTech",https://opendata.digilugu.ee,252026,191450,60576
Estonia,2021-03-27,"Moderna, Oxford/AstraZeneca, Pfizer/BioNTech",https://opendata.digilugu.ee,254415,193580,60835
Estonia,2021-03-28,"Moderna, Oxford/AstraZeneca, Pfizer/BioNTech",https://opendata.digilugu.ee,254950,194067,60883
Estonia,2021-03-29,"Moderna, Oxford/AstraZeneca, Pfizer/BioNTech",https://opendata.digilugu.ee,257236,196012,61224
Estonia,2021-03-30,"Moderna, Oxford/AstraZeneca, Pfizer/BioNTech",https://opendata.digilugu.ee,260801,198600,62201
Estonia,2021-03-31,"Moderna, Oxford/AstraZeneca, Pfizer/BioNTech",https://opendata.digilugu.ee,266778,203061,63717
Estonia,2021-04-01,"Moderna, Oxford/AstraZeneca, Pfizer/BioNTech",https://opendata.digilugu.ee,278725,211057,67668
Estonia,2021-04-02,"Moderna, Oxford/AstraZeneca, Pfizer/BioNTech",https://opendata.digilugu.ee,282658,214609,68049
Estonia,2021-04-03,"Moderna, Oxford/AstraZeneca, Pfizer/BioNTech",https://opendata.digilugu.ee,291081,222408,68673
Estonia,2021-04-04,"Moderna, Oxford/AstraZeneca, Pfizer/BioNTech",https://opendata.digilugu.ee,295229,226417,68812
Estonia,2021-04-05,"Moderna, Oxford/AstraZeneca, Pfizer/BioNTech",https://opendata.digilugu.ee,298727,228924,69803
Estonia,2021-04-06,"Moderna, Oxford/AstraZeneca, Pfizer/BioNTech",https://opendata.digilugu.ee,302344,231404,70940
Estonia,2021-04-07,"Moderna, Oxford/AstraZeneca, Pfizer/BioNTech",https://opendata.digilugu.ee,308361,236302,72059
Estonia,2021-04-08,"Moderna, Oxford/AstraZeneca, Pfizer/BioNTech",https://opendata.digilugu.ee,321267,247939,73328
Estonia,2021-04-09,"Moderna, Oxford/AstraZeneca, Pfizer/BioNTech",https://opendata.digilugu.ee,331905,257513,74392
Estonia,2021-04-10,"Moderna, Oxford/AstraZeneca, Pfizer/BioNTech",https://opendata.digilugu.ee,333533,258737,74796
Estonia,2021-04-11,"Moderna, Oxford/AstraZeneca, Pfizer/BioNTech",https://opendata.digilugu.ee,333863,259022,74841
Estonia,2021-04-12,"Moderna, Oxford/AstraZeneca, Pfizer/BioNTech",https://opendata.digilugu.ee,335781,260492,75289
Estonia,2021-04-13,"Moderna, Oxford/AstraZeneca, Pfizer/BioNTech",https://opendata.digilugu.ee,338640,262774,75866
Estonia,2021-04-14,"Johnson&Johnson, Moderna, Oxford/AstraZeneca, Pfizer/BioNTech",https://opendata.digilugu.ee,345864,268125,77739
Estonia,2021-04-15,"Johnson&Johnson, Moderna, Oxford/AstraZeneca, Pfizer/BioNTech",https://opendata.digilugu.ee,358383,277439,80944
Estonia,2021-04-16,"Johnson&Johnson, Moderna, Oxford/AstraZeneca, Pfizer/BioNTech",https://opendata.digilugu.ee,369909,285664,84245
Estonia,2021-04-17,"Johnson&Johnson, Moderna, Oxford/AstraZeneca, Pfizer/BioNTech",https://opendata.digilugu.ee,371973,286990,84983
Estonia,2021-04-18,"Johnson&Johnson, Moderna, Oxford/AstraZeneca, Pfizer/BioNTech",https://opendata.digilugu.ee,373380,287965,85415
Estonia,2021-04-19,"Johnson&Johnson, Moderna, Oxford/AstraZeneca, Pfizer/BioNTech",https://opendata.digilugu.ee,375994,289206,86788
Estonia,2021-04-20,"Johnson&Johnson, Moderna, Oxford/AstraZeneca, Pfizer/BioNTech",https://opendata.digilugu.ee,380218,291145,89073
Estonia,2021-04-21,"Johnson&Johnson, Moderna, Oxford/AstraZeneca, Pfizer/BioNTech",https://opendata.digilugu.ee,385318,295431,89887
Estonia,2021-04-22,"Johnson&Johnson, Moderna, Oxford/AstraZeneca, Pfizer/BioNTech",https://opendata.digilugu.ee,396908,303640,93268
Estonia,2021-04-23,"Johnson&Johnson, Moderna, Oxford/AstraZeneca, Pfizer/BioNTech",https://opendata.digilugu.ee,405822,309341,96481
Estonia,2021-04-24,"Johnson&Johnson, Moderna, Oxford/AstraZeneca, Pfizer/BioNTech",https://opendata.digilugu.ee,408893,310208,98685
Estonia,2021-04-25,"Johnson&Johnson, Moderna, Oxford/AstraZeneca, Pfizer/BioNTech",https://opendata.digilugu.ee,411285,311416,99869
Estonia,2021-04-26,"Johnson&Johnson, Moderna, Oxford/AstraZeneca, Pfizer/BioNTech",https://opendata.digilugu.ee,414517,312869,101648
Estonia,2021-04-27,"Johnson&Johnson, Moderna, Oxford/AstraZeneca, Pfizer/BioNTech",https://opendata.digilugu.ee,421357,316353,105004
Estonia,2021-04-28,"Johnson&Johnson, Moderna, Oxford/AstraZeneca, Pfizer/BioNTech",https://opendata.digilugu.ee,432572,323002,109570
Estonia,2021-04-29,"Johnson&Johnson, Moderna, Oxford/AstraZeneca, Pfizer/BioNTech",https://opendata.digilugu.ee,447351,331222,116129
Estonia,2021-04-30,"Johnson&Johnson, Moderna, Oxford/AstraZeneca, Pfizer/BioNTech",https://opendata.digilugu.ee,459216,336848,122368
Estonia,2021-05-01,"Johnson&Johnson, Moderna, Oxford/AstraZeneca, Pfizer/BioNTech",https://opendata.digilugu.ee,462231,337799,124432
Estonia,2021-05-02,"Johnson&Johnson, Moderna, Oxford/AstraZeneca, Pfizer/BioNTech",https://opendata.digilugu.ee,464673,339359,125314
Estonia,2021-05-03,"Johnson&Johnson, Moderna, Oxford/AstraZeneca, Pfizer/BioNTech",https://opendata.digilugu.ee,470422,341689,128733
Estonia,2021-05-04,"Johnson&Johnson, Moderna, Oxford/AstraZeneca, Pfizer/BioNTech",https://opendata.digilugu.ee,479126,346654,132472
Estonia,2021-05-05,"Johnson&Johnson, Moderna, Oxford/AstraZeneca, Pfizer/BioNTech",https://opendata.digilugu.ee,492230,353928,138302
Estonia,2021-05-06,"Johnson&Johnson, Moderna, Oxford/AstraZeneca, Pfizer/BioNTech",https://opendata.digilugu.ee,509811,362551,147260
Estonia,2021-05-07,"Johnson&Johnson, Moderna, Oxford/AstraZeneca, Pfizer/BioNTech",https://opendata.digilugu.ee,523585,368840,154745
Estonia,2021-05-08,"Johnson&Johnson, Moderna, Oxford/AstraZeneca, Pfizer/BioNTech",https://opendata.digilugu.ee,529095,371908,157187
Estonia,2021-05-09,"Johnson&Johnson, Moderna, Oxford/AstraZeneca, Pfizer/BioNTech",https://opendata.digilugu.ee,532290,373075,159215
Estonia,2021-05-10,"Johnson&Johnson, Moderna, Oxford/AstraZeneca, Pfizer/BioNTech",https://opendata.digilugu.ee,536612,375270,161342
Estonia,2021-05-11,"Johnson&Johnson, Moderna, Oxford/AstraZeneca, Pfizer/BioNTech",https://opendata.digilugu.ee,542820,379010,163810
Estonia,2021-05-12,"Johnson&Johnson, Moderna, Oxford/AstraZeneca, Pfizer/BioNTech",https://opendata.digilugu.ee,552937,385018,167919
Estonia,2021-05-13,"Johnson&Johnson, Moderna, Oxford/AstraZeneca, Pfizer/BioNTech",https://opendata.digilugu.ee,565880,390845,175035
Estonia,2021-05-14,"Johnson&Johnson, Moderna, Oxford/AstraZeneca, Pfizer/BioNTech",https://opendata.digilugu.ee,574660,396968,177692
Estonia,2021-05-15,"Johnson&Johnson, Moderna, Oxford/AstraZeneca, Pfizer/BioNTech",https://opendata.digilugu.ee,578112,400100,178012
Estonia,2021-05-16,"Johnson&Johnson, Moderna, Oxford/AstraZeneca, Pfizer/BioNTech",https://opendata.digilugu.ee,579071,401032,178039
Estonia,2021-05-17,"Johnson&Johnson, Moderna, Oxford/AstraZeneca, Pfizer/BioNTech",https://opendata.digilugu.ee,586012,406922,179090
Estonia,2021-05-18,"Johnson&Johnson, Moderna, Oxford/AstraZeneca, Pfizer/BioNTech",https://opendata.digilugu.ee,593929,412783,181146
Estonia,2021-05-19,"Johnson&Johnson, Moderna, Oxford/AstraZeneca, Pfizer/BioNTech",https://opendata.digilugu.ee,602919,418014,184905
Estonia,2021-05-20,"Johnson&Johnson, Moderna, Oxford/AstraZeneca, Pfizer/BioNTech",https://opendata.digilugu.ee,617637,423349,194288
Estonia,2021-05-21,"Johnson&Johnson, Moderna, Oxford/AstraZeneca, Pfizer/BioNTech",https://opendata.digilugu.ee,631934,429975,201959
Estonia,2021-05-22,"Johnson&Johnson, Moderna, Oxford/AstraZeneca, Pfizer/BioNTech",https://opendata.digilugu.ee,636792,434076,202716
Estonia,2021-05-23,"Johnson&Johnson, Moderna, Oxford/AstraZeneca, Pfizer/BioNTech",https://opendata.digilugu.ee,640521,437408,203113
Estonia,2021-05-24,"Johnson&Johnson, Moderna, Oxford/AstraZeneca, Pfizer/BioNTech",https://opendata.digilugu.ee,646022,441792,204230
Estonia,2021-05-25,"Johnson&Johnson, Moderna, Oxford/AstraZeneca, Pfizer/BioNTech",https://opendata.digilugu.ee,653041,446774,206267
Estonia,2021-05-26,"Johnson&Johnson, Moderna, Oxford/AstraZeneca, Pfizer/BioNTech",https://opendata.digilugu.ee,664453,452564,211889
Estonia,2021-05-27,"Johnson&Johnson, Moderna, Oxford/AstraZeneca, Pfizer/BioNTech",https://opendata.digilugu.ee,680621,458305,222316
Estonia,2021-05-28,"Johnson&Johnson, Moderna, Oxford/AstraZeneca, Pfizer/BioNTech",https://opendata.digilugu.ee,693116,463061,230055
Estonia,2021-05-29,"Johnson&Johnson, Moderna, Oxford/AstraZeneca, Pfizer/BioNTech",https://opendata.digilugu.ee,698326,466897,231429
Estonia,2021-05-30,"Johnson&Johnson, Moderna, Oxford/AstraZeneca, Pfizer/BioNTech",https://opendata.digilugu.ee,702863,470429,232434
Estonia,2021-05-31,"Johnson&Johnson, Moderna, Oxford/AstraZeneca, Pfizer/BioNTech",https://opendata.digilugu.ee,706580,472732,233848
Estonia,2021-06-01,"Johnson&Johnson, Moderna, Oxford/AstraZeneca, Pfizer/BioNTech",https://opendata.digilugu.ee,715155,478485,236670
Estonia,2021-06-02,"Johnson&Johnson, Moderna, Oxford/AstraZeneca, Pfizer/BioNTech",https://opendata.digilugu.ee,726142,484256,241886
Estonia,2021-06-03,"Johnson&Johnson, Moderna, Oxford/AstraZeneca, Pfizer/BioNTech",https://opendata.digilugu.ee,740154,490381,249773
Estonia,2021-06-04,"Johnson&Johnson, Moderna, Oxford/AstraZeneca, Pfizer/BioNTech",https://opendata.digilugu.ee,751797,495415,256382
Estonia,2021-06-05,"Johnson&Johnson, Moderna, Oxford/AstraZeneca, Pfizer/BioNTech",https://opendata.digilugu.ee,757000,498869,258131
Estonia,2021-06-06,"Johnson&Johnson, Moderna, Oxford/AstraZeneca, Pfizer/BioNTech",https://opendata.digilugu.ee,762219,500489,261730
Estonia,2021-06-07,"Johnson&Johnson, Moderna, Oxford/AstraZeneca, Pfizer/BioNTech",https://opendata.digilugu.ee,768505,503470,265035
Estonia,2021-06-08,"Johnson&Johnson, Moderna, Oxford/AstraZeneca, Pfizer/BioNTech",https://opendata.digilugu.ee,778092,507705,270387
Estonia,2021-06-09,"Johnson&Johnson, Moderna, Oxford/AstraZeneca, Pfizer/BioNTech",https://opendata.digilugu.ee,791569,512058,279511
Estonia,2021-06-10,"Johnson&Johnson, Moderna, Oxford/AstraZeneca, Pfizer/BioNTech",https://opendata.digilugu.ee,806512,516392,290120
Estonia,2021-06-11,"Johnson&Johnson, Moderna, Oxford/AstraZeneca, Pfizer/BioNTech",https://opendata.digilugu.ee,818403,519825,298578
Estonia,2021-06-12,"Johnson&Johnson, Moderna, Oxford/AstraZeneca, Pfizer/BioNTech",https://opendata.digilugu.ee,825238,522032,303206
Estonia,2021-06-13,"Johnson&Johnson, Moderna, Oxford/AstraZeneca, Pfizer/BioNTech",https://opendata.digilugu.ee,829816,523724,306092
Estonia,2021-06-14,"Johnson&Johnson, Moderna, Oxford/AstraZeneca, Pfizer/BioNTech",https://opendata.digilugu.ee,837583,526891,310692
Estonia,2021-06-15,"Johnson&Johnson, Moderna, Oxford/AstraZeneca, Pfizer/BioNTech",https://opendata.digilugu.ee,848143,530339,317804
Estonia,2021-06-16,"Johnson&Johnson, Moderna, Oxford/AstraZeneca, Pfizer/BioNTech",https://opendata.digilugu.ee,861389,533268,328121
Estonia,2021-06-17,"Johnson&Johnson, Moderna, Oxford/AstraZeneca, Pfizer/BioNTech",https://opendata.digilugu.ee,875517,536186,339331
Estonia,2021-06-18,"Johnson&Johnson, Moderna, Oxford/AstraZeneca, Pfizer/BioNTech",https://opendata.digilugu.ee,889559,540670,348889
Estonia,2021-06-19,"Johnson&Johnson, Moderna, Oxford/AstraZeneca, Pfizer/BioNTech",https://opendata.digilugu.ee,895824,542298,353526
Estonia,2021-06-20,"Johnson&Johnson, Moderna, Oxford/AstraZeneca, Pfizer/BioNTech",https://opendata.digilugu.ee,899872,544076,355796
Estonia,2021-06-21,"Johnson&Johnson, Moderna, Oxford/AstraZeneca, Pfizer/BioNTech",https://opendata.digilugu.ee,908475,546972,361503
Estonia,2021-06-22,"Johnson&Johnson, Moderna, Oxford/AstraZeneca, Pfizer/BioNTech",https://opendata.digilugu.ee,914342,548803,365539
Estonia,2021-06-23,"Johnson&Johnson, Moderna, Oxford/AstraZeneca, Pfizer/BioNTech",https://opendata.digilugu.ee,914468,548806,365662
Estonia,2021-06-24,"Johnson&Johnson, Moderna, Oxford/AstraZeneca, Pfizer/BioNTech",https://opendata.digilugu.ee,914644,548842,365802
Estonia,2021-06-25,"Johnson&Johnson, Moderna, Oxford/AstraZeneca, Pfizer/BioNTech",https://opendata.digilugu.ee,922291,550857,371434
Estonia,2021-06-26,"Johnson&Johnson, Moderna, Oxford/AstraZeneca, Pfizer/BioNTech",https://opendata.digilugu.ee,926749,552007,374742
Estonia,2021-06-27,"Johnson&Johnson, Moderna, Oxford/AstraZeneca, Pfizer/BioNTech",https://opendata.digilugu.ee,931174,553230,377944
Estonia,2021-06-28,"Johnson&Johnson, Moderna, Oxford/AstraZeneca, Pfizer/BioNTech",https://opendata.digilugu.ee,938662,555159,383503
Estonia,2021-06-29,"Johnson&Johnson, Moderna, Oxford/AstraZeneca, Pfizer/BioNTech",https://opendata.digilugu.ee,947079,557347,389732
Estonia,2021-06-30,"Johnson&Johnson, Moderna, Oxford/AstraZeneca, Pfizer/BioNTech",https://opendata.digilugu.ee,955942,559779,396163
Estonia,2021-07-01,"Johnson&Johnson, Moderna, Oxford/AstraZeneca, Pfizer/BioNTech",https://opendata.digilugu.ee,963332,562172,401160
Estonia,2021-07-02,"Johnson&Johnson, Moderna, Oxford/AstraZeneca, Pfizer/BioNTech",https://opendata.digilugu.ee,970737,564518,406219
Estonia,2021-07-03,"Johnson&Johnson, Moderna, Oxford/AstraZeneca, Pfizer/BioNTech",https://opendata.digilugu.ee,975770,565860,409910
Estonia,2021-07-04,"Johnson&Johnson, Moderna, Oxford/AstraZeneca, Pfizer/BioNTech",https://opendata.digilugu.ee,981300,567215,414085
Estonia,2021-07-05,"Johnson&Johnson, Moderna, Oxford/AstraZeneca, Pfizer/BioNTech",https://opendata.digilugu.ee,985919,569752,416167
Estonia,2021-07-06,"Johnson&Johnson, Moderna, Oxford/AstraZeneca, Pfizer/BioNTech",https://opendata.digilugu.ee,994269,572331,421938
Estonia,2021-07-07,"Johnson&Johnson, Moderna, Oxford/AstraZeneca, Pfizer/BioNTech",https://opendata.digilugu.ee,1000879,574849,426030
Estonia,2021-07-08,"Johnson&Johnson, Moderna, Oxford/AstraZeneca, Pfizer/BioNTech",https://opendata.digilugu.ee,1008996,577517,431479
Estonia,2021-07-09,"Johnson&Johnson, Moderna, Oxford/AstraZeneca, Pfizer/BioNTech",https://opendata.digilugu.ee,1015627,580403,435224
Estonia,2021-07-10,"Johnson&Johnson, Moderna, Oxford/AstraZeneca, Pfizer/BioNTech",https://opendata.digilugu.ee,1018900,581958,436942
Estonia,2021-07-11,"Johnson&Johnson, Moderna, Oxford/AstraZeneca, Pfizer/BioNTech",https://opendata.digilugu.ee,1023643,583530,440113
