location,date,vaccine,source_url,total_vaccinations,people_vaccinated,people_fully_vaccinated
France,2020-12-27,Pfizer/BioNTech,https://www.data.gouv.fr/fr/datasets/donnees-relatives-aux-personnes-vaccinees-contre-la-covid-19-1/,21,21,0
France,2020-12-28,Pfizer/BioNTech,https://www.data.gouv.fr/fr/datasets/donnees-relatives-aux-personnes-vaccinees-contre-la-covid-19-1/,98,98,0
France,2020-12-29,Pfizer/BioNTech,https://www.data.gouv.fr/fr/datasets/donnees-relatives-aux-personnes-vaccinees-contre-la-covid-19-1/,206,206,0
France,2020-12-30,Pfizer/BioNTech,https://www.data.gouv.fr/fr/datasets/donnees-relatives-aux-personnes-vaccinees-contre-la-covid-19-1/,331,331,0
France,2020-12-31,Pfizer/BioNTech,https://www.data.gouv.fr/fr/datasets/donnees-relatives-aux-personnes-vaccinees-contre-la-covid-19-1/,419,419,0
France,2021-01-01,Pfizer/BioNTech,https://www.data.gouv.fr/fr/datasets/donnees-relatives-aux-personnes-vaccinees-contre-la-covid-19-1/,495,495,0
France,2021-01-02,Pfizer/BioNTech,https://www.data.gouv.fr/fr/datasets/donnees-relatives-aux-personnes-vaccinees-contre-la-covid-19-1/,588,588,0
France,2021-01-03,Pfizer/BioNTech,https://www.data.gouv.fr/fr/datasets/donnees-relatives-aux-personnes-vaccinees-contre-la-covid-19-1/,687,687,0
France,2021-01-04,Pfizer/BioNTech,https://www.data.gouv.fr/fr/datasets/donnees-relatives-aux-personnes-vaccinees-contre-la-covid-19-1/,2170,2170,0
France,2021-01-05,Pfizer/BioNTech,https://www.data.gouv.fr/fr/datasets/donnees-relatives-aux-personnes-vaccinees-contre-la-covid-19-1/,7606,7606,0
France,2021-01-06,Pfizer/BioNTech,https://www.data.gouv.fr/fr/datasets/donnees-relatives-aux-personnes-vaccinees-contre-la-covid-19-1/,18944,18944,0
France,2021-01-07,Pfizer/BioNTech,https://www.data.gouv.fr/fr/datasets/donnees-relatives-aux-personnes-vaccinees-contre-la-covid-19-1/,47653,47653,0
France,2021-01-08,Pfizer/BioNTech,https://www.data.gouv.fr/fr/datasets/donnees-relatives-aux-personnes-vaccinees-contre-la-covid-19-1/,84031,84031,0
France,2021-01-09,Pfizer/BioNTech,https://www.data.gouv.fr/fr/datasets/donnees-relatives-aux-personnes-vaccinees-contre-la-covid-19-1/,94998,94998,0
France,2021-01-10,Pfizer/BioNTech,https://www.data.gouv.fr/fr/datasets/donnees-relatives-aux-personnes-vaccinees-contre-la-covid-19-1/,100651,100651,0
France,2021-01-11,Pfizer/BioNTech,https://www.data.gouv.fr/fr/datasets/donnees-relatives-aux-personnes-vaccinees-contre-la-covid-19-1/,139834,139834,0
France,2021-01-12,Pfizer/BioNTech,https://www.data.gouv.fr/fr/datasets/donnees-relatives-aux-personnes-vaccinees-contre-la-covid-19-1/,200944,200944,0
France,2021-01-13,Pfizer/BioNTech,https://www.data.gouv.fr/fr/datasets/donnees-relatives-aux-personnes-vaccinees-contre-la-covid-19-1/,264979,264979,0
France,2021-01-14,"Moderna, Pfizer/BioNTech",https://www.data.gouv.fr/fr/datasets/donnees-relatives-aux-personnes-vaccinees-contre-la-covid-19-1/,345147,345147,0
France,2021-01-15,"Moderna, Pfizer/BioNTech",https://www.data.gouv.fr/fr/datasets/donnees-relatives-aux-personnes-vaccinees-contre-la-covid-19-1/,412861,412861,0
France,2021-01-16,"Moderna, Pfizer/BioNTech",https://www.data.gouv.fr/fr/datasets/donnees-relatives-aux-personnes-vaccinees-contre-la-covid-19-1/,432722,432644,78
France,2021-01-17,"Moderna, Pfizer/BioNTech",https://www.data.gouv.fr/fr/datasets/donnees-relatives-aux-personnes-vaccinees-contre-la-covid-19-1/,443256,443136,120
France,2021-01-18,"Moderna, Pfizer/BioNTech",https://www.data.gouv.fr/fr/datasets/donnees-relatives-aux-personnes-vaccinees-contre-la-covid-19-1/,528020,527738,282
France,2021-01-19,"Moderna, Pfizer/BioNTech",https://www.data.gouv.fr/fr/datasets/donnees-relatives-aux-personnes-vaccinees-contre-la-covid-19-1/,656892,656485,407
France,2021-01-20,"Moderna, Pfizer/BioNTech",https://www.data.gouv.fr/fr/datasets/donnees-relatives-aux-personnes-vaccinees-contre-la-covid-19-1/,792619,792055,564
France,2021-01-21,"Moderna, Pfizer/BioNTech",https://www.data.gouv.fr/fr/datasets/donnees-relatives-aux-personnes-vaccinees-contre-la-covid-19-1/,948583,947884,699
France,2021-01-22,"Moderna, Pfizer/BioNTech",https://www.data.gouv.fr/fr/datasets/donnees-relatives-aux-personnes-vaccinees-contre-la-covid-19-1/,1067829,1066968,861
France,2021-01-23,"Moderna, Pfizer/BioNTech",https://www.data.gouv.fr/fr/datasets/donnees-relatives-aux-personnes-vaccinees-contre-la-covid-19-1/,1105785,1104874,911
France,2021-01-24,"Moderna, Pfizer/BioNTech",https://www.data.gouv.fr/fr/datasets/donnees-relatives-aux-personnes-vaccinees-contre-la-covid-19-1/,1115199,1114261,938
France,2021-01-25,"Moderna, Pfizer/BioNTech",https://www.data.gouv.fr/fr/datasets/donnees-relatives-aux-personnes-vaccinees-contre-la-covid-19-1/,1193481,1191324,2157
France,2021-01-26,"Moderna, Pfizer/BioNTech",https://www.data.gouv.fr/fr/datasets/donnees-relatives-aux-personnes-vaccinees-contre-la-covid-19-1/,1295603,1290334,5269
France,2021-01-27,"Moderna, Pfizer/BioNTech",https://www.data.gouv.fr/fr/datasets/donnees-relatives-aux-personnes-vaccinees-contre-la-covid-19-1/,1407048,1396183,10865
France,2021-01-28,"Moderna, Pfizer/BioNTech",https://www.data.gouv.fr/fr/datasets/donnees-relatives-aux-personnes-vaccinees-contre-la-covid-19-1/,1544069,1518842,25227
France,2021-01-29,"Moderna, Pfizer/BioNTech",https://www.data.gouv.fr/fr/datasets/donnees-relatives-aux-personnes-vaccinees-contre-la-covid-19-1/,1652422,1609912,42510
France,2021-01-30,"Moderna, Pfizer/BioNTech",https://www.data.gouv.fr/fr/datasets/donnees-relatives-aux-personnes-vaccinees-contre-la-covid-19-1/,1685361,1638626,46735
France,2021-01-31,"Moderna, Pfizer/BioNTech",https://www.data.gouv.fr/fr/datasets/donnees-relatives-aux-personnes-vaccinees-contre-la-covid-19-1/,1691924,1643510,48414
France,2021-02-01,"Moderna, Pfizer/BioNTech",https://www.data.gouv.fr/fr/datasets/donnees-relatives-aux-personnes-vaccinees-contre-la-covid-19-1/,1764753,1695212,69541
France,2021-02-02,"Moderna, Pfizer/BioNTech",https://www.data.gouv.fr/fr/datasets/donnees-relatives-aux-personnes-vaccinees-contre-la-covid-19-1/,1870138,1766036,104102
France,2021-02-03,"Moderna, Pfizer/BioNTech",https://www.data.gouv.fr/fr/datasets/donnees-relatives-aux-personnes-vaccinees-contre-la-covid-19-1/,1978221,1837158,141063
France,2021-02-04,"Moderna, Pfizer/BioNTech",https://www.data.gouv.fr/fr/datasets/donnees-relatives-aux-personnes-vaccinees-contre-la-covid-19-1/,2109032,1917913,191119
France,2021-02-05,"Moderna, Pfizer/BioNTech",https://www.data.gouv.fr/fr/datasets/donnees-relatives-aux-personnes-vaccinees-contre-la-covid-19-1/,2221649,1985188,236461
France,2021-02-06,"Moderna, Oxford/AstraZeneca, Pfizer/BioNTech",https://www.data.gouv.fr/fr/datasets/donnees-relatives-aux-personnes-vaccinees-contre-la-covid-19-1/,2253440,2006578,246862
France,2021-02-07,"Moderna, Oxford/AstraZeneca, Pfizer/BioNTech",https://www.data.gouv.fr/fr/datasets/donnees-relatives-aux-personnes-vaccinees-contre-la-covid-19-1/,2263312,2011408,251904
France,2021-02-08,"Moderna, Oxford/AstraZeneca, Pfizer/BioNTech",https://www.data.gouv.fr/fr/datasets/donnees-relatives-aux-personnes-vaccinees-contre-la-covid-19-1/,2355279,2057390,297889
France,2021-02-09,"Moderna, Oxford/AstraZeneca, Pfizer/BioNTech",https://www.data.gouv.fr/fr/datasets/donnees-relatives-aux-personnes-vaccinees-contre-la-covid-19-1/,2492625,2122324,370301
France,2021-02-10,"Moderna, Oxford/AstraZeneca, Pfizer/BioNTech",https://www.data.gouv.fr/fr/datasets/donnees-relatives-aux-personnes-vaccinees-contre-la-covid-19-1/,2638798,2191750,447048
France,2021-02-11,"Moderna, Oxford/AstraZeneca, Pfizer/BioNTech",https://www.data.gouv.fr/fr/datasets/donnees-relatives-aux-personnes-vaccinees-contre-la-covid-19-1/,2823808,2277607,546201
France,2021-02-12,"Moderna, Oxford/AstraZeneca, Pfizer/BioNTech",https://www.data.gouv.fr/fr/datasets/donnees-relatives-aux-personnes-vaccinees-contre-la-covid-19-1/,2975956,2355531,620425
France,2021-02-13,"Moderna, Oxford/AstraZeneca, Pfizer/BioNTech",https://www.data.gouv.fr/fr/datasets/donnees-relatives-aux-personnes-vaccinees-contre-la-covid-19-1/,3017183,2377266,639917
France,2021-02-14,"Moderna, Oxford/AstraZeneca, Pfizer/BioNTech",https://www.data.gouv.fr/fr/datasets/donnees-relatives-aux-personnes-vaccinees-contre-la-covid-19-1/,3028977,2381869,647108
France,2021-02-15,"Moderna, Oxford/AstraZeneca, Pfizer/BioNTech",https://www.data.gouv.fr/fr/datasets/donnees-relatives-aux-personnes-vaccinees-contre-la-covid-19-1/,3142673,2419049,723624
France,2021-02-16,"Moderna, Oxford/AstraZeneca, Pfizer/BioNTech",https://www.data.gouv.fr/fr/datasets/donnees-relatives-aux-personnes-vaccinees-contre-la-covid-19-1/,3292751,2468381,824370
France,2021-02-17,"Moderna, Oxford/AstraZeneca, Pfizer/BioNTech",https://www.data.gouv.fr/fr/datasets/donnees-relatives-aux-personnes-vaccinees-contre-la-covid-19-1/,3445193,2517830,927363
France,2021-02-18,"Moderna, Oxford/AstraZeneca, Pfizer/BioNTech",https://www.data.gouv.fr/fr/datasets/donnees-relatives-aux-personnes-vaccinees-contre-la-covid-19-1/,3631965,2586069,1045896
France,2021-02-19,"Moderna, Oxford/AstraZeneca, Pfizer/BioNTech",https://www.data.gouv.fr/fr/datasets/donnees-relatives-aux-personnes-vaccinees-contre-la-covid-19-1/,3786738,2650082,1136656
France,2021-02-20,"Moderna, Oxford/AstraZeneca, Pfizer/BioNTech",https://www.data.gouv.fr/fr/datasets/donnees-relatives-aux-personnes-vaccinees-contre-la-covid-19-1/,3833202,2668117,1165085
France,2021-02-21,"Moderna, Oxford/AstraZeneca, Pfizer/BioNTech",https://www.data.gouv.fr/fr/datasets/donnees-relatives-aux-personnes-vaccinees-contre-la-covid-19-1/,3842447,2670990,1171457
France,2021-02-22,"Moderna, Oxford/AstraZeneca, Pfizer/BioNTech",https://www.data.gouv.fr/fr/datasets/donnees-relatives-aux-personnes-vaccinees-contre-la-covid-19-1/,3952212,2707604,1244608
France,2021-02-23,"Moderna, Oxford/AstraZeneca, Pfizer/BioNTech",https://www.data.gouv.fr/fr/datasets/donnees-relatives-aux-personnes-vaccinees-contre-la-covid-19-1/,4089035,2760362,1328673
France,2021-02-24,"Moderna, Oxford/AstraZeneca, Pfizer/BioNTech",https://www.data.gouv.fr/fr/datasets/donnees-relatives-aux-personnes-vaccinees-contre-la-covid-19-1/,4228428,2818632,1409796
France,2021-02-25,"Moderna, Oxford/AstraZeneca, Pfizer/BioNTech",https://www.data.gouv.fr/fr/datasets/donnees-relatives-aux-personnes-vaccinees-contre-la-covid-19-1/,4418813,2917617,1501196
France,2021-02-26,"Moderna, Oxford/AstraZeneca, Pfizer/BioNTech",https://www.data.gouv.fr/fr/datasets/donnees-relatives-aux-personnes-vaccinees-contre-la-covid-19-1/,4601845,3029634,1572211
France,2021-02-27,"Moderna, Oxford/AstraZeneca, Pfizer/BioNTech",https://www.data.gouv.fr/fr/datasets/donnees-relatives-aux-personnes-vaccinees-contre-la-covid-19-1/,4675128,3080936,1594192
France,2021-02-28,"Moderna, Oxford/AstraZeneca, Pfizer/BioNTech",https://www.data.gouv.fr/fr/datasets/donnees-relatives-aux-personnes-vaccinees-contre-la-covid-19-1/,4685244,3086638,1598606
France,2021-03-01,"Moderna, Oxford/AstraZeneca, Pfizer/BioNTech",https://www.data.gouv.fr/fr/datasets/donnees-relatives-aux-personnes-vaccinees-contre-la-covid-19-1/,4801874,3150476,1651398
France,2021-03-02,"Moderna, Oxford/AstraZeneca, Pfizer/BioNTech",https://www.data.gouv.fr/fr/datasets/donnees-relatives-aux-personnes-vaccinees-contre-la-covid-19-1/,4967706,3250055,1717651
France,2021-03-03,"Moderna, Oxford/AstraZeneca, Pfizer/BioNTech",https://www.data.gouv.fr/fr/datasets/donnees-relatives-aux-personnes-vaccinees-contre-la-covid-19-1/,5147337,3364133,1783204
France,2021-03-04,"Moderna, Oxford/AstraZeneca, Pfizer/BioNTech",https://www.data.gouv.fr/fr/datasets/donnees-relatives-aux-personnes-vaccinees-contre-la-covid-19-1/,5377279,3525189,1852090
France,2021-03-05,"Moderna, Oxford/AstraZeneca, Pfizer/BioNTech",https://www.data.gouv.fr/fr/datasets/donnees-relatives-aux-personnes-vaccinees-contre-la-covid-19-1/,5639166,3723711,1915455
France,2021-03-06,"Moderna, Oxford/AstraZeneca, Pfizer/BioNTech",https://www.data.gouv.fr/fr/datasets/donnees-relatives-aux-personnes-vaccinees-contre-la-covid-19-1/,5862874,3929597,1933277
France,2021-03-07,"Moderna, Oxford/AstraZeneca, Pfizer/BioNTech",https://www.data.gouv.fr/fr/datasets/donnees-relatives-aux-personnes-vaccinees-contre-la-covid-19-1/,5988418,4049670,1938748
France,2021-03-08,"Moderna, Oxford/AstraZeneca, Pfizer/BioNTech",https://www.data.gouv.fr/fr/datasets/donnees-relatives-aux-personnes-vaccinees-contre-la-covid-19-1/,6144478,4154930,1989548
France,2021-03-09,"Moderna, Oxford/AstraZeneca, Pfizer/BioNTech",https://www.data.gouv.fr/fr/datasets/donnees-relatives-aux-personnes-vaccinees-contre-la-covid-19-1/,6371486,4325158,2046328
France,2021-03-10,"Moderna, Oxford/AstraZeneca, Pfizer/BioNTech",https://www.data.gouv.fr/fr/datasets/donnees-relatives-aux-personnes-vaccinees-contre-la-covid-19-1/,6604980,4501434,2103546
France,2021-03-11,"Moderna, Oxford/AstraZeneca, Pfizer/BioNTech",https://www.data.gouv.fr/fr/datasets/donnees-relatives-aux-personnes-vaccinees-contre-la-covid-19-1/,6908288,4741631,2166657
France,2021-03-12,"Moderna, Oxford/AstraZeneca, Pfizer/BioNTech",https://www.data.gouv.fr/fr/datasets/donnees-relatives-aux-personnes-vaccinees-contre-la-covid-19-1/,7253772,5033595,2220177
France,2021-03-13,"Moderna, Oxford/AstraZeneca, Pfizer/BioNTech",https://www.data.gouv.fr/fr/datasets/donnees-relatives-aux-personnes-vaccinees-contre-la-covid-19-1/,7498350,5262864,2235486
France,2021-03-14,"Moderna, Oxford/AstraZeneca, Pfizer/BioNTech",https://www.data.gouv.fr/fr/datasets/donnees-relatives-aux-personnes-vaccinees-contre-la-covid-19-1/,7564144,5325221,2238923
France,2021-03-15,"Moderna, Oxford/AstraZeneca, Pfizer/BioNTech",https://www.data.gouv.fr/fr/datasets/donnees-relatives-aux-personnes-vaccinees-contre-la-covid-19-1/,7753218,5481646,2271572
France,2021-03-16,"Moderna, Oxford/AstraZeneca, Pfizer/BioNTech",https://www.data.gouv.fr/fr/datasets/donnees-relatives-aux-personnes-vaccinees-contre-la-covid-19-1/,7932371,5621270,2311101
France,2021-03-17,"Moderna, Oxford/AstraZeneca, Pfizer/BioNTech",https://www.data.gouv.fr/fr/datasets/donnees-relatives-aux-personnes-vaccinees-contre-la-covid-19-1/,8119621,5769725,2349896
France,2021-03-18,"Moderna, Oxford/AstraZeneca, Pfizer/BioNTech",https://www.data.gouv.fr/fr/datasets/donnees-relatives-aux-personnes-vaccinees-contre-la-covid-19-1/,8329784,5935254,2394530
France,2021-03-19,"Moderna, Oxford/AstraZeneca, Pfizer/BioNTech",https://www.data.gouv.fr/fr/datasets/donnees-relatives-aux-personnes-vaccinees-contre-la-covid-19-1/,8594712,6162701,2432011
France,2021-03-20,"Moderna, Oxford/AstraZeneca, Pfizer/BioNTech",https://www.data.gouv.fr/fr/datasets/donnees-relatives-aux-personnes-vaccinees-contre-la-covid-19-1/,8771556,6327761,2443795
France,2021-03-21,"Moderna, Oxford/AstraZeneca, Pfizer/BioNTech",https://www.data.gouv.fr/fr/datasets/donnees-relatives-aux-personnes-vaccinees-contre-la-covid-19-1/,8823007,6376585,2446422
France,2021-03-22,"Moderna, Oxford/AstraZeneca, Pfizer/BioNTech",https://www.data.gouv.fr/fr/datasets/donnees-relatives-aux-personnes-vaccinees-contre-la-covid-19-1/,9024960,6544244,2480716
France,2021-03-23,"Moderna, Oxford/AstraZeneca, Pfizer/BioNTech",https://www.data.gouv.fr/fr/datasets/donnees-relatives-aux-personnes-vaccinees-contre-la-covid-19-1/,9314977,6791849,2523128
France,2021-03-24,"Moderna, Oxford/AstraZeneca, Pfizer/BioNTech",https://www.data.gouv.fr/fr/datasets/donnees-relatives-aux-personnes-vaccinees-contre-la-covid-19-1/,9613017,7046034,2566983
France,2021-03-25,"Moderna, Oxford/AstraZeneca, Pfizer/BioNTech",https://www.data.gouv.fr/fr/datasets/donnees-relatives-aux-personnes-vaccinees-contre-la-covid-19-1/,9996681,7384934,2611747
France,2021-03-26,"Moderna, Oxford/AstraZeneca, Pfizer/BioNTech",https://www.data.gouv.fr/fr/datasets/donnees-relatives-aux-personnes-vaccinees-contre-la-covid-19-1/,10394859,7741198,2653661
France,2021-03-27,"Moderna, Oxford/AstraZeneca, Pfizer/BioNTech",https://www.data.gouv.fr/fr/datasets/donnees-relatives-aux-personnes-vaccinees-contre-la-covid-19-1/,10605195,7934883,2670312
France,2021-03-28,"Moderna, Oxford/AstraZeneca, Pfizer/BioNTech",https://www.data.gouv.fr/fr/datasets/donnees-relatives-aux-personnes-vaccinees-contre-la-covid-19-1/,10667371,7993327,2674044
France,2021-03-29,"Moderna, Oxford/AstraZeneca, Pfizer/BioNTech",https://www.data.gouv.fr/fr/datasets/donnees-relatives-aux-personnes-vaccinees-contre-la-covid-19-1/,10922687,8194341,2728346
France,2021-03-30,"Moderna, Oxford/AstraZeneca, Pfizer/BioNTech",https://www.data.gouv.fr/fr/datasets/donnees-relatives-aux-personnes-vaccinees-contre-la-covid-19-1/,11275247,8477197,2798050
France,2021-03-31,"Moderna, Oxford/AstraZeneca, Pfizer/BioNTech",https://www.data.gouv.fr/fr/datasets/donnees-relatives-aux-personnes-vaccinees-contre-la-covid-19-1/,11608614,8737623,2870991
France,2021-04-01,"Moderna, Oxford/AstraZeneca, Pfizer/BioNTech",https://www.data.gouv.fr/fr/datasets/donnees-relatives-aux-personnes-vaccinees-contre-la-covid-19-1/,12007785,9048945,2958840
France,2021-04-02,"Moderna, Oxford/AstraZeneca, Pfizer/BioNTech",https://www.data.gouv.fr/fr/datasets/donnees-relatives-aux-personnes-vaccinees-contre-la-covid-19-1/,12378736,9327744,3050992
France,2021-04-03,"Moderna, Oxford/AstraZeneca, Pfizer/BioNTech",https://www.data.gouv.fr/fr/datasets/donnees-relatives-aux-personnes-vaccinees-contre-la-covid-19-1/,12580166,9467305,3112861
France,2021-04-04,"Moderna, Oxford/AstraZeneca, Pfizer/BioNTech",https://www.data.gouv.fr/fr/datasets/donnees-relatives-aux-personnes-vaccinees-contre-la-covid-19-1/,12643808,9512280,3131528
France,2021-04-05,"Moderna, Oxford/AstraZeneca, Pfizer/BioNTech",https://www.data.gouv.fr/fr/datasets/donnees-relatives-aux-personnes-vaccinees-contre-la-covid-19-1/,12713740,9571204,3142536
France,2021-04-06,"Moderna, Oxford/AstraZeneca, Pfizer/BioNTech",https://www.data.gouv.fr/fr/datasets/donnees-relatives-aux-personnes-vaccinees-contre-la-covid-19-1/,13035776,9785346,3250430
France,2021-04-07,"Moderna, Oxford/AstraZeneca, Pfizer/BioNTech",https://www.data.gouv.fr/fr/datasets/donnees-relatives-aux-personnes-vaccinees-contre-la-covid-19-1/,13408332,10042422,3365910
France,2021-04-08,"Moderna, Oxford/AstraZeneca, Pfizer/BioNTech",https://www.data.gouv.fr/fr/datasets/donnees-relatives-aux-personnes-vaccinees-contre-la-covid-19-1/,13863821,10376467,3487354
France,2021-04-09,"Moderna, Oxford/AstraZeneca, Pfizer/BioNTech",https://www.data.gouv.fr/fr/datasets/donnees-relatives-aux-personnes-vaccinees-contre-la-covid-19-1/,14386926,10783058,3603868
France,2021-04-10,"Moderna, Oxford/AstraZeneca, Pfizer/BioNTech",https://www.data.gouv.fr/fr/datasets/donnees-relatives-aux-personnes-vaccinees-contre-la-covid-19-1/,14680425,10993799,3686626
France,2021-04-11,"Moderna, Oxford/AstraZeneca, Pfizer/BioNTech",https://www.data.gouv.fr/fr/datasets/donnees-relatives-aux-personnes-vaccinees-contre-la-covid-19-1/,14770027,11048802,3721225
France,2021-04-12,"Moderna, Oxford/AstraZeneca, Pfizer/BioNTech",https://www.data.gouv.fr/fr/datasets/donnees-relatives-aux-personnes-vaccinees-contre-la-covid-19-1/,15119777,11283311,3836466
France,2021-04-13,"Moderna, Oxford/AstraZeneca, Pfizer/BioNTech",https://www.data.gouv.fr/fr/datasets/donnees-relatives-aux-personnes-vaccinees-contre-la-covid-19-1/,15571067,11589608,3981459
France,2021-04-14,"Moderna, Oxford/AstraZeneca, Pfizer/BioNTech",https://www.data.gouv.fr/fr/datasets/donnees-relatives-aux-personnes-vaccinees-contre-la-covid-19-1/,16001245,11880354,4120891
France,2021-04-15,"Moderna, Oxford/AstraZeneca, Pfizer/BioNTech",https://www.data.gouv.fr/fr/datasets/donnees-relatives-aux-personnes-vaccinees-contre-la-covid-19-1/,16482039,12213264,4268775
France,2021-04-16,"Moderna, Oxford/AstraZeneca, Pfizer/BioNTech",https://www.data.gouv.fr/fr/datasets/donnees-relatives-aux-personnes-vaccinees-contre-la-covid-19-1/,16964174,12549605,4414569
France,2021-04-17,"Moderna, Oxford/AstraZeneca, Pfizer/BioNTech",https://www.data.gouv.fr/fr/datasets/donnees-relatives-aux-personnes-vaccinees-contre-la-covid-19-1/,17241321,12736482,4504839
France,2021-04-18,"Moderna, Oxford/AstraZeneca, Pfizer/BioNTech",https://www.data.gouv.fr/fr/datasets/donnees-relatives-aux-personnes-vaccinees-contre-la-covid-19-1/,17327320,12787053,4540267
France,2021-04-19,"Moderna, Oxford/AstraZeneca, Pfizer/BioNTech",https://www.data.gouv.fr/fr/datasets/donnees-relatives-aux-personnes-vaccinees-contre-la-covid-19-1/,17668942,12990264,4678678
France,2021-04-20,"Moderna, Oxford/AstraZeneca, Pfizer/BioNTech",https://www.data.gouv.fr/fr/datasets/donnees-relatives-aux-personnes-vaccinees-contre-la-covid-19-1/,18091147,13241706,4849441
France,2021-04-21,"Moderna, Oxford/AstraZeneca, Pfizer/BioNTech",https://www.data.gouv.fr/fr/datasets/donnees-relatives-aux-personnes-vaccinees-contre-la-covid-19-1/,18510073,13491801,5018272
France,2021-04-22,"Moderna, Oxford/AstraZeneca, Pfizer/BioNTech",https://www.data.gouv.fr/fr/datasets/donnees-relatives-aux-personnes-vaccinees-contre-la-covid-19-1/,18982555,13775986,5206569
France,2021-04-23,"Johnson&Johnson, Moderna, Oxford/AstraZeneca, Pfizer/BioNTech",https://www.data.gouv.fr/fr/datasets/donnees-relatives-aux-personnes-vaccinees-contre-la-covid-19-1/,19457814,14067944,5390751
France,2021-04-24,"Johnson&Johnson, Moderna, Oxford/AstraZeneca, Pfizer/BioNTech",https://www.data.gouv.fr/fr/datasets/donnees-relatives-aux-personnes-vaccinees-contre-la-covid-19-1/,19757936,14256478,5503891
France,2021-04-25,"Johnson&Johnson, Moderna, Oxford/AstraZeneca, Pfizer/BioNTech",https://www.data.gouv.fr/fr/datasets/donnees-relatives-aux-personnes-vaccinees-contre-la-covid-19-1/,19865313,14324972,5542891
France,2021-04-26,"Johnson&Johnson, Moderna, Oxford/AstraZeneca, Pfizer/BioNTech",https://www.data.gouv.fr/fr/datasets/donnees-relatives-aux-personnes-vaccinees-contre-la-covid-19-1/,20239924,14543444,5701865
France,2021-04-27,"Johnson&Johnson, Moderna, Oxford/AstraZeneca, Pfizer/BioNTech",https://www.data.gouv.fr/fr/datasets/donnees-relatives-aux-personnes-vaccinees-contre-la-covid-19-1/,20709068,14825033,5898817
France,2021-04-28,"Johnson&Johnson, Moderna, Oxford/AstraZeneca, Pfizer/BioNTech",https://www.data.gouv.fr/fr/datasets/donnees-relatives-aux-personnes-vaccinees-contre-la-covid-19-1/,21188933,15121662,6091842
France,2021-04-29,"Johnson&Johnson, Moderna, Oxford/AstraZeneca, Pfizer/BioNTech",https://www.data.gouv.fr/fr/datasets/donnees-relatives-aux-personnes-vaccinees-contre-la-covid-19-1/,21738819,15475375,6303906
France,2021-04-30,"Johnson&Johnson, Moderna, Oxford/AstraZeneca, Pfizer/BioNTech",https://www.data.gouv.fr/fr/datasets/donnees-relatives-aux-personnes-vaccinees-contre-la-covid-19-1/,22292506,15844185,6507871
France,2021-05-01,"Johnson&Johnson, Moderna, Oxford/AstraZeneca, Pfizer/BioNTech",https://www.data.gouv.fr/fr/datasets/donnees-relatives-aux-personnes-vaccinees-contre-la-covid-19-1/,22509513,16008646,6562318
France,2021-05-02,"Johnson&Johnson, Moderna, Oxford/AstraZeneca, Pfizer/BioNTech",https://www.data.gouv.fr/fr/datasets/donnees-relatives-aux-personnes-vaccinees-contre-la-covid-19-1/,22637714,16099010,6600598
France,2021-05-03,"Johnson&Johnson, Moderna, Oxford/AstraZeneca, Pfizer/BioNTech",https://www.data.gouv.fr/fr/datasets/donnees-relatives-aux-personnes-vaccinees-contre-la-covid-19-1/,23092212,16383819,6775222
France,2021-05-04,"Johnson&Johnson, Moderna, Oxford/AstraZeneca, Pfizer/BioNTech",https://www.data.gouv.fr/fr/datasets/donnees-relatives-aux-personnes-vaccinees-contre-la-covid-19-1/,23628353,16695597,7007843
France,2021-05-05,"Johnson&Johnson, Moderna, Oxford/AstraZeneca, Pfizer/BioNTech",https://www.data.gouv.fr/fr/datasets/donnees-relatives-aux-personnes-vaccinees-contre-la-covid-19-1/,24174846,17017519,7238421
France,2021-05-06,"Johnson&Johnson, Moderna, Oxford/AstraZeneca, Pfizer/BioNTech",https://www.data.gouv.fr/fr/datasets/donnees-relatives-aux-personnes-vaccinees-contre-la-covid-19-1/,24788841,17392261,7488926
France,2021-05-07,"Johnson&Johnson, Moderna, Oxford/AstraZeneca, Pfizer/BioNTech",https://www.data.gouv.fr/fr/datasets/donnees-relatives-aux-personnes-vaccinees-contre-la-covid-19-1/,25414869,17760894,7765235
France,2021-05-08,"Johnson&Johnson, Moderna, Oxford/AstraZeneca, Pfizer/BioNTech",https://www.data.gouv.fr/fr/datasets/donnees-relatives-aux-personnes-vaccinees-contre-la-covid-19-1/,25701189,17980271,7834435
France,2021-05-09,"Johnson&Johnson, Moderna, Oxford/AstraZeneca, Pfizer/BioNTech",https://www.data.gouv.fr/fr/datasets/donnees-relatives-aux-personnes-vaccinees-contre-la-covid-19-1/,25876438,18108751,7881832
France,2021-05-10,"Johnson&Johnson, Moderna, Oxford/AstraZeneca, Pfizer/BioNTech",https://www.data.gouv.fr/fr/datasets/donnees-relatives-aux-personnes-vaccinees-contre-la-covid-19-1/,26413374,18416618,8117992
France,2021-05-11,"Johnson&Johnson, Moderna, Oxford/AstraZeneca, Pfizer/BioNTech",https://www.data.gouv.fr/fr/datasets/donnees-relatives-aux-personnes-vaccinees-contre-la-covid-19-1/,27070936,18815946,8390356
France,2021-05-12,"Johnson&Johnson, Moderna, Oxford/AstraZeneca, Pfizer/BioNTech",https://www.data.gouv.fr/fr/datasets/donnees-relatives-aux-personnes-vaccinees-contre-la-covid-19-1/,27732684,19244408,8633604
France,2021-05-13,"Johnson&Johnson, Moderna, Oxford/AstraZeneca, Pfizer/BioNTech",https://www.data.gouv.fr/fr/datasets/donnees-relatives-aux-personnes-vaccinees-contre-la-covid-19-1/,28123834,19578647,8691961
France,2021-05-14,"Johnson&Johnson, Moderna, Oxford/AstraZeneca, Pfizer/BioNTech",https://www.data.gouv.fr/fr/datasets/donnees-relatives-aux-personnes-vaccinees-contre-la-covid-19-1/,28740594,20027793,8867166
France,2021-05-15,"Johnson&Johnson, Moderna, Oxford/AstraZeneca, Pfizer/BioNTech",https://www.data.gouv.fr/fr/datasets/donnees-relatives-aux-personnes-vaccinees-contre-la-covid-19-1/,29205018,20398169,8964804
France,2021-05-16,"Johnson&Johnson, Moderna, Oxford/AstraZeneca, Pfizer/BioNTech",https://www.data.gouv.fr/fr/datasets/donnees-relatives-aux-personnes-vaccinees-contre-la-covid-19-1/,29426707,20599020,8986004
France,2021-05-17,"Johnson&Johnson, Moderna, Oxford/AstraZeneca, Pfizer/BioNTech",https://www.data.gouv.fr/fr/datasets/donnees-relatives-aux-personnes-vaccinees-contre-la-covid-19-1/,29948049,20971150,9139568
France,2021-05-18,"Johnson&Johnson, Moderna, Oxford/AstraZeneca, Pfizer/BioNTech",https://www.data.gouv.fr/fr/datasets/donnees-relatives-aux-personnes-vaccinees-contre-la-covid-19-1/,30555572,21425436,9301397
France,2021-05-19,"Johnson&Johnson, Moderna, Oxford/AstraZeneca, Pfizer/BioNTech",https://www.data.gouv.fr/fr/datasets/donnees-relatives-aux-personnes-vaccinees-contre-la-covid-19-1/,31163454,21887901,9452341
France,2021-05-20,"Johnson&Johnson, Moderna, Oxford/AstraZeneca, Pfizer/BioNTech",https://www.data.gouv.fr/fr/datasets/donnees-relatives-aux-personnes-vaccinees-contre-la-covid-19-1/,31825000,22389015,9622014
France,2021-05-21,"Johnson&Johnson, Moderna, Oxford/AstraZeneca, Pfizer/BioNTech",https://www.data.gouv.fr/fr/datasets/donnees-relatives-aux-personnes-vaccinees-contre-la-covid-19-1/,32483767,22873152,9809156
France,2021-05-22,"Johnson&Johnson, Moderna, Oxford/AstraZeneca, Pfizer/BioNTech",https://www.data.gouv.fr/fr/datasets/donnees-relatives-aux-personnes-vaccinees-contre-la-covid-19-1/,32908052,23217503,9894011
France,2021-05-23,"Johnson&Johnson, Moderna, Oxford/AstraZeneca, Pfizer/BioNTech",https://www.data.gouv.fr/fr/datasets/donnees-relatives-aux-personnes-vaccinees-contre-la-covid-19-1/,33082687,23377684,9908892
France,2021-05-24,"Johnson&Johnson, Moderna, Oxford/AstraZeneca, Pfizer/BioNTech",https://www.data.gouv.fr/fr/datasets/donnees-relatives-aux-personnes-vaccinees-contre-la-covid-19-1/,33375911,23637631,9943115
France,2021-05-25,"Johnson&Johnson, Moderna, Oxford/AstraZeneca, Pfizer/BioNTech",https://www.data.gouv.fr/fr/datasets/donnees-relatives-aux-personnes-vaccinees-contre-la-covid-19-1/,33960596,24032922,10139908
France,2021-05-26,"Johnson&Johnson, Moderna, Oxford/AstraZeneca, Pfizer/BioNTech",https://www.data.gouv.fr/fr/datasets/donnees-relatives-aux-personnes-vaccinees-contre-la-covid-19-1/,34556895,24440965,10335716
France,2021-05-27,"Johnson&Johnson, Moderna, Oxford/AstraZeneca, Pfizer/BioNTech",https://www.data.gouv.fr/fr/datasets/donnees-relatives-aux-personnes-vaccinees-contre-la-covid-19-1/,35220638,24885916,10568608
France,2021-05-28,"Johnson&Johnson, Moderna, Oxford/AstraZeneca, Pfizer/BioNTech",https://www.data.gouv.fr/fr/datasets/donnees-relatives-aux-personnes-vaccinees-contre-la-covid-19-1/,35904815,25310313,10854605
France,2021-05-29,"Johnson&Johnson, Moderna, Oxford/AstraZeneca, Pfizer/BioNTech",https://www.data.gouv.fr/fr/datasets/donnees-relatives-aux-personnes-vaccinees-contre-la-covid-19-1/,36350270,25606249,11015275
France,2021-05-30,"Johnson&Johnson, Moderna, Oxford/AstraZeneca, Pfizer/BioNTech",https://www.data.gouv.fr/fr/datasets/donnees-relatives-aux-personnes-vaccinees-contre-la-covid-19-1/,36488216,25711543,11048784
France,2021-05-31,"Johnson&Johnson, Moderna, Oxford/AstraZeneca, Pfizer/BioNTech",https://www.data.gouv.fr/fr/datasets/donnees-relatives-aux-personnes-vaccinees-contre-la-covid-19-1/,37044998,26064641,11264898
France,2021-06-01,"Johnson&Johnson, Moderna, Oxford/AstraZeneca, Pfizer/BioNTech",https://www.data.gouv.fr/fr/datasets/donnees-relatives-aux-personnes-vaccinees-contre-la-covid-19-1/,37712458,26480247,11536585
France,2021-06-02,"Johnson&Johnson, Moderna, Oxford/AstraZeneca, Pfizer/BioNTech",https://www.data.gouv.fr/fr/datasets/donnees-relatives-aux-personnes-vaccinees-contre-la-covid-19-1/,38347248,26883892,11781942
France,2021-06-03,"Johnson&Johnson, Moderna, Oxford/AstraZeneca, Pfizer/BioNTech",https://www.data.gouv.fr/fr/datasets/donnees-relatives-aux-personnes-vaccinees-contre-la-covid-19-1/,39059034,27336809,12059965
France,2021-06-04,"Johnson&Johnson, Moderna, Oxford/AstraZeneca, Pfizer/BioNTech",https://www.data.gouv.fr/fr/datasets/donnees-relatives-aux-personnes-vaccinees-contre-la-covid-19-1/,39807677,27780409,12387122
France,2021-06-05,"Johnson&Johnson, Moderna, Oxford/AstraZeneca, Pfizer/BioNTech",https://www.data.gouv.fr/fr/datasets/donnees-relatives-aux-personnes-vaccinees-contre-la-covid-19-1/,40296137,28079700,12585785
France,2021-06-06,"Johnson&Johnson, Moderna, Oxford/AstraZeneca, Pfizer/BioNTech",https://www.data.gouv.fr/fr/datasets/donnees-relatives-aux-personnes-vaccinees-contre-la-covid-19-1/,40474946,28209342,12635874
France,2021-06-07,"Johnson&Johnson, Moderna, Oxford/AstraZeneca, Pfizer/BioNTech",https://www.data.gouv.fr/fr/datasets/donnees-relatives-aux-personnes-vaccinees-contre-la-covid-19-1/,41067389,28539150,12907435
France,2021-06-08,"Johnson&Johnson, Moderna, Oxford/AstraZeneca, Pfizer/BioNTech",https://www.data.gouv.fr/fr/datasets/donnees-relatives-aux-personnes-vaccinees-contre-la-covid-19-1/,41741959,28922224,13213238
France,2021-06-09,"Johnson&Johnson, Moderna, Oxford/AstraZeneca, Pfizer/BioNTech",https://www.data.gouv.fr/fr/datasets/donnees-relatives-aux-personnes-vaccinees-contre-la-covid-19-1/,42392626,29296762,13501273
France,2021-06-10,"Johnson&Johnson, Moderna, Oxford/AstraZeneca, Pfizer/BioNTech",https://www.data.gouv.fr/fr/datasets/donnees-relatives-aux-personnes-vaccinees-contre-la-covid-19-1/,43071144,29685614,13805974
France,2021-06-11,"Johnson&Johnson, Moderna, Oxford/AstraZeneca, Pfizer/BioNTech",https://www.data.gouv.fr/fr/datasets/donnees-relatives-aux-personnes-vaccinees-contre-la-covid-19-1/,43805515,30062222,14180341
France,2021-06-12,"Johnson&Johnson, Moderna, Oxford/AstraZeneca, Pfizer/BioNTech",https://www.data.gouv.fr/fr/datasets/donnees-relatives-aux-personnes-vaccinees-contre-la-covid-19-1/,44294324,30339382,14399209
France,2021-06-13,"Johnson&Johnson, Moderna, Oxford/AstraZeneca, Pfizer/BioNTech",https://www.data.gouv.fr/fr/datasets/donnees-relatives-aux-personnes-vaccinees-contre-la-covid-19-1/,44470230,30441148,14474181
France,2021-06-14,"Johnson&Johnson, Moderna, Oxford/AstraZeneca, Pfizer/BioNTech",https://www.data.gouv.fr/fr/datasets/donnees-relatives-aux-personnes-vaccinees-contre-la-covid-19-1/,45057780,30672505,14836790
France,2021-06-15,"Johnson&Johnson, Moderna, Oxford/AstraZeneca, Pfizer/BioNTech",https://www.data.gouv.fr/fr/datasets/donnees-relatives-aux-personnes-vaccinees-contre-la-covid-19-1/,45740023,30968404,15233737
France,2021-06-16,"Johnson&Johnson, Moderna, Oxford/AstraZeneca, Pfizer/BioNTech",https://www.data.gouv.fr/fr/datasets/donnees-relatives-aux-personnes-vaccinees-contre-la-covid-19-1/,46402377,31272698,15600450
France,2021-06-17,"Johnson&Johnson, Moderna, Oxford/AstraZeneca, Pfizer/BioNTech",https://www.data.gouv.fr/fr/datasets/donnees-relatives-aux-personnes-vaccinees-contre-la-covid-19-1/,47083070,31580947,15983463
France,2021-06-18,"Johnson&Johnson, Moderna, Oxford/AstraZeneca, Pfizer/BioNTech",https://www.data.gouv.fr/fr/datasets/donnees-relatives-aux-personnes-vaccinees-contre-la-covid-19-1/,47835775,31890588,16438590
France,2021-06-19,"Johnson&Johnson, Moderna, Oxford/AstraZeneca, Pfizer/BioNTech",https://www.data.gouv.fr/fr/datasets/donnees-relatives-aux-personnes-vaccinees-contre-la-covid-19-1/,48329048,32109706,16718108
France,2021-06-20,"Johnson&Johnson, Moderna, Oxford/AstraZeneca, Pfizer/BioNTech",https://www.data.gouv.fr/fr/datasets/donnees-relatives-aux-personnes-vaccinees-contre-la-covid-19-1/,48502381,32180338,16821400
France,2021-06-21,"Johnson&Johnson, Moderna, Oxford/AstraZeneca, Pfizer/BioNTech",https://www.data.gouv.fr/fr/datasets/donnees-relatives-aux-personnes-vaccinees-contre-la-covid-19-1/,49091714,32367290,17228588
France,2021-06-22,"Johnson&Johnson, Moderna, Oxford/AstraZeneca, Pfizer/BioNTech",https://www.data.gouv.fr/fr/datasets/donnees-relatives-aux-personnes-vaccinees-contre-la-covid-19-1/,49773882,32581829,17703843
France,2021-06-23,"Johnson&Johnson, Moderna, Oxford/AstraZeneca, Pfizer/BioNTech",https://www.data.gouv.fr/fr/datasets/donnees-relatives-aux-personnes-vaccinees-contre-la-covid-19-1/,50439223,32806936,18150882
France,2021-06-24,"Johnson&Johnson, Moderna, Oxford/AstraZeneca, Pfizer/BioNTech",https://www.data.gouv.fr/fr/datasets/donnees-relatives-aux-personnes-vaccinees-contre-la-covid-19-1/,51080190,33038268,18568859
France,2021-06-25,"Johnson&Johnson, Moderna, Oxford/AstraZeneca, Pfizer/BioNTech",https://www.data.gouv.fr/fr/datasets/donnees-relatives-aux-personnes-vaccinees-contre-la-covid-19-1/,51821649,33257032,19101317
France,2021-06-26,"Johnson&Johnson, Moderna, Oxford/AstraZeneca, Pfizer/BioNTech",https://www.data.gouv.fr/fr/datasets/donnees-relatives-aux-personnes-vaccinees-contre-la-covid-19-1/,52341867,33406161,19476947
France,2021-06-27,"Johnson&Johnson, Moderna, Oxford/AstraZeneca, Pfizer/BioNTech",https://www.data.gouv.fr/fr/datasets/donnees-relatives-aux-personnes-vaccinees-contre-la-covid-19-1/,52552399,33460192,19634015
France,2021-06-28,"Johnson&Johnson, Moderna, Oxford/AstraZeneca, Pfizer/BioNTech",https://www.data.gouv.fr/fr/datasets/donnees-relatives-aux-personnes-vaccinees-contre-la-covid-19-1/,53153389,33607631,20092017
France,2021-06-29,"Johnson&Johnson, Moderna, Oxford/AstraZeneca, Pfizer/BioNTech",https://www.data.gouv.fr/fr/datasets/donnees-relatives-aux-personnes-vaccinees-contre-la-covid-19-1/,53834216,33782638,20604457
France,2021-06-30,"Johnson&Johnson, Moderna, Oxford/AstraZeneca, Pfizer/BioNTech",https://www.data.gouv.fr/fr/datasets/donnees-relatives-aux-personnes-vaccinees-contre-la-covid-19-1/,54510202,33977234,21092066
France,2021-07-01,"Johnson&Johnson, Moderna, Oxford/AstraZeneca, Pfizer/BioNTech",https://www.data.gouv.fr/fr/datasets/donnees-relatives-aux-personnes-vaccinees-contre-la-covid-19-1/,55175982,34184909,21557709
France,2021-07-02,"Johnson&Johnson, Moderna, Oxford/AstraZeneca, Pfizer/BioNTech",https://www.data.gouv.fr/fr/datasets/donnees-relatives-aux-personnes-vaccinees-contre-la-covid-19-1/,55903909,34392001,22087410
France,2021-07-03,"Johnson&Johnson, Moderna, Oxford/AstraZeneca, Pfizer/BioNTech",https://www.data.gouv.fr/fr/datasets/donnees-relatives-aux-personnes-vaccinees-contre-la-covid-19-1/,56409927,34528884,22461049
France,2021-07-04,"Johnson&Johnson, Moderna, Oxford/AstraZeneca, Pfizer/BioNTech",https://www.data.gouv.fr/fr/datasets/donnees-relatives-aux-personnes-vaccinees-contre-la-covid-19-1/,56605677,34583187,22603035
France,2021-07-05,"Johnson&Johnson, Moderna, Oxford/AstraZeneca, Pfizer/BioNTech",https://www.data.gouv.fr/fr/datasets/donnees-relatives-aux-personnes-vaccinees-contre-la-covid-19-1/,57180924,34738617,23027242
France,2021-07-06,"Johnson&Johnson, Moderna, Oxford/AstraZeneca, Pfizer/BioNTech",https://www.data.gouv.fr/fr/datasets/donnees-relatives-aux-personnes-vaccinees-contre-la-covid-19-1/,57842169,34924489,23509893
France,2021-07-07,"Johnson&Johnson, Moderna, Oxford/AstraZeneca, Pfizer/BioNTech",https://www.data.gouv.fr/fr/datasets/donnees-relatives-aux-personnes-vaccinees-contre-la-covid-19-1/,58481057,35123481,23956288
France,2021-07-08,"Johnson&Johnson, Moderna, Oxford/AstraZeneca, Pfizer/BioNTech",https://www.data.gouv.fr/fr/datasets/donnees-relatives-aux-personnes-vaccinees-contre-la-covid-19-1/,59124911,35342794,24389334
