location,date,vaccine,source_url,total_vaccinations,people_vaccinated,people_fully_vaccinated
Georgia,2021-03-14,Oxford/AstraZeneca,https://agenda.ge/en/news/2021/828?fbclid=IwAR0QqxVrM9hUIZ7JddLw-10badSiSOS_TrVlrPsCwVdVw3A8qlunEc4rRnI,0,0,0
Georgia,2021-03-29,Oxford/AstraZeneca,https://agenda.ge/en/news/2021/828?fbclid=IwAR0QqxVrM9hUIZ7JddLw-10badSiSOS_TrVlrPsCwVdVw3A8qlunEc4rRnI,4924,4924,0
Georgia,2021-03-31,Oxford/AstraZeneca,https://www.facebook.com/ncdcgeorgia/posts/3867400110014557,7822,7822,0
Georgia,2021-04-05,Oxford/AstraZeneca,https://www.facebook.com/ncdcgeorgia/posts/3881010075320227,11603,11603,0
Georgia,2021-04-07,Oxford/AstraZeneca,https://www.facebook.com/ncdcgeorgia/posts/3888995867854981,15693,15693,0
Georgia,2021-04-09,Oxford/AstraZeneca,https://www.facebook.com/ncdcgeorgia/photos/a.126526410768631/3892102530877648/,17261,17261,0
Georgia,2021-04-10,Oxford/AstraZeneca,https://www.facebook.com/ncdcgeorgia/photos/a.126526410768631/3895094113911823/,18287,18287,0
Georgia,2021-04-12,Oxford/AstraZeneca,https://www.facebook.com/ncdcgeorgia/photos/a.126526410768631/3900893923331842/,20622,20622,0
Georgia,2021-04-13,Oxford/AstraZeneca,https://www.facebook.com/ncdcgeorgia/photos/a.126526410768631/3903952473025987/,22090,22090,0
Georgia,2021-04-14,Oxford/AstraZeneca,https://www.facebook.com/ncdcgeorgia/photos/a.126526410768631/3906680559419845/,23493,23493,0
Georgia,2021-04-15,Oxford/AstraZeneca,https://www.facebook.com/ncdcgeorgia/photos/a.126526410768631/3909455599142341/,24917,24917,0
Georgia,2021-04-16,Oxford/AstraZeneca,https://www.facebook.com/ncdcgeorgia/photos/a.126526410768631/3912291125525455/,26427,26427,0
Georgia,2021-04-17,Oxford/AstraZeneca,https://www.facebook.com/ncdcgeorgia/photos/a.126526410768631/3915067981914436/,27654,27654,0
Georgia,2021-04-19,Oxford/AstraZeneca,https://www.facebook.com/ncdcgeorgia/photos/a.126526410768631/3920777524676815/,30209,30209,0
Georgia,2021-04-20,Oxford/AstraZeneca,https://www.facebook.com/ncdcgeorgia/photos/a.126526410768631/3923587254395842/,31019,31019,0
Georgia,2021-04-21,Oxford/AstraZeneca,https://www.facebook.com/ncdcgeorgia/photos/a.126526410768631/3926377570783477/,31911,31911,0
Georgia,2021-04-22,Oxford/AstraZeneca,https://www.facebook.com/ncdcgeorgia/photos/a.126526410768631/3929037090517525/,33337,33337,0
Georgia,2021-04-23,Oxford/AstraZeneca,https://www.facebook.com/ncdcgeorgia/photos/a.126526410768631/3931783446909556/,34897,34897,0
Georgia,2021-04-26,Oxford/AstraZeneca,https://www.facebook.com/ncdcgeorgia/photos/a.126526410768631/3940679172686650/,38553,35666,2887
Georgia,2021-04-27,Oxford/AstraZeneca,https://www.facebook.com/ncdcgeorgia/photos/a.126526410768631/3943171682437399/,40095,36473,3622
Georgia,2021-04-28,Oxford/AstraZeneca,https://www.facebook.com/ncdcgeorgia/photos/a.126526410768631/3946130765474824/,41801,37404,4397
Georgia,2021-04-29,Oxford/AstraZeneca,https://www.facebook.com/ncdcgeorgia/photos/a.126526410768631/3948807915207109/,43568,38350,5218
Georgia,2021-04-30,Oxford/AstraZeneca,https://www.facebook.com/ncdcgeorgia/photos/a.126526410768631/3951728241581743/,45338,39274,6064
Georgia,2021-05-05,Oxford/AstraZeneca,https://www.facebook.com/ncdcgeorgia/photos/a.126526410768631/3965356280218939/,47949,40940,7009
Georgia,2021-05-06,Oxford/AstraZeneca,https://www.facebook.com/ncdcgeorgia/photos/a.126526410768631/3968214219933145/,51600,43727,7873
Georgia,2021-05-07,Oxford/AstraZeneca,https://www.facebook.com/ncdcgeorgia/photos/a.126526410768631/3971337602954140/,54687,45987,8700
Georgia,2021-05-08,Oxford/AstraZeneca,https://www.facebook.com/ncdcgeorgia/posts/3974480665973167,58533,49021,9512
Georgia,2021-05-10,Oxford/AstraZeneca,https://www.facebook.com/ncdcgeorgia/photos/a.126526410768631/3980494498705117/,62447,51595,10852
Georgia,2021-05-11,Oxford/AstraZeneca,https://www.facebook.com/ncdcgeorgia/photos/a.126526410768631/3983647021723198/,67136,55632,11504
Georgia,2021-05-12,Oxford/AstraZeneca,https://www.facebook.com/ncdcgeorgia/photos/a.126526410768631/3986667771421123/,71570,59195,12375
Georgia,2021-05-13,Oxford/AstraZeneca,https://www.facebook.com/ncdcgeorgia/photos/a.126526410768631/3989701117784455/,77343,64259,13084
Georgia,2021-05-14,Oxford/AstraZeneca,https://www.facebook.com/ncdcgeorgia/photos/3992737834147450,81076,67569,13507
Georgia,2021-05-15,Oxford/AstraZeneca,https://www.facebook.com/ncdcgeorgia/photos/a.126526410768631/3995699800517920/,85286,71338,13948
Georgia,2021-05-17,Oxford/AstraZeneca,https://www.facebook.com/ncdcgeorgia/photos/a.126526410768631/4001760949911805/,89260,74617,14643
Georgia,2021-05-18,Oxford/AstraZeneca,https://www.facebook.com/ncdcgeorgia/photos/a.126526410768631/4004726552948578/,93305,78228,15077
Georgia,2021-05-19,Oxford/AstraZeneca,https://www.facebook.com/ncdcgeorgia/photos/a.126526410768631/4008480602573173/,97153,81640,15513
Georgia,2021-05-20,Oxford/AstraZeneca,https://www.facebook.com/ncdcgeorgia/photos/a.126526410768631/4011355652285668/,101415,85541,15874
Georgia,2021-05-21,Oxford/AstraZeneca,https://www.facebook.com/ncdcgeorgia/photos/a.126526410768631/4014117682009465/,105500,89353,16147
Georgia,2021-05-22,Oxford/AstraZeneca,https://www.facebook.com/ncdcgeorgia/photos/a.846665862088012/4017230541698179/,109395,93072,16323
Georgia,2021-05-24,Oxford/AstraZeneca,https://www.facebook.com/ncdcgeorgia/photos/a.126526410768631/4022983041122929/,113000,96445,16555
Georgia,2021-05-25,Oxford/AstraZeneca,https://www.facebook.com/ncdcgeorgia/photos/a.126526410768631/4025963834158183/,117354,100490,16864
Georgia,2021-05-26,Oxford/AstraZeneca,https://www.facebook.com/ncdcgeorgia/photos/a.846665862088012/4029128667175033/,121263,103745,17518
Georgia,2021-05-27,Oxford/AstraZeneca,https://www.facebook.com/ncdcgeorgia/photos/a.126526410768631/4031890953565471/,125601,106209,19392
Georgia,2021-05-28,Oxford/AstraZeneca,https://www.facebook.com/ncdcgeorgia/photos/a.126526410768631/4034809846606915/,130037,108979,21058
Georgia,2021-05-29,Oxford/AstraZeneca,https://www.facebook.com/ncdcgeorgia/photos/a.126526410768631/4037987162955850/,134602,109995,24607
Georgia,2021-05-31,Oxford/AstraZeneca,https://www.facebook.com/ncdcgeorgia/posts/4044018999019333,138914,112813,26101
Georgia,2021-06-01,Oxford/AstraZeneca,https://www.facebook.com/ncdcgeorgia/photos/a.846665862088012/4046919202062646/,143970,113248,30722
Georgia,2021-06-02,Oxford/AstraZeneca,https://www.facebook.com/ncdcgeorgia/photos/a.126526410768631/4049686745119225/,149191,115473,33718
Georgia,2021-06-03,Oxford/AstraZeneca,https://www.facebook.com/ncdcgeorgia/photos/a.126526410768631/4052519064835993/,155538,117758,37780
Georgia,2021-06-04,Oxford/AstraZeneca,https://www.facebook.com/ncdcgeorgia/photos/a.126526410768631/4055497887871444/,161947,121136,40811
Georgia,2021-06-05,Oxford/AstraZeneca,https://www.facebook.com/ncdcgeorgia/photos/a.846665862088012/4058283060926260/,167332,122936,44396
Georgia,2021-06-07,Oxford/AstraZeneca,https://www.facebook.com/ncdcgeorgia/photos/a.126526410768631/4063953067025926/,173345,125596,47749
Georgia,2021-06-08,Oxford/AstraZeneca,https://www.facebook.com/ncdcgeorgia/photos/a.126526410768631/4066837460070820/,178738,127490,51248
Georgia,2021-06-09,Oxford/AstraZeneca,https://www.facebook.com/ncdcgeorgia/photos/a.126526410768631/4069522619802304/,184718,130244,54474
Georgia,2021-06-10,Oxford/AstraZeneca,https://www.facebook.com/ncdcgeorgia/photos/4072377916183441/,191001,132734,58267
Georgia,2021-06-11,Oxford/AstraZeneca,https://www.facebook.com/ncdcgeorgia/photos/a.126526410768631/4075099212577978/,197114,135799,61315
Georgia,2021-06-12,Oxford/AstraZeneca,https://www.facebook.com/ncdcgeorgia/photos/a.846665862088012/4077760645645168/,202314,138482,63832
Georgia,2021-06-14,Oxford/AstraZeneca,https://www.facebook.com/ncdcgeorgia/photos/a.126526410768631/4083021395119093/,207470,141205,66265
Georgia,2021-06-15,Oxford/AstraZeneca,https://www.facebook.com/ncdcgeorgia/photos/a.126526410768631/4085706231517276/,212163,142966,69197
Georgia,2021-06-16,Oxford/AstraZeneca,https://www.facebook.com/ncdcgeorgia/photos/a.126526410768631/4088315691256330/,216742,144727,72015
Georgia,2021-06-17,Oxford/AstraZeneca,https://www.facebook.com/ncdcgeorgia/photos/a.126526410768631/4090974540990445/,221156,146661,74495
Georgia,2021-06-18,Oxford/AstraZeneca,https://www.facebook.com/ncdcgeorgia/photos/a.126526410768631/4093724984048734/,225666,148722,76944
Georgia,2021-06-19,Oxford/AstraZeneca,https://www.facebook.com/ncdcgeorgia/photos/a.126526410768631/4096347070453192/,229906,150684,79222
Georgia,2021-06-21,Oxford/AstraZeneca,https://www.facebook.com/ncdcgeorgia/photos/a.126526410768631/4101512559936643/,234410,152221,82189
Georgia,2021-06-22,Oxford/AstraZeneca,https://www.facebook.com/ncdcgeorgia/photos/a.126526410768631/4104160099671889/,238220,153464,84756
Georgia,2021-06-23,Oxford/AstraZeneca,https://www.facebook.com/ncdcgeorgia/photos/a.846665862088012/4107218682699364/,242451,155320,87131
Georgia,2021-06-24,Oxford/AstraZeneca,https://www.facebook.com/ncdcgeorgia/photos/a.846665862088012/4109941315760434/,245380,156626,88754
Georgia,2021-06-25,Oxford/AstraZeneca,https://www.facebook.com/ncdcgeorgia/photos/a.126526410768631/4112755172145715/,248545,157675,90870
Georgia,2021-06-26,Oxford/AstraZeneca,https://www.facebook.com/ncdcgeorgia/photos/a.846665862088012/4115603598527539/,251529,158739,92790
Georgia,2021-06-28,Oxford/AstraZeneca,https://www.facebook.com/ncdcgeorgia/photos/a.126526410768631/4120871201334112/,254737,159997,94740
Georgia,2021-06-29,Oxford/AstraZeneca,https://www.facebook.com/ncdcgeorgia/photos/a.126526410768631/4123690924385473/,257974,160999,96975
Georgia,2021-06-30,Oxford/AstraZeneca,https://www.facebook.com/ncdcgeorgia/photos/a.126526410768631/4126450690776163/,261652,161580,100072
Georgia,2021-07-02,Oxford/AstraZeneca,https://www.facebook.com/ncdcgeorgia/photos/a.126526410768631/4132041216883777/,266161,161965,104196
Georgia,2021-07-05,Oxford/AstraZeneca,https://www.facebook.com/ncdcgeorgia/photos/a.126526410768631/4140179269403305/,269154,162115,107039
Georgia,2021-07-06,Oxford/AstraZeneca,https://www.facebook.com/ncdcgeorgia/photos/a.126526410768631/4142951555792743/,272810,165433,107377
Georgia,2021-07-07,Oxford/AstraZeneca,https://www.facebook.com/ncdcgeorgia/photos/a.126526410768631/4145719388849293/,277872,168047,109825
Georgia,2021-07-08,Oxford/AstraZeneca,https://www.facebook.com/ncdcgeorgia/photos/a.126526410768631/4148592078562024/,283631,172042,111589
Georgia,2021-07-09,Oxford/AstraZeneca,https://www.facebook.com/ncdcgeorgia/photos/a.126526410768631/4151374531617112/,289399,175504,113895
