location,date,vaccine,source_url,total_vaccinations,people_vaccinated,people_fully_vaccinated
Germany,2020-12-27,"Moderna, Pfizer/BioNTech",https://impfdashboard.de/,23453,23436,17
Germany,2020-12-28,"Moderna, Pfizer/BioNTech",https://impfdashboard.de/,41272,41115,157
Germany,2020-12-29,"Moderna, Oxford/AstraZeneca, Pfizer/BioNTech",https://impfdashboard.de/,90721,89840,881
Germany,2020-12-30,"Moderna, Oxford/AstraZeneca, Pfizer/BioNTech",https://impfdashboard.de/,153511,152502,1009
Germany,2020-12-31,"Moderna, Oxford/AstraZeneca, Pfizer/BioNTech",https://impfdashboard.de/,202706,201548,1158
Germany,2021-01-01,"Moderna, Oxford/AstraZeneca, Pfizer/BioNTech",https://impfdashboard.de/,227919,226747,1172
Germany,2021-01-02,"Moderna, Oxford/AstraZeneca, Pfizer/BioNTech",https://impfdashboard.de/,275574,274116,1458
Germany,2021-01-03,"Moderna, Oxford/AstraZeneca, Pfizer/BioNTech",https://impfdashboard.de/,297715,296249,1466
Germany,2021-01-04,"Moderna, Oxford/AstraZeneca, Pfizer/BioNTech",https://impfdashboard.de/,343209,341690,1519
Germany,2021-01-05,"Moderna, Oxford/AstraZeneca, Pfizer/BioNTech",https://impfdashboard.de/,394906,393103,1803
Germany,2021-01-06,"Moderna, Oxford/AstraZeneca, Pfizer/BioNTech",https://impfdashboard.de/,457143,455329,1814
Germany,2021-01-07,"Moderna, Oxford/AstraZeneca, Pfizer/BioNTech",https://impfdashboard.de/,510939,509104,1835
Germany,2021-01-08,"Moderna, Oxford/AstraZeneca, Pfizer/BioNTech",https://impfdashboard.de/,572621,570452,2169
Germany,2021-01-09,"Moderna, Oxford/AstraZeneca, Pfizer/BioNTech",https://impfdashboard.de/,632322,630005,2317
Germany,2021-01-10,"Moderna, Oxford/AstraZeneca, Pfizer/BioNTech",https://impfdashboard.de/,667424,664957,2467
Germany,2021-01-11,"Moderna, Oxford/AstraZeneca, Pfizer/BioNTech",https://impfdashboard.de/,734751,732177,2574
Germany,2021-01-12,"Moderna, Oxford/AstraZeneca, Pfizer/BioNTech",https://impfdashboard.de/,812793,810152,2641
Germany,2021-01-13,"Moderna, Oxford/AstraZeneca, Pfizer/BioNTech",https://impfdashboard.de/,923228,920385,2843
Germany,2021-01-14,"Moderna, Oxford/AstraZeneca, Pfizer/BioNTech",https://impfdashboard.de/,1006056,1003023,3033
Germany,2021-01-15,"Moderna, Oxford/AstraZeneca, Pfizer/BioNTech",https://impfdashboard.de/,1096228,1092345,3883
Germany,2021-01-16,"Moderna, Oxford/AstraZeneca, Pfizer/BioNTech",https://impfdashboard.de/,1153384,1148479,4905
Germany,2021-01-17,"Moderna, Oxford/AstraZeneca, Pfizer/BioNTech",https://impfdashboard.de/,1201458,1178782,22676
Germany,2021-01-18,"Moderna, Oxford/AstraZeneca, Pfizer/BioNTech",https://impfdashboard.de/,1283288,1244821,38467
Germany,2021-01-19,"Moderna, Oxford/AstraZeneca, Pfizer/BioNTech",https://impfdashboard.de/,1402257,1327350,74907
Germany,2021-01-20,"Moderna, Oxford/AstraZeneca, Pfizer/BioNTech",https://impfdashboard.de/,1534766,1405321,129445
Germany,2021-01-21,"Moderna, Oxford/AstraZeneca, Pfizer/BioNTech",https://impfdashboard.de/,1640105,1469391,170714
Germany,2021-01-22,"Moderna, Oxford/AstraZeneca, Pfizer/BioNTech",https://impfdashboard.de/,1741843,1537673,204170
Germany,2021-01-23,"Moderna, Oxford/AstraZeneca, Pfizer/BioNTech",https://impfdashboard.de/,1828562,1578385,250177
Germany,2021-01-24,"Moderna, Oxford/AstraZeneca, Pfizer/BioNTech",https://impfdashboard.de/,1876047,1604039,272008
Germany,2021-01-25,"Moderna, Oxford/AstraZeneca, Pfizer/BioNTech",https://impfdashboard.de/,1967002,1656324,310678
Germany,2021-01-26,"Moderna, Oxford/AstraZeneca, Pfizer/BioNTech",https://impfdashboard.de/,2064422,1706926,357496
Germany,2021-01-27,"Moderna, Oxford/AstraZeneca, Pfizer/BioNTech",https://impfdashboard.de/,2173554,1757603,415951
Germany,2021-01-28,"Moderna, Oxford/AstraZeneca, Pfizer/BioNTech",https://impfdashboard.de/,2265749,1803903,461846
Germany,2021-01-29,"Moderna, Oxford/AstraZeneca, Pfizer/BioNTech",https://impfdashboard.de/,2373140,1853831,519309
Germany,2021-01-30,"Moderna, Oxford/AstraZeneca, Pfizer/BioNTech",https://impfdashboard.de/,2461248,1888274,572974
Germany,2021-01-31,"Moderna, Oxford/AstraZeneca, Pfizer/BioNTech",https://impfdashboard.de/,2518219,1914127,604092
Germany,2021-02-01,"Moderna, Oxford/AstraZeneca, Pfizer/BioNTech",https://impfdashboard.de/,2637910,1972083,665827
Germany,2021-02-02,"Moderna, Oxford/AstraZeneca, Pfizer/BioNTech",https://impfdashboard.de/,2769968,2036842,733126
Germany,2021-02-03,"Johnson&Johnson, Moderna, Oxford/AstraZeneca, Pfizer/BioNTech",https://impfdashboard.de/,2931134,2100455,830680
Germany,2021-02-04,"Johnson&Johnson, Moderna, Oxford/AstraZeneca, Pfizer/BioNTech",https://impfdashboard.de/,3064260,2161745,902516
Germany,2021-02-05,"Johnson&Johnson, Moderna, Oxford/AstraZeneca, Pfizer/BioNTech",https://impfdashboard.de/,3210717,2230754,979964
Germany,2021-02-06,"Johnson&Johnson, Moderna, Oxford/AstraZeneca, Pfizer/BioNTech",https://impfdashboard.de/,3304332,2276103,1028230
Germany,2021-02-07,"Johnson&Johnson, Moderna, Oxford/AstraZeneca, Pfizer/BioNTech",https://impfdashboard.de/,3357608,2304324,1053285
Germany,2021-02-08,"Johnson&Johnson, Moderna, Oxford/AstraZeneca, Pfizer/BioNTech",https://impfdashboard.de/,3466490,2357302,1109189
Germany,2021-02-09,"Johnson&Johnson, Moderna, Oxford/AstraZeneca, Pfizer/BioNTech",https://impfdashboard.de/,3600521,2417515,1183007
Germany,2021-02-10,"Johnson&Johnson, Moderna, Oxford/AstraZeneca, Pfizer/BioNTech",https://impfdashboard.de/,3754715,2494891,1259825
Germany,2021-02-11,"Johnson&Johnson, Moderna, Oxford/AstraZeneca, Pfizer/BioNTech",https://impfdashboard.de/,3898314,2570014,1328303
Germany,2021-02-12,"Johnson&Johnson, Moderna, Oxford/AstraZeneca, Pfizer/BioNTech",https://impfdashboard.de/,4053443,2649509,1403940
Germany,2021-02-13,"Johnson&Johnson, Moderna, Oxford/AstraZeneca, Pfizer/BioNTech",https://impfdashboard.de/,4160660,2711278,1449389
Germany,2021-02-14,"Johnson&Johnson, Moderna, Oxford/AstraZeneca, Pfizer/BioNTech",https://impfdashboard.de/,4225889,2750793,1475104
Germany,2021-02-15,"Johnson&Johnson, Moderna, Oxford/AstraZeneca, Pfizer/BioNTech",https://impfdashboard.de/,4351147,2820316,1530840
Germany,2021-02-16,"Johnson&Johnson, Moderna, Oxford/AstraZeneca, Pfizer/BioNTech",https://impfdashboard.de/,4485160,2897984,1587186
Germany,2021-02-17,"Johnson&Johnson, Moderna, Oxford/AstraZeneca, Pfizer/BioNTech",https://impfdashboard.de/,4635752,2992299,1643464
Germany,2021-02-18,"Johnson&Johnson, Moderna, Oxford/AstraZeneca, Pfizer/BioNTech",https://impfdashboard.de/,4779887,3083459,1696440
Germany,2021-02-19,"Johnson&Johnson, Moderna, Oxford/AstraZeneca, Pfizer/BioNTech",https://impfdashboard.de/,4937969,3186103,1751879
Germany,2021-02-20,"Johnson&Johnson, Moderna, Oxford/AstraZeneca, Pfizer/BioNTech",https://impfdashboard.de/,5049912,3261795,1788131
Germany,2021-02-21,"Johnson&Johnson, Moderna, Oxford/AstraZeneca, Pfizer/BioNTech",https://impfdashboard.de/,5135624,3319144,1816495
Germany,2021-02-22,"Johnson&Johnson, Moderna, Oxford/AstraZeneca, Pfizer/BioNTech",https://impfdashboard.de/,5290656,3416740,1873932
Germany,2021-02-23,"Johnson&Johnson, Moderna, Oxford/AstraZeneca, Pfizer/BioNTech",https://impfdashboard.de/,5460011,3525704,1934324
Germany,2021-02-24,"Johnson&Johnson, Moderna, Oxford/AstraZeneca, Pfizer/BioNTech",https://impfdashboard.de/,5635430,3642004,1993444
Germany,2021-02-25,"Johnson&Johnson, Moderna, Oxford/AstraZeneca, Pfizer/BioNTech",https://impfdashboard.de/,5824113,3771556,2052575
Germany,2021-02-26,"Johnson&Johnson, Moderna, Oxford/AstraZeneca, Pfizer/BioNTech",https://impfdashboard.de/,6036149,3916749,2119418
Germany,2021-02-27,"Johnson&Johnson, Moderna, Oxford/AstraZeneca, Pfizer/BioNTech",https://impfdashboard.de/,6183775,4024482,2159311
Germany,2021-02-28,"Johnson&Johnson, Moderna, Oxford/AstraZeneca, Pfizer/BioNTech",https://impfdashboard.de/,6286503,4103147,2183375
Germany,2021-03-01,"Johnson&Johnson, Moderna, Oxford/AstraZeneca, Pfizer/BioNTech",https://impfdashboard.de/,6484414,4251283,2233150
Germany,2021-03-02,"Johnson&Johnson, Moderna, Oxford/AstraZeneca, Pfizer/BioNTech",https://impfdashboard.de/,6702944,4417715,2285248
Germany,2021-03-03,"Johnson&Johnson, Moderna, Oxford/AstraZeneca, Pfizer/BioNTech",https://impfdashboard.de/,6948922,4593472,2355469
Germany,2021-03-04,"Johnson&Johnson, Moderna, Oxford/AstraZeneca, Pfizer/BioNTech",https://impfdashboard.de/,7193199,4774943,2418275
Germany,2021-03-05,"Johnson&Johnson, Moderna, Oxford/AstraZeneca, Pfizer/BioNTech",https://impfdashboard.de/,7468648,4981890,2486778
Germany,2021-03-06,"Johnson&Johnson, Moderna, Oxford/AstraZeneca, Pfizer/BioNTech",https://impfdashboard.de/,7670236,5134828,2535428
Germany,2021-03-07,"Johnson&Johnson, Moderna, Oxford/AstraZeneca, Pfizer/BioNTech",https://impfdashboard.de/,7817715,5248827,2568908
Germany,2021-03-08,"Johnson&Johnson, Moderna, Oxford/AstraZeneca, Pfizer/BioNTech",https://impfdashboard.de/,8055056,5434576,2620500
Germany,2021-03-09,"Johnson&Johnson, Moderna, Oxford/AstraZeneca, Pfizer/BioNTech",https://impfdashboard.de/,8307105,5631779,2675346
Germany,2021-03-10,"Johnson&Johnson, Moderna, Oxford/AstraZeneca, Pfizer/BioNTech",https://impfdashboard.de/,8595067,5852704,2742384
Germany,2021-03-11,"Johnson&Johnson, Moderna, Oxford/AstraZeneca, Pfizer/BioNTech",https://impfdashboard.de/,8879092,6075845,2803268
Germany,2021-03-12,"Johnson&Johnson, Moderna, Oxford/AstraZeneca, Pfizer/BioNTech",https://impfdashboard.de/,9205324,6331221,2874124
Germany,2021-03-13,"Johnson&Johnson, Moderna, Oxford/AstraZeneca, Pfizer/BioNTech",https://impfdashboard.de/,9445816,6521436,2924401
Germany,2021-03-14,"Johnson&Johnson, Moderna, Oxford/AstraZeneca, Pfizer/BioNTech",https://impfdashboard.de/,9615720,6655690,2960051
Germany,2021-03-15,"Johnson&Johnson, Moderna, Oxford/AstraZeneca, Pfizer/BioNTech",https://impfdashboard.de/,9863339,6844075,3019285
Germany,2021-03-16,"Johnson&Johnson, Moderna, Oxford/AstraZeneca, Pfizer/BioNTech",https://impfdashboard.de/,10042207,6954806,3087422
Germany,2021-03-17,"Johnson&Johnson, Moderna, Oxford/AstraZeneca, Pfizer/BioNTech",https://impfdashboard.de/,10247169,7078879,3168311
Germany,2021-03-18,"Johnson&Johnson, Moderna, Oxford/AstraZeneca, Pfizer/BioNTech",https://impfdashboard.de/,10440532,7196806,3243747
Germany,2021-03-19,"Johnson&Johnson, Moderna, Oxford/AstraZeneca, Pfizer/BioNTech",https://impfdashboard.de/,10685318,7357473,3327866
Germany,2021-03-20,"Johnson&Johnson, Moderna, Oxford/AstraZeneca, Pfizer/BioNTech",https://impfdashboard.de/,10905547,7524447,3381121
Germany,2021-03-21,"Johnson&Johnson, Moderna, Oxford/AstraZeneca, Pfizer/BioNTech",https://impfdashboard.de/,11070081,7650798,3419304
Germany,2021-03-22,"Johnson&Johnson, Moderna, Oxford/AstraZeneca, Pfizer/BioNTech",https://impfdashboard.de/,11339250,7843582,3495689
Germany,2021-03-23,"Johnson&Johnson, Moderna, Oxford/AstraZeneca, Pfizer/BioNTech",https://impfdashboard.de/,11639764,8060353,3579432
Germany,2021-03-24,"Johnson&Johnson, Moderna, Oxford/AstraZeneca, Pfizer/BioNTech",https://impfdashboard.de/,11978574,8309567,3669028
Germany,2021-03-25,"Johnson&Johnson, Moderna, Oxford/AstraZeneca, Pfizer/BioNTech",https://impfdashboard.de/,12311065,8560919,3750167
Germany,2021-03-26,"Johnson&Johnson, Moderna, Oxford/AstraZeneca, Pfizer/BioNTech",https://impfdashboard.de/,12684547,8846019,3838549
Germany,2021-03-27,"Johnson&Johnson, Moderna, Oxford/AstraZeneca, Pfizer/BioNTech",https://impfdashboard.de/,12965680,9064825,3900877
Germany,2021-03-28,"Johnson&Johnson, Moderna, Oxford/AstraZeneca, Pfizer/BioNTech",https://impfdashboard.de/,13162000,9207897,3954127
Germany,2021-03-29,"Johnson&Johnson, Moderna, Oxford/AstraZeneca, Pfizer/BioNTech",https://impfdashboard.de/,13467377,9424716,4042685
Germany,2021-03-30,"Johnson&Johnson, Moderna, Oxford/AstraZeneca, Pfizer/BioNTech",https://impfdashboard.de/,13796366,9661178,4135212
Germany,2021-03-31,"Johnson&Johnson, Moderna, Oxford/AstraZeneca, Pfizer/BioNTech",https://impfdashboard.de/,14132593,9895926,4236691
Germany,2021-04-01,"Johnson&Johnson, Moderna, Oxford/AstraZeneca, Pfizer/BioNTech",https://impfdashboard.de/,14458957,10131763,4327218
Germany,2021-04-02,"Johnson&Johnson, Moderna, Oxford/AstraZeneca, Pfizer/BioNTech",https://impfdashboard.de/,14684634,10289481,4395177
Germany,2021-04-03,"Johnson&Johnson, Moderna, Oxford/AstraZeneca, Pfizer/BioNTech",https://impfdashboard.de/,14916346,10456886,4459484
Germany,2021-04-04,"Johnson&Johnson, Moderna, Oxford/AstraZeneca, Pfizer/BioNTech",https://impfdashboard.de/,15109311,10599493,4509842
Germany,2021-04-05,"Johnson&Johnson, Moderna, Oxford/AstraZeneca, Pfizer/BioNTech",https://impfdashboard.de/,15357100,10777114,4580010
Germany,2021-04-06,"Johnson&Johnson, Moderna, Oxford/AstraZeneca, Pfizer/BioNTech",https://impfdashboard.de/,15730736,11056086,4674674
Germany,2021-04-07,"Johnson&Johnson, Moderna, Oxford/AstraZeneca, Pfizer/BioNTech",https://impfdashboard.de/,16398506,11627568,4770962
Germany,2021-04-08,"Johnson&Johnson, Moderna, Oxford/AstraZeneca, Pfizer/BioNTech",https://impfdashboard.de/,17096818,12238356,4858486
Germany,2021-04-09,"Johnson&Johnson, Moderna, Oxford/AstraZeneca, Pfizer/BioNTech",https://impfdashboard.de/,17728191,12780858,4947357
Germany,2021-04-10,"Johnson&Johnson, Moderna, Oxford/AstraZeneca, Pfizer/BioNTech",https://impfdashboard.de/,18100573,13088186,5012411
Germany,2021-04-11,"Johnson&Johnson, Moderna, Oxford/AstraZeneca, Pfizer/BioNTech",https://impfdashboard.de/,18364360,13301652,5062732
Germany,2021-04-12,"Johnson&Johnson, Moderna, Oxford/AstraZeneca, Pfizer/BioNTech",https://impfdashboard.de/,18782615,13643547,5139093
Germany,2021-04-13,"Johnson&Johnson, Moderna, Oxford/AstraZeneca, Pfizer/BioNTech",https://impfdashboard.de/,19359127,14146419,5212733
Germany,2021-04-14,"Johnson&Johnson, Moderna, Oxford/AstraZeneca, Pfizer/BioNTech",https://impfdashboard.de/,20133816,14837959,5295882
Germany,2021-04-15,"Johnson&Johnson, Moderna, Oxford/AstraZeneca, Pfizer/BioNTech",https://impfdashboard.de/,20813555,15447709,5365872
Germany,2021-04-16,"Johnson&Johnson, Moderna, Oxford/AstraZeneca, Pfizer/BioNTech",https://impfdashboard.de/,21409649,15969760,5439915
Germany,2021-04-17,"Johnson&Johnson, Moderna, Oxford/AstraZeneca, Pfizer/BioNTech",https://impfdashboard.de/,21775418,16278910,5496534
Germany,2021-04-18,"Johnson&Johnson, Moderna, Oxford/AstraZeneca, Pfizer/BioNTech",https://impfdashboard.de/,22044664,16509155,5535535
Germany,2021-04-19,"Johnson&Johnson, Moderna, Oxford/AstraZeneca, Pfizer/BioNTech",https://impfdashboard.de/,22446215,16849345,5596897
Germany,2021-04-20,"Johnson&Johnson, Moderna, Oxford/AstraZeneca, Pfizer/BioNTech",https://impfdashboard.de/,23005755,17346233,5659549
Germany,2021-04-21,"Johnson&Johnson, Moderna, Oxford/AstraZeneca, Pfizer/BioNTech",https://impfdashboard.de/,23725842,17993317,5732552
Germany,2021-04-22,"Johnson&Johnson, Moderna, Oxford/AstraZeneca, Pfizer/BioNTech",https://impfdashboard.de/,24363634,18563999,5799662
Germany,2021-04-23,"Johnson&Johnson, Moderna, Oxford/AstraZeneca, Pfizer/BioNTech",https://impfdashboard.de/,24919241,19050813,5868464
Germany,2021-04-24,"Johnson&Johnson, Moderna, Oxford/AstraZeneca, Pfizer/BioNTech",https://impfdashboard.de/,25284393,19357003,5927428
Germany,2021-04-25,"Johnson&Johnson, Moderna, Oxford/AstraZeneca, Pfizer/BioNTech",https://impfdashboard.de/,25566958,19590494,5976502
Germany,2021-04-26,"Johnson&Johnson, Moderna, Oxford/AstraZeneca, Pfizer/BioNTech",https://impfdashboard.de/,25999251,19948898,6050472
Germany,2021-04-27,"Johnson&Johnson, Moderna, Oxford/AstraZeneca, Pfizer/BioNTech",https://impfdashboard.de/,26784066,20642308,6142342
Germany,2021-04-28,"Johnson&Johnson, Moderna, Oxford/AstraZeneca, Pfizer/BioNTech",https://impfdashboard.de/,27906439,21638614,6269138
Germany,2021-04-29,"Johnson&Johnson, Moderna, Oxford/AstraZeneca, Pfizer/BioNTech",https://impfdashboard.de/,28851947,22451618,6402529
Germany,2021-04-30,"Johnson&Johnson, Moderna, Oxford/AstraZeneca, Pfizer/BioNTech",https://impfdashboard.de/,29654973,23118497,6539515
Germany,2021-05-01,"Johnson&Johnson, Moderna, Oxford/AstraZeneca, Pfizer/BioNTech",https://impfdashboard.de/,29991019,23380853,6615782
Germany,2021-05-02,"Johnson&Johnson, Moderna, Oxford/AstraZeneca, Pfizer/BioNTech",https://impfdashboard.de/,30255906,23580162,6683165
Germany,2021-05-03,"Johnson&Johnson, Moderna, Oxford/AstraZeneca, Pfizer/BioNTech",https://impfdashboard.de/,30707581,23917063,6799528
Germany,2021-05-04,"Johnson&Johnson, Moderna, Oxford/AstraZeneca, Pfizer/BioNTech",https://impfdashboard.de/,31550105,24600849,6961224
Germany,2021-05-05,"Johnson&Johnson, Moderna, Oxford/AstraZeneca, Pfizer/BioNTech",https://impfdashboard.de/,32696443,25519997,7192895
Germany,2021-05-06,"Johnson&Johnson, Moderna, Oxford/AstraZeneca, Pfizer/BioNTech",https://impfdashboard.de/,33686019,26291067,7415598
Germany,2021-05-07,"Johnson&Johnson, Moderna, Oxford/AstraZeneca, Pfizer/BioNTech",https://impfdashboard.de/,34575472,26946733,7653239
Germany,2021-05-08,"Johnson&Johnson, Moderna, Oxford/AstraZeneca, Pfizer/BioNTech",https://impfdashboard.de/,35001449,27220365,7807302
Germany,2021-05-09,"Johnson&Johnson, Moderna, Oxford/AstraZeneca, Pfizer/BioNTech",https://impfdashboard.de/,35287605,27405075,7909814
Germany,2021-05-10,"Johnson&Johnson, Moderna, Oxford/AstraZeneca, Pfizer/BioNTech",https://impfdashboard.de/,35876654,27804405,8103263
Germany,2021-05-11,"Johnson&Johnson, Moderna, Oxford/AstraZeneca, Pfizer/BioNTech",https://impfdashboard.de/,36961507,28605618,8390496
Germany,2021-05-12,"Johnson&Johnson, Moderna, Oxford/AstraZeneca, Pfizer/BioNTech",https://impfdashboard.de/,38376186,29660017,8756363
Germany,2021-05-13,"Johnson&Johnson, Moderna, Oxford/AstraZeneca, Pfizer/BioNTech",https://impfdashboard.de/,38805494,29931142,8917197
Germany,2021-05-14,"Johnson&Johnson, Moderna, Oxford/AstraZeneca, Pfizer/BioNTech",https://impfdashboard.de/,39561782,30464834,9147575
Germany,2021-05-15,"Johnson&Johnson, Moderna, Oxford/AstraZeneca, Pfizer/BioNTech",https://impfdashboard.de/,39961846,30703656,9313099
Germany,2021-05-16,"Johnson&Johnson, Moderna, Oxford/AstraZeneca, Pfizer/BioNTech",https://impfdashboard.de/,40244399,30868955,9435080
Germany,2021-05-17,"Johnson&Johnson, Moderna, Oxford/AstraZeneca, Pfizer/BioNTech",https://impfdashboard.de/,40799660,31227984,9641071
Germany,2021-05-18,"Johnson&Johnson, Moderna, Oxford/AstraZeneca, Pfizer/BioNTech",https://impfdashboard.de/,41670651,31752788,9995030
Germany,2021-05-19,"Johnson&Johnson, Moderna, Oxford/AstraZeneca, Pfizer/BioNTech",https://impfdashboard.de/,42767387,32328225,10528446
Germany,2021-05-20,"Johnson&Johnson, Moderna, Oxford/AstraZeneca, Pfizer/BioNTech",https://impfdashboard.de/,43713613,32794335,11019406
Germany,2021-05-21,"Johnson&Johnson, Moderna, Oxford/AstraZeneca, Pfizer/BioNTech",https://impfdashboard.de/,44563489,33211746,11463692
Germany,2021-05-22,"Johnson&Johnson, Moderna, Oxford/AstraZeneca, Pfizer/BioNTech",https://impfdashboard.de/,45037303,33440863,11722658
Germany,2021-05-23,"Johnson&Johnson, Moderna, Oxford/AstraZeneca, Pfizer/BioNTech",https://impfdashboard.de/,45322527,33574566,11883039
Germany,2021-05-24,"Johnson&Johnson, Moderna, Oxford/AstraZeneca, Pfizer/BioNTech",https://impfdashboard.de/,45648687,33723918,12067889
Germany,2021-05-25,"Johnson&Johnson, Moderna, Oxford/AstraZeneca, Pfizer/BioNTech",https://impfdashboard.de/,46303078,34020893,12450410
Germany,2021-05-26,"Johnson&Johnson, Moderna, Oxford/AstraZeneca, Pfizer/BioNTech",https://impfdashboard.de/,47481454,34568299,13159603
Germany,2021-05-27,"Johnson&Johnson, Moderna, Oxford/AstraZeneca, Pfizer/BioNTech",https://impfdashboard.de/,48520921,35053019,13795455
Germany,2021-05-28,"Johnson&Johnson, Moderna, Oxford/AstraZeneca, Pfizer/BioNTech",https://impfdashboard.de/,49422883,35492695,14341475
Germany,2021-05-29,"Johnson&Johnson, Moderna, Oxford/AstraZeneca, Pfizer/BioNTech",https://impfdashboard.de/,49832818,35672211,14599682
Germany,2021-05-30,"Johnson&Johnson, Moderna, Oxford/AstraZeneca, Pfizer/BioNTech",https://impfdashboard.de/,50116280,35781020,14785356
Germany,2021-05-31,"Johnson&Johnson, Moderna, Oxford/AstraZeneca, Pfizer/BioNTech",https://impfdashboard.de/,50662753,36001906,15153415
Germany,2021-06-01,"Johnson&Johnson, Moderna, Oxford/AstraZeneca, Pfizer/BioNTech",https://impfdashboard.de/,51649691,36486630,15740116
Germany,2021-06-02,"Johnson&Johnson, Moderna, Oxford/AstraZeneca, Pfizer/BioNTech",https://impfdashboard.de/,52895287,37106899,16469116
Germany,2021-06-03,"Johnson&Johnson, Moderna, Oxford/AstraZeneca, Pfizer/BioNTech",https://impfdashboard.de/,53537126,37390595,16880465
Germany,2021-06-04,"Johnson&Johnson, Moderna, Oxford/AstraZeneca, Pfizer/BioNTech",https://impfdashboard.de/,54346298,37758412,17399033
Germany,2021-06-05,"Johnson&Johnson, Moderna, Oxford/AstraZeneca, Pfizer/BioNTech",https://impfdashboard.de/,54758488,37885083,17715164
Germany,2021-06-06,"Johnson&Johnson, Moderna, Oxford/AstraZeneca, Pfizer/BioNTech",https://impfdashboard.de/,55050789,37962768,17947996
Germany,2021-06-07,"Johnson&Johnson, Moderna, Oxford/AstraZeneca, Pfizer/BioNTech",https://impfdashboard.de/,55662591,38208444,18368547
Germany,2021-06-08,"Johnson&Johnson, Moderna, Oxford/AstraZeneca, Pfizer/BioNTech",https://impfdashboard.de/,56707192,38610115,19079707
Germany,2021-06-09,"Johnson&Johnson, Moderna, Oxford/AstraZeneca, Pfizer/BioNTech",https://impfdashboard.de/,58118471,39143453,20053389
Germany,2021-06-10,"Johnson&Johnson, Moderna, Oxford/AstraZeneca, Pfizer/BioNTech",https://impfdashboard.de/,59296540,39624170,20839180
Germany,2021-06-11,"Johnson&Johnson, Moderna, Oxford/AstraZeneca, Pfizer/BioNTech",https://impfdashboard.de/,60346384,40073300,21536619
Germany,2021-06-12,"Johnson&Johnson, Moderna, Oxford/AstraZeneca, Pfizer/BioNTech",https://impfdashboard.de/,60778819,40229710,21847869
Germany,2021-06-13,"Johnson&Johnson, Moderna, Oxford/AstraZeneca, Pfizer/BioNTech",https://impfdashboard.de/,61061337,40307932,22065911
Germany,2021-06-14,"Johnson&Johnson, Moderna, Oxford/AstraZeneca, Pfizer/BioNTech",https://impfdashboard.de/,61708004,40570065,22505657
Germany,2021-06-15,"Johnson&Johnson, Moderna, Oxford/AstraZeneca, Pfizer/BioNTech",https://impfdashboard.de/,62742131,40965008,23203878
Germany,2021-06-16,"Johnson&Johnson, Moderna, Oxford/AstraZeneca, Pfizer/BioNTech",https://impfdashboard.de/,64108455,41493935,24117484
Germany,2021-06-17,"Johnson&Johnson, Moderna, Oxford/AstraZeneca, Pfizer/BioNTech",https://impfdashboard.de/,65239596,41947190,24863618
Germany,2021-06-18,"Johnson&Johnson, Moderna, Oxford/AstraZeneca, Pfizer/BioNTech",https://impfdashboard.de/,66217361,42348989,25508353
Germany,2021-06-19,"Johnson&Johnson, Moderna, Oxford/AstraZeneca, Pfizer/BioNTech",https://impfdashboard.de/,66641676,42487105,25815687
Germany,2021-06-20,"Johnson&Johnson, Moderna, Oxford/AstraZeneca, Pfizer/BioNTech",https://impfdashboard.de/,66935382,42567018,26042290
Germany,2021-06-21,"Johnson&Johnson, Moderna, Oxford/AstraZeneca, Pfizer/BioNTech",https://impfdashboard.de/,67557673,42805593,26462256
Germany,2021-06-22,"Johnson&Johnson, Moderna, Oxford/AstraZeneca, Pfizer/BioNTech",https://impfdashboard.de/,68620067,43202284,27161837
Germany,2021-06-23,"Johnson&Johnson, Moderna, Oxford/AstraZeneca, Pfizer/BioNTech",https://impfdashboard.de/,69938997,43710843,28006063
Germany,2021-06-24,"Johnson&Johnson, Moderna, Oxford/AstraZeneca, Pfizer/BioNTech",https://impfdashboard.de/,70957636,44224805,28550066
Germany,2021-06-25,"Johnson&Johnson, Moderna, Oxford/AstraZeneca, Pfizer/BioNTech",https://impfdashboard.de/,71862750,44631556,29087782
Germany,2021-06-26,"Johnson&Johnson, Moderna, Oxford/AstraZeneca, Pfizer/BioNTech",https://impfdashboard.de/,72266398,44776683,29359226
Germany,2021-06-27,"Johnson&Johnson, Moderna, Oxford/AstraZeneca, Pfizer/BioNTech",https://impfdashboard.de/,72556899,44869687,29560844
Germany,2021-06-28,"Johnson&Johnson, Moderna, Oxford/AstraZeneca, Pfizer/BioNTech",https://impfdashboard.de/,73177430,45131098,29944074
Germany,2021-06-29,"Johnson&Johnson, Moderna, Oxford/AstraZeneca, Pfizer/BioNTech",https://impfdashboard.de/,74097700,45533512,30483901
Germany,2021-06-30,"Johnson&Johnson, Moderna, Oxford/AstraZeneca, Pfizer/BioNTech",https://impfdashboard.de/,75104585,45995656,31050871
Germany,2021-07-01,"Johnson&Johnson, Moderna, Oxford/AstraZeneca, Pfizer/BioNTech",https://impfdashboard.de/,76074356,46461639,31576864
Germany,2021-07-02,"Johnson&Johnson, Moderna, Oxford/AstraZeneca, Pfizer/BioNTech",https://impfdashboard.de/,76906781,46854060,32037993
Germany,2021-07-03,"Johnson&Johnson, Moderna, Oxford/AstraZeneca, Pfizer/BioNTech",https://impfdashboard.de/,77280549,47015675,32265013
Germany,2021-07-04,"Johnson&Johnson, Moderna, Oxford/AstraZeneca, Pfizer/BioNTech",https://impfdashboard.de/,77552889,47116801,32444805
Germany,2021-07-05,"Johnson&Johnson, Moderna, Oxford/AstraZeneca, Pfizer/BioNTech",https://impfdashboard.de/,78081741,47324158,32781050
Germany,2021-07-06,"Johnson&Johnson, Moderna, Oxford/AstraZeneca, Pfizer/BioNTech",https://impfdashboard.de/,78847440,47605150,33281188
Germany,2021-07-07,"Johnson&Johnson, Moderna, Oxford/AstraZeneca, Pfizer/BioNTech",https://impfdashboard.de/,79825028,47940106,33942210
Germany,2021-07-08,"Johnson&Johnson, Moderna, Oxford/AstraZeneca, Pfizer/BioNTech",https://impfdashboard.de/,80651324,48214159,34512553
Germany,2021-07-09,"Johnson&Johnson, Moderna, Oxford/AstraZeneca, Pfizer/BioNTech",https://impfdashboard.de/,81382405,48444281,35032998
Germany,2021-07-10,"Johnson&Johnson, Moderna, Oxford/AstraZeneca, Pfizer/BioNTech",https://impfdashboard.de/,81717585,48546449,35275164
Germany,2021-07-11,"Johnson&Johnson, Moderna, Oxford/AstraZeneca, Pfizer/BioNTech",https://impfdashboard.de/,81939305,48612685,35437750
