location,date,vaccine,source_url,total_vaccinations,people_vaccinated,people_fully_vaccinated
Greece,2020-12-28,Pfizer/BioNTech,https://www.data.gov.gr/datasets/mdg_emvolio/,447,447,
Greece,2020-12-29,Pfizer/BioNTech,https://www.data.gov.gr/datasets/mdg_emvolio/,1077,1077,
Greece,2020-12-30,Pfizer/BioNTech,https://www.data.gov.gr/datasets/mdg_emvolio/,1722,1722,
Greece,2020-12-31,Pfizer/BioNTech,https://www.data.gov.gr/datasets/mdg_emvolio/,2339,2339,
Greece,2021-01-01,Pfizer/BioNTech,https://www.data.gov.gr/datasets/mdg_emvolio/,2603,2603,
Greece,2021-01-02,Pfizer/BioNTech,https://www.data.gov.gr/datasets/mdg_emvolio/,3149,3149,
Greece,2021-01-03,Pfizer/BioNTech,https://www.data.gov.gr/datasets/mdg_emvolio/,3869,3869,
Greece,2021-01-04,Pfizer/BioNTech,https://www.data.gov.gr/datasets/mdg_emvolio/,10327,10327,
Greece,2021-01-05,Pfizer/BioNTech,https://www.data.gov.gr/datasets/mdg_emvolio/,16631,16631,
Greece,2021-01-06,Pfizer/BioNTech,https://www.data.gov.gr/datasets/mdg_emvolio/,20616,20616,
Greece,2021-01-07,Pfizer/BioNTech,https://www.data.gov.gr/datasets/mdg_emvolio/,26445,26445,
Greece,2021-01-08,Pfizer/BioNTech,https://www.data.gov.gr/datasets/mdg_emvolio/,35272,35272,
Greece,2021-01-09,Pfizer/BioNTech,https://www.data.gov.gr/datasets/mdg_emvolio/,40427,40427,
Greece,2021-01-10,Pfizer/BioNTech,https://www.data.gov.gr/datasets/mdg_emvolio/,44645,44645,
Greece,2021-01-11,Pfizer/BioNTech,https://www.data.gov.gr/datasets/mdg_emvolio/,50045,50045,
Greece,2021-01-12,Pfizer/BioNTech,https://www.data.gov.gr/datasets/mdg_emvolio/,56475,56475,
Greece,2021-01-13,"Moderna, Pfizer/BioNTech",https://www.data.gov.gr/datasets/mdg_emvolio/,64932,64932,
Greece,2021-01-14,"Moderna, Pfizer/BioNTech",https://www.data.gov.gr/datasets/mdg_emvolio/,70960,70960,
Greece,2021-01-15,"Moderna, Pfizer/BioNTech",https://www.data.gov.gr/datasets/mdg_emvolio/,75412,75412,
Greece,2021-01-16,"Moderna, Pfizer/BioNTech",https://www.data.gov.gr/datasets/mdg_emvolio/,80391,80389,2
Greece,2021-01-18,"Moderna, Pfizer/BioNTech",https://www.data.gov.gr/datasets/mdg_emvolio/,85898,85475,423
Greece,2021-01-19,"Moderna, Pfizer/BioNTech",https://www.data.gov.gr/datasets/mdg_emvolio/,94454,93382,1072
Greece,2021-01-20,"Moderna, Pfizer/BioNTech",https://www.data.gov.gr/datasets/mdg_emvolio/,109831,108167,1664
Greece,2021-01-21,"Moderna, Pfizer/BioNTech",https://www.data.gov.gr/datasets/mdg_emvolio/,125928,123667,2261
Greece,2021-01-22,"Moderna, Pfizer/BioNTech",https://www.data.gov.gr/datasets/mdg_emvolio/,143877,141298,2579
Greece,2021-01-23,"Moderna, Pfizer/BioNTech",https://www.data.gov.gr/datasets/mdg_emvolio/,160101,156966,3135
Greece,2021-01-25,"Moderna, Pfizer/BioNTech",https://www.data.gov.gr/datasets/mdg_emvolio/,179951,171890,8061
Greece,2021-01-26,"Moderna, Pfizer/BioNTech",https://www.data.gov.gr/datasets/mdg_emvolio/,197755,184610,13145
Greece,2021-01-27,"Moderna, Pfizer/BioNTech",https://www.data.gov.gr/datasets/mdg_emvolio/,216040,198161,17879
Greece,2021-01-28,"Moderna, Pfizer/BioNTech",https://www.data.gov.gr/datasets/mdg_emvolio/,234285,210488,23797
Greece,2021-01-29,"Moderna, Pfizer/BioNTech",https://www.data.gov.gr/datasets/mdg_emvolio/,253363,220621,32742
Greece,2021-01-30,"Moderna, Pfizer/BioNTech",https://www.data.gov.gr/datasets/mdg_emvolio/,271287,232399,38888
Greece,2021-02-01,"Moderna, Pfizer/BioNTech",https://www.data.gov.gr/datasets/mdg_emvolio/,293817,247251,46566
Greece,2021-02-02,"Moderna, Pfizer/BioNTech",https://www.data.gov.gr/datasets/mdg_emvolio/,315628,261543,54085
Greece,2021-02-03,"Moderna, Pfizer/BioNTech",https://www.data.gov.gr/datasets/mdg_emvolio/,338122,276103,62019
Greece,2021-02-04,"Moderna, Pfizer/BioNTech",https://www.data.gov.gr/datasets/mdg_emvolio/,359723,291259,68464
Greece,2021-02-05,"Moderna, Pfizer/BioNTech",https://www.data.gov.gr/datasets/mdg_emvolio/,380136,306441,73695
Greece,2021-02-06,"Moderna, Pfizer/BioNTech",https://www.data.gov.gr/datasets/mdg_emvolio/,397857,318097,79760
Greece,2021-02-08,"Moderna, Pfizer/BioNTech",https://www.data.gov.gr/datasets/mdg_emvolio/,417565,332812,84753
Greece,2021-02-09,"Moderna, Pfizer/BioNTech",https://www.data.gov.gr/datasets/mdg_emvolio/,437872,345290,92582
Greece,2021-02-10,"Moderna, Oxford/AstraZeneca, Pfizer/BioNTech",https://www.data.gov.gr/datasets/mdg_emvolio/,459535,353412,106123
Greece,2021-02-11,"Moderna, Oxford/AstraZeneca, Pfizer/BioNTech",https://www.data.gov.gr/datasets/mdg_emvolio/,482416,360800,121616
Greece,2021-02-12,"Moderna, Oxford/AstraZeneca, Pfizer/BioNTech",https://www.data.gov.gr/datasets/mdg_emvolio/,506038,366749,139289
Greece,2021-02-13,"Moderna, Oxford/AstraZeneca, Pfizer/BioNTech",https://www.data.gov.gr/datasets/mdg_emvolio/,526369,371462,154907
Greece,2021-02-15,"Moderna, Oxford/AstraZeneca, Pfizer/BioNTech",https://www.data.gov.gr/datasets/mdg_emvolio/,554745,386049,168696
Greece,2021-02-16,"Moderna, Oxford/AstraZeneca, Pfizer/BioNTech",https://www.data.gov.gr/datasets/mdg_emvolio/,575766,397840,177926
Greece,2021-02-17,"Moderna, Oxford/AstraZeneca, Pfizer/BioNTech",https://www.data.gov.gr/datasets/mdg_emvolio/,603667,412970,190697
Greece,2021-02-18,"Moderna, Oxford/AstraZeneca, Pfizer/BioNTech",https://www.data.gov.gr/datasets/mdg_emvolio/,634037,430124,203913
Greece,2021-02-19,"Moderna, Oxford/AstraZeneca, Pfizer/BioNTech",https://www.data.gov.gr/datasets/mdg_emvolio/,664347,449073,215274
Greece,2021-02-20,"Moderna, Oxford/AstraZeneca, Pfizer/BioNTech",https://www.data.gov.gr/datasets/mdg_emvolio/,693436,465842,227594
Greece,2021-02-21,"Moderna, Oxford/AstraZeneca, Pfizer/BioNTech",https://www.data.gov.gr/datasets/mdg_emvolio/,697245,467656,229589
Greece,2021-02-22,"Moderna, Oxford/AstraZeneca, Pfizer/BioNTech",https://www.data.gov.gr/datasets/mdg_emvolio/,730410,486820,243590
Greece,2021-02-23,"Moderna, Oxford/AstraZeneca, Pfizer/BioNTech",https://www.data.gov.gr/datasets/mdg_emvolio/,762624,505148,257476
Greece,2021-02-24,"Moderna, Oxford/AstraZeneca, Pfizer/BioNTech",https://www.data.gov.gr/datasets/mdg_emvolio/,794347,522510,271837
Greece,2021-02-25,"Moderna, Oxford/AstraZeneca, Pfizer/BioNTech",https://www.data.gov.gr/datasets/mdg_emvolio/,826370,540039,286331
Greece,2021-02-26,"Moderna, Oxford/AstraZeneca, Pfizer/BioNTech",https://www.data.gov.gr/datasets/mdg_emvolio/,857306,556380,300926
Greece,2021-02-27,"Moderna, Oxford/AstraZeneca, Pfizer/BioNTech",https://www.data.gov.gr/datasets/mdg_emvolio/,885821,572174,313647
Greece,2021-03-01,"Moderna, Oxford/AstraZeneca, Pfizer/BioNTech",https://www.data.gov.gr/datasets/mdg_emvolio/,921189,594053,327136
Greece,2021-03-02,"Moderna, Oxford/AstraZeneca, Pfizer/BioNTech",https://www.data.gov.gr/datasets/mdg_emvolio/,957139,617737,339402
Greece,2021-03-03,"Moderna, Oxford/AstraZeneca, Pfizer/BioNTech",https://www.data.gov.gr/datasets/mdg_emvolio/,991409,643218,348191
Greece,2021-03-04,"Moderna, Oxford/AstraZeneca, Pfizer/BioNTech",https://www.data.gov.gr/datasets/mdg_emvolio/,1024711,669152,355559
Greece,2021-03-05,"Moderna, Oxford/AstraZeneca, Pfizer/BioNTech",https://www.data.gov.gr/datasets/mdg_emvolio/,1059304,697876,361427
Greece,2021-03-06,"Moderna, Oxford/AstraZeneca, Pfizer/BioNTech",https://www.data.gov.gr/datasets/mdg_emvolio/,1091749,725388,366360
Greece,2021-03-08,"Moderna, Oxford/AstraZeneca, Pfizer/BioNTech",https://www.data.gov.gr/datasets/mdg_emvolio/,1126060,753636,372423
Greece,2021-03-09,"Moderna, Oxford/AstraZeneca, Pfizer/BioNTech",https://www.data.gov.gr/datasets/mdg_emvolio/,1158386,780536,377848
Greece,2021-03-10,"Moderna, Oxford/AstraZeneca, Pfizer/BioNTech",https://www.data.gov.gr/datasets/mdg_emvolio/,1190723,807280,383441
Greece,2021-03-11,"Moderna, Oxford/AstraZeneca, Pfizer/BioNTech",https://www.data.gov.gr/datasets/mdg_emvolio/,1222393,831761,390629
Greece,2021-03-12,"Moderna, Oxford/AstraZeneca, Pfizer/BioNTech",https://www.data.gov.gr/datasets/mdg_emvolio/,1254087,855151,398933
Greece,2021-03-13,"Moderna, Oxford/AstraZeneca, Pfizer/BioNTech",https://www.data.gov.gr/datasets/mdg_emvolio/,1283472,877402,406067
Greece,2021-03-15,"Moderna, Oxford/AstraZeneca, Pfizer/BioNTech",https://www.data.gov.gr/datasets/mdg_emvolio/,1285437,877644,407790
Greece,2021-03-16,"Moderna, Oxford/AstraZeneca, Pfizer/BioNTech",https://www.data.gov.gr/datasets/mdg_emvolio/,1316554,895920,420630
Greece,2021-03-17,"Moderna, Oxford/AstraZeneca, Pfizer/BioNTech",https://www.data.gov.gr/datasets/mdg_emvolio/,1345735,915641,430089
Greece,2021-03-18,"Moderna, Oxford/AstraZeneca, Pfizer/BioNTech",https://www.data.gov.gr/datasets/mdg_emvolio/,1375828,935269,440554
Greece,2021-03-19,"Moderna, Oxford/AstraZeneca, Pfizer/BioNTech",https://www.data.gov.gr/datasets/mdg_emvolio/,1407064,956745,450314
Greece,2021-03-20,"Moderna, Oxford/AstraZeneca, Pfizer/BioNTech",https://www.data.gov.gr/datasets/mdg_emvolio/,1436491,977045,459441
Greece,2021-03-22,"Moderna, Oxford/AstraZeneca, Pfizer/BioNTech",https://www.data.gov.gr/datasets/mdg_emvolio/,1469020,997959,471056
Greece,2021-03-23,"Moderna, Oxford/AstraZeneca, Pfizer/BioNTech",https://www.data.gov.gr/datasets/mdg_emvolio/,1503487,1018670,484812
Greece,2021-03-24,"Moderna, Oxford/AstraZeneca, Pfizer/BioNTech",https://www.data.gov.gr/datasets/mdg_emvolio/,1536957,1035543,501409
Greece,2021-03-25,"Moderna, Oxford/AstraZeneca, Pfizer/BioNTech",https://www.data.gov.gr/datasets/mdg_emvolio/,1537104,1035659,501440
Greece,2021-03-26,"Moderna, Oxford/AstraZeneca, Pfizer/BioNTech",https://www.data.gov.gr/datasets/mdg_emvolio/,1572726,1046291,526429
Greece,2021-03-27,"Moderna, Oxford/AstraZeneca, Pfizer/BioNTech",https://www.data.gov.gr/datasets/mdg_emvolio/,1604238,1055744,548488
Greece,2021-03-29,"Moderna, Oxford/AstraZeneca, Pfizer/BioNTech",https://www.data.gov.gr/datasets/mdg_emvolio/,1635676,1066873,568796
Greece,2021-03-30,"Moderna, Oxford/AstraZeneca, Pfizer/BioNTech",https://www.data.gov.gr/datasets/mdg_emvolio/,1668956,1080658,588291
Greece,2021-03-31,"Moderna, Oxford/AstraZeneca, Pfizer/BioNTech",https://www.data.gov.gr/datasets/mdg_emvolio/,1699807,1092633,607167
Greece,2021-04-01,"Moderna, Oxford/AstraZeneca, Pfizer/BioNTech",https://www.data.gov.gr/datasets/mdg_emvolio/,1739051,1114363,624681
Greece,2021-04-02,"Moderna, Oxford/AstraZeneca, Pfizer/BioNTech",https://www.data.gov.gr/datasets/mdg_emvolio/,1777502,1135585,641909
Greece,2021-04-03,"Moderna, Oxford/AstraZeneca, Pfizer/BioNTech",https://www.data.gov.gr/datasets/mdg_emvolio/,1830362,1171420,658934
Greece,2021-04-05,"Moderna, Oxford/AstraZeneca, Pfizer/BioNTech",https://www.data.gov.gr/datasets/mdg_emvolio/,1886370,1222682,663680
Greece,2021-04-06,"Moderna, Oxford/AstraZeneca, Pfizer/BioNTech",https://www.data.gov.gr/datasets/mdg_emvolio/,1946339,1269938,676393
Greece,2021-04-07,"Moderna, Oxford/AstraZeneca, Pfizer/BioNTech",https://www.data.gov.gr/datasets/mdg_emvolio/,2003644,1312896,690740
Greece,2021-04-08,"Moderna, Oxford/AstraZeneca, Pfizer/BioNTech",https://www.data.gov.gr/datasets/mdg_emvolio/,2058750,1353956,704785
Greece,2021-04-09,"Moderna, Oxford/AstraZeneca, Pfizer/BioNTech",https://www.data.gov.gr/datasets/mdg_emvolio/,2114222,1394013,720200
Greece,2021-04-10,"Moderna, Oxford/AstraZeneca, Pfizer/BioNTech",https://www.data.gov.gr/datasets/mdg_emvolio/,2169353,1435503,733840
Greece,2021-04-12,"Moderna, Oxford/AstraZeneca, Pfizer/BioNTech",https://www.data.gov.gr/datasets/mdg_emvolio/,2225878,1480479,745389
Greece,2021-04-13,"Moderna, Oxford/AstraZeneca, Pfizer/BioNTech",https://www.data.gov.gr/datasets/mdg_emvolio/,2280934,1524902,756022
Greece,2021-04-14,"Moderna, Oxford/AstraZeneca, Pfizer/BioNTech",https://www.data.gov.gr/datasets/mdg_emvolio/,2334557,1569559,764988
Greece,2021-04-15,"Moderna, Oxford/AstraZeneca, Pfizer/BioNTech",https://www.data.gov.gr/datasets/mdg_emvolio/,2387148,1620067,767071
Greece,2021-04-16,"Moderna, Oxford/AstraZeneca, Pfizer/BioNTech",https://www.data.gov.gr/datasets/mdg_emvolio/,2440210,1671324,768876
Greece,2021-04-17,"Moderna, Oxford/AstraZeneca, Pfizer/BioNTech",https://www.data.gov.gr/datasets/mdg_emvolio/,2491857,1721650,770197
Greece,2021-04-19,"Moderna, Oxford/AstraZeneca, Pfizer/BioNTech",https://www.data.gov.gr/datasets/mdg_emvolio/,2546154,1774120,772024
Greece,2021-04-20,"Moderna, Oxford/AstraZeneca, Pfizer/BioNTech",https://www.data.gov.gr/datasets/mdg_emvolio/,2600998,1826618,774370
Greece,2021-04-21,"Moderna, Oxford/AstraZeneca, Pfizer/BioNTech",https://www.data.gov.gr/datasets/mdg_emvolio/,2652448,1876009,776429
Greece,2021-04-22,"Moderna, Oxford/AstraZeneca, Pfizer/BioNTech",https://www.data.gov.gr/datasets/mdg_emvolio/,2708780,1924630,784140
Greece,2021-04-23,"Moderna, Oxford/AstraZeneca, Pfizer/BioNTech",https://www.data.gov.gr/datasets/mdg_emvolio/,2765367,1971361,793996
Greece,2021-04-24,"Moderna, Oxford/AstraZeneca, Pfizer/BioNTech",https://www.data.gov.gr/datasets/mdg_emvolio/,2821625,2004512,817103
Greece,2021-04-26,"Moderna, Oxford/AstraZeneca, Pfizer/BioNTech",https://www.data.gov.gr/datasets/mdg_emvolio/,2883199,2032090,851099
Greece,2021-04-27,"Moderna, Oxford/AstraZeneca, Pfizer/BioNTech",https://www.data.gov.gr/datasets/mdg_emvolio/,2945058,2063824,881224
Greece,2021-04-28,"Johnson&Johnson, Moderna, Oxford/AstraZeneca, Pfizer/BioNTech",https://www.data.gov.gr/datasets/mdg_emvolio/,3009488,2099343,910135
Greece,2021-04-29,"Johnson&Johnson, Moderna, Oxford/AstraZeneca, Pfizer/BioNTech",https://www.data.gov.gr/datasets/mdg_emvolio/,3075698,2131890,943798
Greece,2021-04-30,"Johnson&Johnson, Moderna, Oxford/AstraZeneca, Pfizer/BioNTech",https://www.data.gov.gr/datasets/mdg_emvolio/,3097693,2153560,944123
Greece,2021-05-01,"Johnson&Johnson, Moderna, Oxford/AstraZeneca, Pfizer/BioNTech",https://www.data.gov.gr/datasets/mdg_emvolio/,3115339,2170847,944481
Greece,2021-05-03,"Johnson&Johnson, Moderna, Oxford/AstraZeneca, Pfizer/BioNTech",https://www.data.gov.gr/datasets/mdg_emvolio/,3136791,2191449,945331
Greece,2021-05-04,"Johnson&Johnson, Moderna, Oxford/AstraZeneca, Pfizer/BioNTech",https://www.data.gov.gr/datasets/mdg_emvolio/,3201212,2214648,986552
Greece,2021-05-05,"Johnson&Johnson, Moderna, Oxford/AstraZeneca, Pfizer/BioNTech",https://www.data.gov.gr/datasets/mdg_emvolio/,3309765,2272642,1041838
Greece,2021-05-06,"Johnson&Johnson, Moderna, Oxford/AstraZeneca, Pfizer/BioNTech",https://www.data.gov.gr/datasets/mdg_emvolio/,3424441,2333913,1100081
Greece,2021-05-07,"Johnson&Johnson, Moderna, Oxford/AstraZeneca, Pfizer/BioNTech",https://www.data.gov.gr/datasets/mdg_emvolio/,3535148,2391470,1158110
Greece,2021-05-08,"Johnson&Johnson, Moderna, Oxford/AstraZeneca, Pfizer/BioNTech",https://www.data.gov.gr/datasets/mdg_emvolio/,3647616,2450303,1216683
Greece,2021-05-10,"Johnson&Johnson, Moderna, Oxford/AstraZeneca, Pfizer/BioNTech",https://www.data.gov.gr/datasets/mdg_emvolio/,3760640,2507229,1277825
Greece,2021-05-11,"Johnson&Johnson, Moderna, Oxford/AstraZeneca, Pfizer/BioNTech",https://www.data.gov.gr/datasets/mdg_emvolio/,3868356,2561858,1335798
Greece,2021-05-12,"Johnson&Johnson, Moderna, Oxford/AstraZeneca, Pfizer/BioNTech",https://www.data.gov.gr/datasets/mdg_emvolio/,3973336,2615123,1392281
Greece,2021-05-13,"Johnson&Johnson, Moderna, Oxford/AstraZeneca, Pfizer/BioNTech",https://www.data.gov.gr/datasets/mdg_emvolio/,4079168,2666895,1450838
Greece,2021-05-14,"Johnson&Johnson, Moderna, Oxford/AstraZeneca, Pfizer/BioNTech",https://www.data.gov.gr/datasets/mdg_emvolio/,4185347,2718390,1510095
Greece,2021-05-15,"Johnson&Johnson, Moderna, Oxford/AstraZeneca, Pfizer/BioNTech",https://www.data.gov.gr/datasets/mdg_emvolio/,4292541,2772414,1568229
Greece,2021-05-17,"Johnson&Johnson, Moderna, Oxford/AstraZeneca, Pfizer/BioNTech",https://www.data.gov.gr/datasets/mdg_emvolio/,4405618,2836972,1624604
Greece,2021-05-18,"Johnson&Johnson, Moderna, Oxford/AstraZeneca, Pfizer/BioNTech",https://www.data.gov.gr/datasets/mdg_emvolio/,4513979,2905212,1672775
Greece,2021-05-19,"Johnson&Johnson, Moderna, Oxford/AstraZeneca, Pfizer/BioNTech",https://www.data.gov.gr/datasets/mdg_emvolio/,4615746,2974175,1709388
Greece,2021-05-20,"Johnson&Johnson, Moderna, Oxford/AstraZeneca, Pfizer/BioNTech",https://www.data.gov.gr/datasets/mdg_emvolio/,4716739,3044700,1743394
Greece,2021-05-21,"Johnson&Johnson, Moderna, Oxford/AstraZeneca, Pfizer/BioNTech",https://www.data.gov.gr/datasets/mdg_emvolio/,4814981,3121394,1768771
Greece,2021-05-22,"Johnson&Johnson, Moderna, Oxford/AstraZeneca, Pfizer/BioNTech",https://www.data.gov.gr/datasets/mdg_emvolio/,4913334,3200861,1791271
Greece,2021-05-24,"Johnson&Johnson, Moderna, Oxford/AstraZeneca, Pfizer/BioNTech",https://www.data.gov.gr/datasets/mdg_emvolio/,5012666,3281550,1813815
Greece,2021-05-25,"Johnson&Johnson, Moderna, Oxford/AstraZeneca, Pfizer/BioNTech",https://www.data.gov.gr/datasets/mdg_emvolio/,5107830,3357664,1836773
Greece,2021-05-26,"Johnson&Johnson, Moderna, Oxford/AstraZeneca, Pfizer/BioNTech",https://www.data.gov.gr/datasets/mdg_emvolio/,5206825,3416341,1880694
Greece,2021-05-27,"Johnson&Johnson, Moderna, Oxford/AstraZeneca, Pfizer/BioNTech",https://www.data.gov.gr/datasets/mdg_emvolio/,5305355,3474645,1924490
Greece,2021-05-28,"Johnson&Johnson, Moderna, Oxford/AstraZeneca, Pfizer/BioNTech",https://www.data.gov.gr/datasets/mdg_emvolio/,5402105,3532531,1967849
Greece,2021-05-29,"Johnson&Johnson, Moderna, Oxford/AstraZeneca, Pfizer/BioNTech",https://www.data.gov.gr/datasets/mdg_emvolio/,5498042,3589514,2010989
Greece,2021-05-31,"Johnson&Johnson, Moderna, Oxford/AstraZeneca, Pfizer/BioNTech",https://www.data.gov.gr/datasets/mdg_emvolio/,5597624,3647975,2058287
Greece,2021-06-01,"Johnson&Johnson, Moderna, Oxford/AstraZeneca, Pfizer/BioNTech",https://www.data.gov.gr/datasets/mdg_emvolio/,5691818,3698975,2105971
Greece,2021-06-02,"Johnson&Johnson, Moderna, Oxford/AstraZeneca, Pfizer/BioNTech",https://www.data.gov.gr/datasets/mdg_emvolio/,5791280,3752217,2155442
Greece,2021-06-03,"Johnson&Johnson, Moderna, Oxford/AstraZeneca, Pfizer/BioNTech",https://www.data.gov.gr/datasets/mdg_emvolio/,5888281,3803175,2204220
Greece,2021-06-04,"Johnson&Johnson, Moderna, Oxford/AstraZeneca, Pfizer/BioNTech",https://www.data.gov.gr/datasets/mdg_emvolio/,5986480,3854947,2253347
Greece,2021-06-05,"Johnson&Johnson, Moderna, Oxford/AstraZeneca, Pfizer/BioNTech",https://www.data.gov.gr/datasets/mdg_emvolio/,6084963,3904249,2305626
Greece,2021-06-06,"Johnson&Johnson, Moderna, Oxford/AstraZeneca, Pfizer/BioNTech",https://www.data.gov.gr/datasets/mdg_emvolio/,6156375,3972036,2309366
Greece,2021-06-07,"Johnson&Johnson, Moderna, Oxford/AstraZeneca, Pfizer/BioNTech",https://www.data.gov.gr/datasets/mdg_emvolio/,6258951,4021033,2369187
Greece,2021-06-08,"Johnson&Johnson, Moderna, Oxford/AstraZeneca, Pfizer/BioNTech",https://www.data.gov.gr/datasets/mdg_emvolio/,6361417,4062809,2435852
Greece,2021-06-09,"Johnson&Johnson, Moderna, Oxford/AstraZeneca, Pfizer/BioNTech",https://www.data.gov.gr/datasets/mdg_emvolio/,6463465,4100020,2506621
Greece,2021-06-10,"Johnson&Johnson, Moderna, Oxford/AstraZeneca, Pfizer/BioNTech",https://www.data.gov.gr/datasets/mdg_emvolio/,6564056,4130759,2582154
Greece,2021-06-11,"Johnson&Johnson, Moderna, Oxford/AstraZeneca, Pfizer/BioNTech",https://www.data.gov.gr/datasets/mdg_emvolio/,6665626,4160286,2660260
Greece,2021-06-12,"Johnson&Johnson, Moderna, Oxford/AstraZeneca, Pfizer/BioNTech",https://www.data.gov.gr/datasets/mdg_emvolio/,6770033,4187201,2743851
Greece,2021-06-13,"Johnson&Johnson, Moderna, Oxford/AstraZeneca, Pfizer/BioNTech",https://www.data.gov.gr/datasets/mdg_emvolio/,6835783,4247276,2749592
Greece,2021-06-14,"Johnson&Johnson, Moderna, Oxford/AstraZeneca, Pfizer/BioNTech",https://www.data.gov.gr/datasets/mdg_emvolio/,6938959,4274435,2831081
Greece,2021-06-15,"Johnson&Johnson, Moderna, Oxford/AstraZeneca, Pfizer/BioNTech",https://www.data.gov.gr/datasets/mdg_emvolio/,7041432,4302109,2911340
Greece,2021-06-16,"Johnson&Johnson, Moderna, Oxford/AstraZeneca, Pfizer/BioNTech",https://www.data.gov.gr/datasets/mdg_emvolio/,7142822,4338990,2980883
Greece,2021-06-17,"Johnson&Johnson, Moderna, Oxford/AstraZeneca, Pfizer/BioNTech",https://www.data.gov.gr/datasets/mdg_emvolio/,7244517,4381177,3045889
Greece,2021-06-18,"Johnson&Johnson, Moderna, Oxford/AstraZeneca, Pfizer/BioNTech",https://www.data.gov.gr/datasets/mdg_emvolio/,7345346,4424124,3108991
Greece,2021-06-19,"Johnson&Johnson, Moderna, Oxford/AstraZeneca, Pfizer/BioNTech",https://www.data.gov.gr/datasets/mdg_emvolio/,7446861,4468526,3171374
Greece,2021-06-20,"Johnson&Johnson, Moderna, Oxford/AstraZeneca, Pfizer/BioNTech",https://www.data.gov.gr/datasets/mdg_emvolio/,7508584,4526238,3175443
Greece,2021-06-21,"Johnson&Johnson, Moderna, Oxford/AstraZeneca, Pfizer/BioNTech",https://www.data.gov.gr/datasets/mdg_emvolio/,7510968,4528564,3175501
Greece,2021-06-22,"Johnson&Johnson, Moderna, Oxford/AstraZeneca, Pfizer/BioNTech",https://www.data.gov.gr/datasets/mdg_emvolio/,7616421,4565918,3248653
Greece,2021-06-23,"Johnson&Johnson, Moderna, Oxford/AstraZeneca, Pfizer/BioNTech",https://www.data.gov.gr/datasets/mdg_emvolio/,7722093,4604203,3321644
Greece,2021-06-24,"Johnson&Johnson, Moderna, Oxford/AstraZeneca, Pfizer/BioNTech",https://www.data.gov.gr/datasets/mdg_emvolio/,7822697,4641844,3390060
Greece,2021-06-25,"Johnson&Johnson, Moderna, Oxford/AstraZeneca, Pfizer/BioNTech",https://www.data.gov.gr/datasets/mdg_emvolio/,7925253,4678423,3461165
Greece,2021-06-26,"Johnson&Johnson, Moderna, Oxford/AstraZeneca, Pfizer/BioNTech",https://www.data.gov.gr/datasets/mdg_emvolio/,8028343,4714281,3534001
Greece,2021-06-27,"Johnson&Johnson, Moderna, Oxford/AstraZeneca, Pfizer/BioNTech",https://www.data.gov.gr/datasets/mdg_emvolio/,8098959,4728534,3590937
Greece,2021-06-28,"Johnson&Johnson, Moderna, Oxford/AstraZeneca, Pfizer/BioNTech",https://www.data.gov.gr/datasets/mdg_emvolio/,8202338,4762181,3666080
Greece,2021-06-29,"Johnson&Johnson, Moderna, Oxford/AstraZeneca, Pfizer/BioNTech",https://www.data.gov.gr/datasets/mdg_emvolio/,8299173,4800314,3730060
Greece,2021-06-30,"Johnson&Johnson, Moderna, Oxford/AstraZeneca, Pfizer/BioNTech",https://www.data.gov.gr/datasets/mdg_emvolio/,8391535,4839188,3788906
Greece,2021-07-01,"Johnson&Johnson, Moderna, Oxford/AstraZeneca, Pfizer/BioNTech",https://www.data.gov.gr/datasets/mdg_emvolio/,8475823,4883996,3831147
Greece,2021-07-02,"Johnson&Johnson, Moderna, Oxford/AstraZeneca, Pfizer/BioNTech",https://www.data.gov.gr/datasets/mdg_emvolio/,8559280,4923627,3878045
Greece,2021-07-03,"Johnson&Johnson, Moderna, Oxford/AstraZeneca, Pfizer/BioNTech",https://www.data.gov.gr/datasets/mdg_emvolio/,8641748,4970687,3917016
Greece,2021-07-04,"Johnson&Johnson, Moderna, Oxford/AstraZeneca, Pfizer/BioNTech",https://www.data.gov.gr/datasets/mdg_emvolio/,8710475,4988117,3968350
Greece,2021-07-05,"Johnson&Johnson, Moderna, Oxford/AstraZeneca, Pfizer/BioNTech",https://www.data.gov.gr/datasets/mdg_emvolio/,8802118,5034743,4017820
Greece,2021-07-06,"Johnson&Johnson, Moderna, Oxford/AstraZeneca, Pfizer/BioNTech",https://www.data.gov.gr/datasets/mdg_emvolio/,8884422,5081723,4058143
Greece,2021-07-07,"Johnson&Johnson, Moderna, Oxford/AstraZeneca, Pfizer/BioNTech",https://www.data.gov.gr/datasets/mdg_emvolio/,8966023,5120593,4105653
Greece,2021-07-08,"Johnson&Johnson, Moderna, Oxford/AstraZeneca, Pfizer/BioNTech",https://www.data.gov.gr/datasets/mdg_emvolio/,9050766,5162882,4151907
Greece,2021-07-09,"Johnson&Johnson, Moderna, Oxford/AstraZeneca, Pfizer/BioNTech",https://www.data.gov.gr/datasets/mdg_emvolio/,9138465,5204251,4201847
Greece,2021-07-10,"Johnson&Johnson, Moderna, Oxford/AstraZeneca, Pfizer/BioNTech",https://www.data.gov.gr/datasets/mdg_emvolio/,9228699,5244136,4255688
Greece,2021-07-11,"Johnson&Johnson, Moderna, Oxford/AstraZeneca, Pfizer/BioNTech",https://www.data.gov.gr/datasets/mdg_emvolio/,9233521,5246057,4258610
