location,date,vaccine,source_url,total_vaccinations,people_vaccinated,people_fully_vaccinated
Hungary,2020-12-28,Pfizer/BioNTech,https://kormany.hu/hirek/ujabb-helyszineken-folytatodhat-az-egeszsegugyi-dolgozok-oltasa,1094,,
Hungary,2021-01-18,Pfizer/BioNTech,https://koronavirus.gov.hu/cikkek/573-fovel-emelkedett-beazonositott-fertozottek-szama-es-elhunyt-111-beteg,131332,129689,1643
Hungary,2021-01-19,Pfizer/BioNTech,https://koronavirus.gov.hu/cikkek/976-fovel-emelkedett-beazonositott-fertozottek-szama-es-elhunyt-95-beteg,133257,130318,2939
Hungary,2021-01-20,Pfizer/BioNTech,https://koronavirus.gov.hu/cikkek/1-410-fovel-emelkedett-beazonositott-fertozottek-szama-es-elhunyt-98-beteg,138584,134554,4030
Hungary,2021-01-21,Pfizer/BioNTech,https://koronavirus.gov.hu/cikkek/1-311-fovel-emelkedett-beazonositott-fertozottek-szama-es-elhunyt-98-beteg,144798,138983,5815
Hungary,2021-01-22,Pfizer/BioNTech,https://koronavirus.gov.hu/cikkek/1344-fovel-emelkedett-beazonositott-fertozottek-szama-es-elhunyt-93-beteg,150128,143184,6944
Hungary,2021-01-23,Pfizer/BioNTech,https://koronavirus.gov.hu/cikkek/1257-fovel-emelkedett-beazonositott-fertozottek-szama-es-elhunyt-64-beteg,153392,145257,8135
Hungary,2021-01-24,Pfizer/BioNTech,https://koronavirus.gov.hu/cikkek/844-fovel-emelkedett-beazonositott-fertozottek-szama-es-elhunyt-56-beteg,156098,146695,9403
Hungary,2021-01-25,Pfizer/BioNTech,https://koronavirus.gov.hu/cikkek/459-fovel-emelkedett-beazonositott-fertozottek-szama-es-elhunyt-89-beteg,162315,149676,12639
Hungary,2021-01-26,Pfizer/BioNTech,https://koronavirus.gov.hu/cikkek/1004-fovel-emelkedett-beazonositott-fertozottek-szama-es-elhunyt-85-beteg,170476,152704,17772
Hungary,2021-01-27,Pfizer/BioNTech,https://koronavirus.gov.hu/cikkek/1569-fovel-emelkedett-beazonositott-fertozottek-szama-es-elhunyt-93-beteg,187508,161215,26293
Hungary,2021-01-28,Pfizer/BioNTech,https://koronavirus.gov.hu/cikkek/1459-fovel-emelkedett-beazonositott-fertozottek-szama-es-elhunyt-83-beteg,213010,175283,37727
Hungary,2021-01-29,Pfizer/BioNTech,https://koronavirus.gov.hu/cikkek/1370-fovel-emelkedett-beazonositott-fertozottek-szama-es-elhunyt-89-beteg,247889,198283,49606
Hungary,2021-01-30,Pfizer/BioNTech,https://koronavirus.gov.hu/cikkek/1307-fovel-emelkedett-beazonositott-fertozottek-szama-es-elhunyt-61-beteg,278830,222005,56825
Hungary,2021-01-31,Pfizer/BioNTech,https://koronavirus.gov.hu/cikkek/1124-fovel-emelkedett-beazonositott-fertozottek-szama-es-elhunyt-54-beteg,299138,237872,61266
Hungary,2021-02-01,Pfizer/BioNTech,https://koronavirus.gov.hu/cikkek/578-fovel-emelkedett-beazonositott-fertozottek-szama-es-elhunyt-78-beteg,311662,243136,68526
Hungary,2021-02-02,Pfizer/BioNTech,https://koronavirus.gov.hu/cikkek/1048-fovel-emelkedett-beazonositott-fertozottek-szama-es-elhunyt-83-beteg,322306,247270,75036
Hungary,2021-02-03,Pfizer/BioNTech,https://koronavirus.gov.hu/cikkek/1652-fovel-emelkedett-beazonositott-fertozottek-szama-es-elhunyt-93-beteg,334130,249687,84452
Hungary,2021-02-04,Pfizer/BioNTech,https://koronavirus.gov.hu/cikkek/1576-fovel-emelkedett-beazonositott-fertozottek-szama-es-elhunyt-98-beteg,357303,264530,92773
Hungary,2021-02-05,Pfizer/BioNTech,https://koronavirus.gov.hu/cikkek/1561-fovel-emelkedett-beazonositott-fertozottek-szama-es-elhunyt-96-beteg,381062,279410,101652
Hungary,2021-02-06,Pfizer/BioNTech,https://koronavirus.gov.hu/cikkek/1-370-fovel-emelkedett-beazonositott-fertozottek-szama-es-elhunyt-64-beteg,391621,286379,105242
Hungary,2021-02-07,Pfizer/BioNTech,https://koronavirus.gov.hu/cikkek/1-160-fovel-emelkedett-beazonositott-fertozottek-szama-es-elhunyt-65-beteg,396634,289042,107592
Hungary,2021-02-08,Pfizer/BioNTech,https://koronavirus.gov.hu/cikkek/1079-fovel-emelkedett-beazonositott-fertozottek-szama-es-elhunyt-94-beteg,401791,291396,110395
Hungary,2021-02-09,Pfizer/BioNTech,https://koronavirus.gov.hu/cikkek/1279-fovel-emelkedett-beazonositott-fertozottek-szama-es-elhunyt-98-beteg,406197,292627,113570
Hungary,2021-02-10,Pfizer/BioNTech,https://koronavirus.gov.hu/cikkek/1862-fovel-emelkedett-beazonositott-fertozottek-szama-es-elhunyt-97-beteg,411992,294624,117368
Hungary,2021-02-11,Pfizer/BioNTech,https://koronavirus.gov.hu/cikkek/1860-fovel-emelkedett-beazonositott-fertozottek-szama-es-elhunyt-99-beteg,431097,310448,120649
Hungary,2021-02-12,Pfizer/BioNTech,https://koronavirus.gov.hu/cikkek/2020-fovel-emelkedett-beazonositott-fertozottek-szama-es-elhunyt-93-beteg,455168,330745,124423
Hungary,2021-02-13,Pfizer/BioNTech,https://koronavirus.gov.hu/cikkek/1707-fovel-emelkedett-beazonositott-fertozottek-szama-es-elhunyt-70-beteg,463383,335188,128195
Hungary,2021-02-14,Pfizer/BioNTech,https://koronavirus.gov.hu/cikkek/1337-fovel-emelkedett-beazonositott-fertozottek-szama-es-elhunyt-46-beteg,465636,336297,129339
Hungary,2021-02-15,Pfizer/BioNTech,https://koronavirus.gov.hu/cikkek/823-fovel-emelkedett-beazonositott-fertozottek-szama-es-elhunyt-85-beteg,473551,341958,131593
Hungary,2021-02-16,Pfizer/BioNTech,https://koronavirus.gov.hu/cikkek/1548-fovel-emelkedett-beazonositott-fertozottek-szama-es-elhunyt-94-beteg,483751,348927,134824
Hungary,2021-02-17,Pfizer/BioNTech,https://koronavirus.gov.hu/cikkek/2853-fovel-emelkedett-beazonositott-fertozottek-szama-es-elhunyt-104-beteg,506044,365021,141023
Hungary,2021-02-18,Pfizer/BioNTech,https://koronavirus.gov.hu/cikkek/3093-fovel-emelkedett-beazonositott-fertozottek-szama-es-elhunyt-110-beteg,544253,391821,152432
Hungary,2021-02-19,Pfizer/BioNTech,https://koronavirus.gov.hu/cikkek/2995-fovel-emelkedett-beazonositott-fertozottek-szama-es-elhunyt-107-beteg,600048,427309,172739
Hungary,2021-02-20,Pfizer/BioNTech,https://koronavirus.gov.hu/cikkek/2912-fovel-emelkedett-beazonositott-fertozottek-szama-es-elhunyt-47-beteg,636240,445535,190705
Hungary,2021-02-21,Pfizer/BioNTech,https://koronavirus.gov.hu/cikkek/2623-fovel-emelkedett-beazonositott-fertozottek-szama-es-elhunyt-48-beteg,654462,453457,201005
Hungary,2021-02-22,"Moderna, Oxford/AstraZeneca, Pfizer/BioNTech, Sinopharm/Beijing, Sputnik V",https://koronavirus.gov.hu/cikkek/1628-fovel-emelkedett-beazonositott-fertozottek-szama-es-elhunyt-103-beteg,662816,457096,205720
Hungary,2021-02-23,"Moderna, Oxford/AstraZeneca, Pfizer/BioNTech, Sinopharm/Beijing, Sputnik V",https://koronavirus.gov.hu/cikkek/2855-fovel-emelkedett-beazonositott-fertozottek-szama-es-elhunyt-102-beteg,679850,471004,208846
Hungary,2021-02-24,"Moderna, Oxford/AstraZeneca, Pfizer/BioNTech, Sinopharm/Beijing, Sputnik V",https://koronavirus.gov.hu/cikkek/4385-fovel-emelkedett-beazonositott-fertozottek-szama-es-elhunyt-120-beteg,719146,508043,211073
Hungary,2021-02-25,"Moderna, Oxford/AstraZeneca, Pfizer/BioNTech, Sinopharm/Beijing, Sputnik V",https://koronavirus.gov.hu/cikkek/4668-fovel-emelkedett-beazonositott-fertozottek-szama-es-elhunyt-123-beteg,761905,521283,240622
Hungary,2021-02-26,"Moderna, Oxford/AstraZeneca, Pfizer/BioNTech, Sinopharm/Beijing, Sputnik V",https://koronavirus.gov.hu/cikkek/4948-fovel-emelkedett-beazonositott-fertozottek-szama-es-elhunyt-107-beteg,808008,563601,244407
Hungary,2021-02-27,"Moderna, Oxford/AstraZeneca, Pfizer/BioNTech, Sinopharm/Beijing, Sputnik V",https://koronavirus.gov.hu/cikkek/4-469-fovel-emelkedett-beazonositott-fertozottek-szama-es-elhunyt-72-beteg,927181,677682,249499
Hungary,2021-02-28,"Moderna, Oxford/AstraZeneca, Pfizer/BioNTech, Sinopharm/Beijing, Sputnik V",https://koronavirus.gov.hu/cikkek/4326-fovel-emelkedett-beazonositott-fertozottek-szama-es-elhunyt-84-beteg,936938,685247,251691
Hungary,2021-03-01,"Moderna, Oxford/AstraZeneca, Pfizer/BioNTech, Sinopharm/Beijing, Sputnik V",https://koronavirus.gov.hu/cikkek/tobb-mint-721-ezer-beoltottak-szama-2764-az-uj-fertozott-es-elhunyt-130-beteg,974524,721677,252847
Hungary,2021-03-02,"Moderna, Oxford/AstraZeneca, Pfizer/BioNTech, Sinopharm/Beijing, Sputnik V",https://koronavirus.gov.hu/cikkek/tobb-mint-758-ezer-beoltottak-szama-4211-az-uj-fertozott-es-elhunyt-136-beteg,1011405,758037,253368
Hungary,2021-03-03,"Moderna, Oxford/AstraZeneca, Pfizer/BioNTech, Sinopharm/Beijing, Sputnik V",https://koronavirus.gov.hu/cikkek/tobb-mint-785-ezer-beoltottak-szama-6278-az-uj-fertozott-es-elhunyt-152-beteg,1052593,785440,267153
Hungary,2021-03-04,"Moderna, Oxford/AstraZeneca, Pfizer/BioNTech, Sinopharm/Beijing, Sputnik V",https://koronavirus.gov.hu/cikkek/tobb-mint-862-953-ezer-beoltottak-szama-6369-az-uj-fertozott-es-elhunyt-143-beteg,1142680,862953,279727
Hungary,2021-03-05,"Moderna, Oxford/AstraZeneca, Pfizer/BioNTech, Sinopharm/Beijing, Sputnik V",https://koronavirus.gov.hu/cikkek/949-497-beoltottak-szama-7269-az-uj-fertozott-es-elhunyt-146-beteg,1254377,949497,304880
Hungary,2021-03-06,"Moderna, Oxford/AstraZeneca, Pfizer/BioNTech, Sinopharm/Beijing, Sputnik V",https://koronavirus.gov.hu/cikkek/981-401-beoltottak-szama-6201-az-uj-fertozott-es-elhunyt-108-beteg,1288974,981401,307573
Hungary,2021-03-07,"Moderna, Oxford/AstraZeneca, Pfizer/BioNTech, Sinopharm/Beijing, Sputnik V",https://www.youtube.com/watch?v=KcUesSdS0qs,1310643,1002714,307929
Hungary,2021-03-08,"Moderna, Oxford/AstraZeneca, Pfizer/BioNTech, Sinopharm/Beijing, Sputnik V",https://koronavirus.gov.hu/cikkek/1-millio-47-ezer-beoltottak-szama-6494-az-uj-fertozott-es-elhunyt-158-beteg,1361530,1047045,314485
Hungary,2021-03-09,"Moderna, Oxford/AstraZeneca, Pfizer/BioNTech, Sinopharm/Beijing, Sputnik V",https://koronavirus.gov.hu/cikkek/11-millio-beoltottak-szama-5653-az-uj-fertozott-es-elhunyt-179-beteg,1425697,1107791,317906
Hungary,2021-03-10,"Moderna, Oxford/AstraZeneca, Pfizer/BioNTech, Sinopharm/Beijing, Sputnik V",https://koronavirus.gov.hu/cikkek/1-millio-150-ezer-beoltottak-szama-8312-az-uj-fertozott-es-elhunyt-172-beteg,1476985,1149557,327428
Hungary,2021-03-11,"Moderna, Oxford/AstraZeneca, Pfizer/BioNTech, Sinopharm/Beijing, Sputnik V",https://koronavirus.gov.hu/cikkek/1-millio-230-ezer-beoltottak-szama-9011-az-uj-fertozott-es-elhunyt-130-beteg,1581521,1229827,351694
Hungary,2021-03-12,"Moderna, Oxford/AstraZeneca, Pfizer/BioNTech, Sinopharm/Beijing, Sputnik V",https://koronavirus.gov.hu/cikkek/1-millio-293-ezer-beoltottak-szama-9444-az-uj-fertozott-es-elhunyt-163-beteg,1670757,1293414,377343
Hungary,2021-03-13,"Moderna, Oxford/AstraZeneca, Pfizer/BioNTech, Sinopharm/Beijing, Sputnik V",https://koronavirus.gov.hu/cikkek/1-millio-319-ezer-beoltottak-szama-8863-az-uj-fertozott-es-elhunyt-162-beteg,1711969,1319266,392703
Hungary,2021-03-14,"Moderna, Oxford/AstraZeneca, Pfizer/BioNTech, Sinopharm/Beijing, Sputnik V",https://koronavirus.gov.hu/cikkek/1-millio-334-ezer-beoltottak-szama-7706-az-uj-fertozott-es-elhunyt-131-beteg,1733557,1334595,398962
Hungary,2021-03-15,"Moderna, Oxford/AstraZeneca, Pfizer/BioNTech, Sinopharm/Beijing, Sputnik V",https://koronavirus.gov.hu/cikkek/1-millio-347-ezer-beoltottak-szama-4926-az-uj-fertozott-es-elhunyt-143-beteg,1746578,1347073,399505
Hungary,2021-03-16,"Moderna, Oxford/AstraZeneca, Pfizer/BioNTech, Sinopharm/Beijing, Sputnik V",https://koronavirus.gov.hu/cikkek/1-millio-397-ezer-beoltottak-szama-3456-az-uj-fertozott-es-elhunyt-195-beteg,1804088,1397342,406746
Hungary,2021-03-17,"Moderna, Oxford/AstraZeneca, Pfizer/BioNTech, Sinopharm/Beijing, Sputnik V",https://koronavirus.gov.hu/cikkek/1-millio-442-ezer-beoltottak-szama-6502-az-uj-fertozott-es-elhunyt-207-beteg,1863621,1441706,421915
Hungary,2021-03-18,"Moderna, Oxford/AstraZeneca, Pfizer/BioNTech, Sinopharm/Beijing, Sputnik V",https://koronavirus.gov.hu/cikkek/1-millio-478-ezer-beoltottak-szama-10-759-az-uj-fertozott-es-elhunyt-213-beteg,1922005,1477554,444451
Hungary,2021-03-19,"Moderna, Oxford/AstraZeneca, Pfizer/BioNTech, Sinopharm/Beijing, Sputnik V",https://koronavirus.gov.hu/cikkek/1-millio-520-ezer-beoltottak-szama-11-132-az-uj-fertozott-es-elhunyt-227-beteg,1985993,1520350,465643
Hungary,2021-03-20,"Moderna, Oxford/AstraZeneca, Pfizer/BioNTech, Sinopharm/Beijing, Sputnik V",https://koronavirus.gov.hu/cikkek/1-millio-563-ezer-beoltottak-szama-10-625-az-uj-fertozott-es-elhunyt-194-beteg,2038133,1563242,474891
Hungary,2021-03-21,"Moderna, Oxford/AstraZeneca, Pfizer/BioNTech, Sinopharm/Beijing, Sputnik V",https://koronavirus.gov.hu/cikkek/1-millio-590-ezer-beoltottak-szama-9046-az-uj-fertozott-es-elhunyt-189-beteg,2068990,1589601,479389
Hungary,2021-03-22,"Moderna, Oxford/AstraZeneca, Pfizer/BioNTech, Sinopharm/Beijing, Sputnik V",https://koronavirus.gov.hu/cikkek/1-millio-636-ezer-beoltottak-szama-5481-az-uj-fertozott-es-elhunyt-252-beteg,2118256,1636436,481820
Hungary,2021-03-23,"Moderna, Oxford/AstraZeneca, Pfizer/BioNTech, Sinopharm/Beijing, Sputnik V",https://koronavirus.gov.hu/cikkek/1-millio-696-ezer-beoltottak-szama-7587-az-uj-fertozott-es-elhunyt-249-beteg,2190630,1696110,494520
Hungary,2021-03-24,"Moderna, Oxford/AstraZeneca, Pfizer/BioNTech, Sinopharm/Beijing, Sputnik V",https://koronavirus.gov.hu/cikkek/1-millio-747-ezer-beoltottak-szama-9637-az-uj-fertozott-es-elhunyt-272-beteg,2272123,1747519,524604
Hungary,2021-03-25,"Moderna, Oxford/AstraZeneca, Pfizer/BioNTech, Sinopharm/Beijing, Sputnik V",https://koronavirus.gov.hu/cikkek/1-millio-803-ezer-beoltottak-szama-11-265-az-uj-fertozott-es-elhunyt-275-beteg,2398215,1803553,594662
Hungary,2021-03-26,"Moderna, Oxford/AstraZeneca, Pfizer/BioNTech, Sinopharm/Beijing, Sputnik V",https://koronavirus.gov.hu/cikkek/1-millio-870-ezer-beoltottak-szama-10-167-az-uj-fertozott-es-elhunyt-253-beteg,2537934,1870631,667303
Hungary,2021-03-27,"Moderna, Oxford/AstraZeneca, Pfizer/BioNTech, Sinopharm/Beijing, Sputnik V",https://koronavirus.gov.hu/cikkek/1-millio-903-ezer-beoltottak-szama-9082-az-uj-fertozott-es-elhunyt-220-beteg,2589469,1903498,685971
Hungary,2021-03-28,"Moderna, Oxford/AstraZeneca, Pfizer/BioNTech, Sinopharm/Beijing, Sputnik V",https://koronavirus.gov.hu/cikkek/1-millio-920-ezer-beoltottak-szama-7263-az-uj-fertozott-es-elhunyt-189-beteg,2609739,1920347,689392
Hungary,2021-03-30,"Moderna, Oxford/AstraZeneca, Pfizer/BioNTech, Sinopharm/Beijing, Sputnik V",https://koronavirus.gov.hu/cikkek/2-millio-11-ezer-beoltott-6700-az-uj-fertozott-elhunyt-302-beteg,2764216,2011029,753187
Hungary,2021-03-31,"Moderna, Oxford/AstraZeneca, Pfizer/BioNTech, Sinopharm/Beijing, Sputnik V",https://koronavirus.gov.hu/cikkek/2-millio-65-ezer-beoltott-9288-az-uj-fertozott-elhunyt-258-beteg,2853155,2065948,787207
Hungary,2021-04-01,"Moderna, Oxford/AstraZeneca, Pfizer/BioNTech, Sinopharm/Beijing, Sputnik V",https://koronavirus.gov.hu/cikkek/2-millio-156-ezer-beoltott-9055-az-uj-fertozott-elhunyt-267-beteg,3019875,2156680,863195
Hungary,2021-04-02,"Moderna, Oxford/AstraZeneca, Pfizer/BioNTech, Sinopharm/Beijing, Sputnik V",https://koronavirus.gov.hu/cikkek/2-millio-236-ezer-beoltott-8637-az-uj-fertozott-elhunyt-242-beteg,3126733,2235731,891002
Hungary,2021-04-03,"Moderna, Oxford/AstraZeneca, Pfizer/BioNTech, Sinopharm/Beijing, Sputnik V",https://koronavirus.gov.hu/cikkek/2-millio-312-ezer-beoltott-6566-az-uj-fertozott-elhunyt-211-beteg,3217618,2312501,905117
Hungary,2021-04-04,"Moderna, Oxford/AstraZeneca, Pfizer/BioNTech, Sinopharm/Beijing, Sputnik V",https://koronavirus.gov.hu/cikkek/2-millio-363-ezer-beoltott-3874-az-uj-fertozott-elhunyt-213-beteg,3275851,2362839,913012
Hungary,2021-04-05,"Moderna, Oxford/AstraZeneca, Pfizer/BioNTech, Sinopharm/Beijing, Sputnik V",https://koronavirus.gov.hu/cikkek/2-millio-432-ezer-beoltott-1890-az-uj-fertozott-elhunyt-170-beteg,3355199,2432313,922886
Hungary,2021-04-06,"Moderna, Oxford/AstraZeneca, Pfizer/BioNTech, Sinopharm/Beijing, Sputnik V",https://koronavirus.gov.hu/cikkek/2-millio-537-ezer-beoltott-1933-az-uj-fertozott-elhunyt-311-beteg,3542687,2536751,1005936
Hungary,2021-04-07,"Moderna, Oxford/AstraZeneca, Pfizer/BioNTech, Sinopharm/Beijing, Sputnik V",https://koronavirus.gov.hu/cikkek/2-millio-608-ezer-beoltott-4814-az-uj-fertozott-elhunyt-272-beteg,3686031,2608084,1077947
Hungary,2021-04-08,"Moderna, Oxford/AstraZeneca, Pfizer/BioNTech, Sinopharm/Beijing, Sputnik V",https://koronavirus.gov.hu/cikkek/2-millio-689-ezer-beoltott-7325-az-uj-fertozott-elhunyt-285-beteg,3815241,2689102,1126139
Hungary,2021-04-09,"Moderna, Oxford/AstraZeneca, Pfizer/BioNTech, Sinopharm/Beijing, Sputnik V",https://koronavirus.gov.hu/cikkek/2-millio-760-ezer-beoltott-8053-az-uj-fertozott-elhunyt-245-beteg,3932413,2760938,1171475
Hungary,2021-04-10,"Moderna, Oxford/AstraZeneca, Pfizer/BioNTech, Sinopharm/Beijing, Sputnik V",https://koronavirus.gov.hu/cikkek/2-millio-836-ezer-beoltott-6296-az-uj-fertozott-elhunyt-206-beteg,4033579,2835894,1197685
Hungary,2021-04-11,"Moderna, Oxford/AstraZeneca, Pfizer/BioNTech, Sinopharm/Beijing, Sputnik V",https://koronavirus.gov.hu/cikkek/2-millio-900-ezer-beoltott-5077-az-uj-fertozott-elhunyt-291-beteg,4117641,2900383,1217258
Hungary,2021-04-12,"Moderna, Oxford/AstraZeneca, Pfizer/BioNTech, Sinopharm/Beijing, Sputnik V",https://koronavirus.gov.hu/cikkek/2-millio-970-ezer-beoltott-2837-az-uj-fertozott-elhunyt-272-beteg,4220229,2969647,1250582
Hungary,2021-04-13,"Moderna, Oxford/AstraZeneca, Pfizer/BioNTech, Sinopharm/Beijing, Sputnik V",https://koronavirus.gov.hu/cikkek/3-millio-37-ezer-beoltott-3597-az-uj-fertozott-elhunyt-285-beteg,4327732,3037023,1290709
Hungary,2021-04-14,"Moderna, Oxford/AstraZeneca, Pfizer/BioNTech, Sinopharm/Beijing, Sputnik V",https://koronavirus.gov.hu/cikkek/3-millio-90-ezer-beoltott-5307-az-uj-fertozott-elhunyt-256-beteg,4416581,3090994,1325587
Hungary,2021-04-17,"Moderna, Oxford/AstraZeneca, Pfizer/BioNTech, Sinopharm/Beijing, Sputnik V",https://koronavirus.gov.hu/cikkek/3-millio-252-ezer-beoltott-3706-az-uj-fertozott-elhunyt-205-beteg,4638477,3252579,1385898
Hungary,2021-04-18,"Moderna, Oxford/AstraZeneca, Pfizer/BioNTech, Sinopharm/Beijing, Sputnik V",https://koronavirus.gov.hu/cikkek/3-millio-266-ezer-beoltott-2680-az-uj-fertozott-elhunyt-197-beteg,4657806,3266425,1391381
Hungary,2021-04-19,"Moderna, Oxford/AstraZeneca, Pfizer/BioNTech, Sinopharm/Beijing, Sputnik V",https://koronavirus.gov.hu/cikkek/3-millio-317-ezer-beoltott-1645-az-uj-fertozott-elhunyt-199-beteg,4717755,3317052,1400703
Hungary,2021-04-20,"Moderna, Oxford/AstraZeneca, Pfizer/BioNTech, Sinopharm/Beijing, Sputnik V",https://koronavirus.gov.hu/cikkek/3-millio-363-ezer-beoltott-2527-az-uj-fertozott-elhunyt-207-beteg,4788720,3363596,1425124
Hungary,2021-04-21,"Moderna, Oxford/AstraZeneca, Pfizer/BioNTech, Sinopharm/Beijing, Sputnik V",https://koronavirus.gov.hu/cikkek/3-millio-419-ezer-beoltott-3607-az-uj-fertozott-elhunyt-214-beteg,4872750,3419450,1453300
Hungary,2021-04-22,"Moderna, Oxford/AstraZeneca, Pfizer/BioNTech, Sinopharm/Beijing, Sputnik V",https://koronavirus.gov.hu/cikkek/3-millio-509-ezer-beoltott-3427-az-uj-fertozott-elhunyt-207-beteg,4999342,3508846,1490478
Hungary,2021-04-23,"Moderna, Oxford/AstraZeneca, Pfizer/BioNTech, Sinopharm/Beijing, Sputnik V",https://koronavirus.gov.hu/cikkek/3-millio-577-ezer-beoltott-2796-az-uj-fertozott-elhunyt-212-beteg,5129390,3576705,1552685
Hungary,2021-04-25,"Moderna, Oxford/AstraZeneca, Pfizer/BioNTech, Sinopharm/Beijing, Sputnik V",https://koronavirus.gov.hu/cikkek/3-millio-604-ezer-beoltott-1936-az-uj-fertozott-elhunyt-176-beteg,5268968,3603901,1665067
Hungary,2021-04-26,"Moderna, Oxford/AstraZeneca, Pfizer/BioNTech, Sinopharm/Beijing, Sputnik V",https://koronavirus.gov.hu/cikkek/3-millio-680-ezer-beoltott-1253-az-uj-fertozott-elhunyt-183-beteg,5391453,3679730,1711723
Hungary,2021-04-27,"Moderna, Oxford/AstraZeneca, Pfizer/BioNTech, Sinopharm/Beijing, Sputnik V",https://koronavirus.gov.hu/cikkek/3-millio-774-ezer-beoltott-1692-az-uj-fertozott-elhunyt-188-beteg,5548121,3774221,1773900
Hungary,2021-04-28,"Moderna, Oxford/AstraZeneca, Pfizer/BioNTech, Sinopharm/Beijing, Sputnik V",https://koronavirus.gov.hu/cikkek/3-millio-870-ezer-beoltott-2584-az-uj-fertozott-elhunyt-186-beteg,5692877,3870222,1822655
Hungary,2021-04-29,"Moderna, Oxford/AstraZeneca, Pfizer/BioNTech, Sinopharm/Beijing, Sputnik V",https://koronavirus.gov.hu/cikkek/3-millio-913-ezer-beoltott-2365-az-uj-fertozott-elhunyt-182-beteg,5794447,3913550,1880897
Hungary,2021-04-30,"Moderna, Oxford/AstraZeneca, Pfizer/BioNTech, Sinopharm/Beijing, Sputnik V",https://koronavirus.gov.hu/cikkek/4-millio-23-ezer-beoltott-1951-az-uj-fertozott-elhunyt-161-beteg,5971865,4023137,1948728
Hungary,2021-05-01,"Moderna, Oxford/AstraZeneca, Pfizer/BioNTech, Sinopharm/Beijing, Sputnik V",https://koronavirus.gov.hu/cikkek/4-millio-64-ezer-beoltott-1593-az-uj-fertozott-elhunyt-101-beteg,6080554,4064204,2016350
Hungary,2021-05-02,"Moderna, Oxford/AstraZeneca, Pfizer/BioNTech, Sinopharm/Beijing, Sputnik V",https://koronavirus.gov.hu/cikkek/4-millio-73-ezer-beoltott-1219-az-uj-fertozott-elhunyt-106-beteg,6150309,4073149,2077160
Hungary,2021-05-03,"Moderna, Oxford/AstraZeneca, Pfizer/BioNTech, Sinopharm/Beijing, Sputnik V",https://koronavirus.gov.hu/cikkek/4-millio-99-ezer-beoltott-726-az-uj-fertozott-elhunyt-137-beteg,6257132,4099495,2157637
Hungary,2021-05-04,"Moderna, Oxford/AstraZeneca, Pfizer/BioNTech, Sinopharm/Beijing, Sputnik V",https://koronavirus.gov.hu/cikkek/4-millio-123-ezer-beoltott-1130-az-uj-fertozott-elhunyt-128-beteg,6372472,4123697,2248775
Hungary,2021-05-05,"Moderna, Oxford/AstraZeneca, Pfizer/BioNTech, Sinopharm/Beijing, Sputnik V",https://koronavirus.gov.hu/cikkek/4-millio-153-ezer-beoltott-1680-az-uj-fertozott-elhunyt-124-beteg,6468466,4153038,2315428
Hungary,2021-05-06,"Moderna, Oxford/AstraZeneca, Pfizer/BioNTech, Sinopharm/Beijing, Sputnik V",https://koronavirus.gov.hu/cikkek/4-millio-204-ezer-beoltott-1541-az-uj-fertozott-elhunyt-106-beteg,6610557,4203873,2406684
Hungary,2021-05-07,"Moderna, Oxford/AstraZeneca, Pfizer/BioNTech, Sinopharm/Beijing, Sputnik V",https://koronavirus.gov.hu/cikkek/4-millio-262-ezer-beoltott-1376-az-uj-fertozott-elhunyt-101-beteg,6714425,4261822,2452603
Hungary,2021-05-08,"Moderna, Oxford/AstraZeneca, Pfizer/BioNTech, Sinopharm/Beijing, Sputnik V",https://koronavirus.gov.hu/cikkek/4-millio-289-ezer-beoltott-1145-az-uj-fertozott-elhunyt-98-beteg,6776759,4288641,2488118
Hungary,2021-05-09,"Moderna, Oxford/AstraZeneca, Pfizer/BioNTech, Sinopharm/Beijing, Sputnik V",https://koronavirus.gov.hu/cikkek/4-millio-306-ezer-beoltott-677-az-uj-fertozott-elhunyt-91-beteg,6809350,4305775,2503575
Hungary,2021-05-10,"Moderna, Oxford/AstraZeneca, Pfizer/BioNTech, Sinopharm/Beijing, Sputnik V",https://koronavirus.gov.hu/cikkek/4-millio-346-ezer-beoltott-493-az-uj-fertozott-elhunyt-99-beteg,6876236,4346089,2530147
Hungary,2021-05-12,"Moderna, Oxford/AstraZeneca, Pfizer/BioNTech, Sinopharm/Beijing, Sputnik V",https://koronavirus.gov.hu/cikkek/4-millio-421-ezer-beoltott-1416-az-uj-fertozott-elhunyt-82-beteg,7005646,4420767,2584879
Hungary,2021-05-13,"Moderna, Oxford/AstraZeneca, Pfizer/BioNTech, Sinopharm/Beijing, Sputnik V",https://koronavirus.gov.hu/cikkek/4-millio-483-ezer-beoltott-1190-az-uj-fertozott-elhunyt-71-beteg,7110455,4483598,2626857
Hungary,2021-05-14,"Moderna, Oxford/AstraZeneca, Pfizer/BioNTech, Sinopharm/Beijing, Sputnik V",https://koronavirus.gov.hu/cikkek/4-millio-555-ezer-beoltott-1039-az-uj-fertozott-elhunyt-73-beteg,7211350,4554679,2656671
Hungary,2021-05-15,"Moderna, Oxford/AstraZeneca, Pfizer/BioNTech, Sinopharm/Beijing, Sputnik V",https://koronavirus.gov.hu/cikkek/4-millio-600-ezer-beoltott-718-az-uj-fertozott-elhunyt-61-beteg,7301801,4600012,2701789
Hungary,2021-05-16,"Moderna, Oxford/AstraZeneca, Pfizer/BioNTech, Sinopharm/Beijing, Sputnik V",https://koronavirus.gov.hu/cikkek/4-millio-639-ezer-beoltott-426-az-uj-fertozott-elhunyt-38-beteg,7366464,4639299,2727165
Hungary,2021-05-17,"Moderna, Oxford/AstraZeneca, Pfizer/BioNTech, Sinopharm/Beijing, Sputnik V",https://koronavirus.gov.hu/cikkek/4-millio-715-ezer-beoltott-382-az-uj-fertozott-elhunyt-64-beteg,7464227,4714992,2749235
Hungary,2021-05-18,"Moderna, Oxford/AstraZeneca, Pfizer/BioNTech, Sinopharm/Beijing, Sputnik V",https://koronavirus.gov.hu/cikkek/4-millio-791-ezer-beoltott-633-az-uj-fertozott-elhunyt-52-beteg,7565412,4790996,2774416
Hungary,2021-05-19,"Moderna, Oxford/AstraZeneca, Pfizer/BioNTech, Sinopharm/Beijing, Sputnik V",https://koronavirus.gov.hu/cikkek/4-millio-830-ezer-beoltott-780-az-uj-fertozott-elhunyt-51-beteg,7644400,4829595,2814805
Hungary,2021-05-20,"Moderna, Oxford/AstraZeneca, Pfizer/BioNTech, Sinopharm/Beijing, Sputnik V",https://koronavirus.gov.hu/cikkek/4-millio-899-ezer-beoltott-657-az-uj-fertozott-elhunyt-47-beteg,7785158,4898866,2886292
Hungary,2021-05-21,"Moderna, Oxford/AstraZeneca, Pfizer/BioNTech, Sinopharm/Beijing, Sputnik V",https://koronavirus.gov.hu/cikkek/4-millio-969-ezer-beoltott-647-az-uj-fertozott-elhunyt-48-beteg,7936671,4969321,2967350
Hungary,2021-05-22,"Moderna, Oxford/AstraZeneca, Pfizer/BioNTech, Sinopharm/Beijing, Sputnik V",https://koronavirus.gov.hu/cikkek/5-millio-6-ezer-beoltott-416-az-uj-fertozott-elhunyt-44-beteg,8006671,5005682,3000989
Hungary,2021-05-23,"Moderna, Oxford/AstraZeneca, Pfizer/BioNTech, Sinopharm/Beijing, Sputnik V",https://koronavirus.gov.hu/cikkek/5-millio-23-ezer-beoltott-258-az-uj-fertozott-elhunyt-41-beteg,8035628,5023145,3012484
Hungary,2021-05-24,"Moderna, Oxford/AstraZeneca, Pfizer/BioNTech, Sinopharm/Beijing, Sputnik V",https://koronavirus.gov.hu/cikkek/5-millio-27-ezer-beoltott-164-az-uj-fertozott-elhunyt-21-beteg,8099469,5026529,3072940
Hungary,2021-05-25,"Moderna, Oxford/AstraZeneca, Pfizer/BioNTech, Sinopharm/Beijing, Sputnik V",https://koronavirus.gov.hu/cikkek/5-millio-40-ezer-beoltott-213-az-uj-fertozott-elhunyt-41-beteg,8236826,5040222,3196604
Hungary,2021-05-26,"Moderna, Oxford/AstraZeneca, Pfizer/BioNTech, Sinopharm/Beijing, Sputnik V",https://koronavirus.gov.hu/cikkek/5-millio-56-ezer-beoltott-396-az-uj-fertozott-elhunyt-32-beteg,8384309,5056262,3328047
Hungary,2021-05-27,"Moderna, Oxford/AstraZeneca, Pfizer/BioNTech, Sinopharm/Beijing, Sputnik V",https://koronavirus.gov.hu/cikkek/5-millio-85-ezer-beoltott-448-az-uj-fertozott-elhunyt-28-beteg,8530199,5084642,3445557
Hungary,2021-05-28,"Moderna, Oxford/AstraZeneca, Pfizer/BioNTech, Sinopharm/Beijing, Sputnik V",https://koronavirus.gov.hu/cikkek/5-millio-120-ezer-beoltott-465-az-uj-fertozott-elhunyt-27-beteg,8659977,5120109,3539868
Hungary,2021-05-29,"Moderna, Oxford/AstraZeneca, Pfizer/BioNTech, Sinopharm/Beijing, Sputnik V",https://koronavirus.gov.hu/cikkek/5-millio-137-ezer-beoltott-350-az-uj-fertozott-elhunyt-19-beteg,8719578,5137031,3582547
Hungary,2021-05-30,"Moderna, Oxford/AstraZeneca, Pfizer/BioNTech, Sinopharm/Beijing, Sputnik V",https://koronavirus.gov.hu/cikkek/5-millio-147-ezer-beoltott-156-az-uj-fertozott-elhunyt-5-beteg,8758639,5146949,3611690
Hungary,2021-05-31,"Moderna, Oxford/AstraZeneca, Pfizer/BioNTech, Sinopharm/Beijing, Sputnik V",https://koronavirus.gov.hu/cikkek/5-millio-177-ezer-beoltott-174-az-uj-fertozott-elhunyt-28-beteg,8832277,5176630,3655647
Hungary,2021-06-01,"Moderna, Oxford/AstraZeneca, Pfizer/BioNTech, Sinopharm/Beijing, Sputnik V",https://koronavirus.gov.hu/cikkek/5-millio-207-ezer-beoltott-275-az-uj-fertozott-elhunyt-13-beteg,8901553,5206951,3694602
Hungary,2021-06-02,"Moderna, Oxford/AstraZeneca, Pfizer/BioNTech, Sinopharm/Beijing, Sputnik V",https://koronavirus.gov.hu/cikkek/5-millio-227-ezer-beoltott-315-az-uj-fertozott-elhunyt-18-beteg,8959570,5227318,3732252
Hungary,2021-06-03,"Moderna, Oxford/AstraZeneca, Pfizer/BioNTech, Sinopharm/Beijing, Sputnik V",https://koronavirus.gov.hu/cikkek/5-millio-239-ezer-beoltott-269-az-uj-fertozott-elhunyt-26-beteg,9053097,5238903,3814194
Hungary,2021-06-05,"Moderna, Oxford/AstraZeneca, Pfizer/BioNTech, Sinopharm/Beijing, Sputnik V",https://koronavirus.gov.hu/cikkek/5-millio-260-ezer-beoltott-137-az-uj-fertozott-elhunyt-12-beteg,9249943,5260418,3989525
Hungary,2021-06-06,"Johnson&Johnson, Moderna, Oxford/AstraZeneca, Pfizer/BioNTech, Sinopharm/Beijing, Sputnik V",https://koronavirus.gov.hu//cikkek/5-millio-262-ezer-beoltott-81-az-uj-fertozott-elhunyt-12-beteg,,5261781,3994595
Hungary,2021-06-07,"Johnson&Johnson, Moderna, Oxford/AstraZeneca, Pfizer/BioNTech, Sinopharm/Beijing, Sputnik V",https://koronavirus.gov.hu//cikkek/5-millio-279-ezer-beoltott-117-az-uj-fertozott-elhunyt-17-beteg,,5278680,4027056
Hungary,2021-06-08,"Johnson&Johnson, Moderna, Oxford/AstraZeneca, Pfizer/BioNTech, Sinopharm/Beijing, Sputnik V",https://koronavirus.gov.hu//cikkek/5-millio-297-ezer-beoltott-179-az-uj-fertozott-elhunyt-6-beteg,,5296926,4073520
Hungary,2021-06-09,"Johnson&Johnson, Moderna, Oxford/AstraZeneca, Pfizer/BioNTech, Sinopharm/Beijing, Sputnik V",https://koronavirus.gov.hu//cikkek/5-millio-311-ezer-beoltott-206-az-uj-fertozott-elhunyt-7-beteg,,5311475,4112876
Hungary,2021-06-10,"Johnson&Johnson, Moderna, Oxford/AstraZeneca, Pfizer/BioNTech, Sinopharm/Beijing, Sputnik V",https://koronavirus.gov.hu//cikkek/5-millio-325-ezer-beoltott-199-az-uj-fertozott-elhunyt-8-beteg,,5324996,4157681
Hungary,2021-06-13,"Johnson&Johnson, Moderna, Oxford/AstraZeneca, Pfizer/BioNTech, Sinopharm/Beijing, Sputnik V",https://koronavirus.gov.hu//cikkek/5-millio-342-ezer-beoltott-255-az-uj-fertozott-elhunyt-21-beteg,,5342379,4208619
Hungary,2021-06-14,"Johnson&Johnson, Moderna, Oxford/AstraZeneca, Pfizer/BioNTech, Sinopharm/Beijing, Sputnik V",https://koronavirus.gov.hu//cikkek/5-millio-352-ezer-beoltott-57-az-uj-fertozott-elhunyt-10-beteg,,5351972,4240264
Hungary,2021-06-15,"Johnson&Johnson, Moderna, Oxford/AstraZeneca, Pfizer/BioNTech, Sinopharm/Beijing, Sputnik V",https://koronavirus.gov.hu//cikkek/5-millio-363-ezer-beoltott-107-az-uj-fertozott-elhunyt-9-beteg,,5363124,4271990
Hungary,2021-06-16,"Johnson&Johnson, Moderna, Oxford/AstraZeneca, Pfizer/BioNTech, Sinopharm/Beijing, Sputnik V",https://koronavirus.gov.hu//cikkek/5-millio-376-ezer-beoltott-113-az-uj-fertozott-elhunyt-4-beteg,,5375923,4299073
Hungary,2021-06-17,"Johnson&Johnson, Moderna, Oxford/AstraZeneca, Pfizer/BioNTech, Sinopharm/Beijing, Sputnik V",https://koronavirus.gov.hu//cikkek/5-millio-389-ezer-beoltott-106-az-uj-fertozott-elhunyt-2-beteg,,5389058,4360313
Hungary,2021-06-20,"Johnson&Johnson, Moderna, Oxford/AstraZeneca, Pfizer/BioNTech, Sinopharm/Beijing, Sputnik V",https://koronavirus.gov.hu//cikkek/5-millio-411-ezer-beoltott-202-az-uj-fertozott-elhunyt-9-beteg,9839749,5411431,4491113
Hungary,2021-06-21,"Johnson&Johnson, Moderna, Oxford/AstraZeneca, Pfizer/BioNTech, Sinopharm/Beijing, Sputnik V",https://koronavirus.gov.hu//cikkek/5-millio-421-ezer-beoltott-54-az-uj-fertozott-elhunyt-4-beteg,,5421230,4555029
Hungary,2021-06-22,"Johnson&Johnson, Moderna, Oxford/AstraZeneca, Pfizer/BioNTech, Sinopharm/Beijing, Sputnik V",https://koronavirus.gov.hu//cikkek/5-millio-432-ezer-beoltott-91-az-uj-fertozott-elhunyt-8-beteg,,5431713,4619877
Hungary,2021-06-23,"Johnson&Johnson, Moderna, Oxford/AstraZeneca, Pfizer/BioNTech, Sinopharm/Beijing, Sputnik V",https://koronavirus.gov.hu//cikkek/5-millio-445-ezer-beoltott-69-az-uj-fertozott-elhunyt-1-beteg,,5445544,4657776
Hungary,2021-06-24,"Johnson&Johnson, Moderna, Oxford/AstraZeneca, Pfizer/BioNTech, Sinopharm/Beijing, Sputnik V",https://koronavirus.gov.hu//cikkek/5-millio-455-ezer-beoltott-66-az-uj-fertozott-elhunyt-8-beteg,,5454866,4728655
Hungary,2021-06-27,"Johnson&Johnson, Moderna, Oxford/AstraZeneca, Pfizer/BioNTech, Sinopharm/Beijing, Sputnik V",https://koronavirus.gov.hu//cikkek/5-millio-468-ezer-beoltott-132-az-uj-fertozott-elhunyt-9-beteg,10155466,5468205,4842148
Hungary,2021-06-28,"Johnson&Johnson, Moderna, Oxford/AstraZeneca, Pfizer/BioNTech, Sinopharm/Beijing, Sputnik V",https://koronavirus.gov.hu//cikkek/5-millio-477-ezer-beoltott-34-az-uj-fertozott-elhunyt-2-beteg,,5477405,4874076
Hungary,2021-06-29,"Johnson&Johnson, Moderna, Oxford/AstraZeneca, Pfizer/BioNTech, Sinopharm/Beijing, Sputnik V",https://koronavirus.gov.hu//cikkek/5-millio-486-ezer-beoltott-52-az-uj-fertozott-elhunyt-1-beteg,,5486514,4916927
Hungary,2021-07-04,"Johnson&Johnson, Moderna, Oxford/AstraZeneca, Pfizer/BioNTech, Sinopharm/Beijing, Sputnik V",https://koronavirus.gov.hu//cikkek/5-millio-507-ezer-beoltott-65-az-uj-fertozott-elhunyt-4-beteg,,5506665,5058824
Hungary,2021-07-05,"Johnson&Johnson, Moderna, Oxford/AstraZeneca, Pfizer/BioNTech, Sinopharm/Beijing, Sputnik V",https://koronavirus.gov.hu//cikkek/5-millio-513-ezer-beoltott-32-az-uj-fertozott-elhunyt-2-beteg,,5513327,5072024
Hungary,2021-07-07,"Johnson&Johnson, Moderna, Oxford/AstraZeneca, Pfizer/BioNTech, Sinopharm/Beijing, Sputnik V",https://koronavirus.gov.hu//cikkek/5-millio-524-ezer-beoltott-55-az-uj-fertozott-elhunyt-5-beteg,,5523878,5126330
Hungary,2021-07-11,"Johnson&Johnson, Moderna, Oxford/AstraZeneca, Pfizer/BioNTech, Sinopharm/Beijing, Sputnik V",https://koronavirus.gov.hu//cikkek/5-millio-538-ezer-beoltott-102-az-uj-fertozott-elhunyt-3-beteg,,5538557,5175503
