location,date,vaccine,source_url,total_vaccinations,people_vaccinated,people_fully_vaccinated
Japan,2021-02-17,Pfizer/BioNTech,https://www.mhlw.go.jp/stf/seisakunitsuite/bunya/vaccine_sesshujisseki.html,125,125,0
Japan,2021-02-18,Pfizer/BioNTech,https://www.mhlw.go.jp/stf/seisakunitsuite/bunya/vaccine_sesshujisseki.html,611,611,0
Japan,2021-02-19,Pfizer/BioNTech,https://www.mhlw.go.jp/stf/seisakunitsuite/bunya/vaccine_sesshujisseki.html,5039,5039,0
Japan,2021-02-22,Pfizer/BioNTech,https://www.mhlw.go.jp/stf/seisakunitsuite/bunya/vaccine_sesshujisseki.html,11934,11934,0
Japan,2021-02-24,Pfizer/BioNTech,https://www.mhlw.go.jp/stf/seisakunitsuite/bunya/vaccine_sesshujisseki.html,17888,17888,0
Japan,2021-02-25,Pfizer/BioNTech,https://www.mhlw.go.jp/stf/seisakunitsuite/bunya/vaccine_sesshujisseki.html,21896,21896,0
Japan,2021-02-26,Pfizer/BioNTech,https://www.mhlw.go.jp/stf/seisakunitsuite/bunya/vaccine_sesshujisseki.html,28530,28530,0
Japan,2021-03-01,Pfizer/BioNTech,https://www.mhlw.go.jp/stf/seisakunitsuite/bunya/vaccine_sesshujisseki.html,31785,31785,0
Japan,2021-03-02,Pfizer/BioNTech,https://www.mhlw.go.jp/stf/seisakunitsuite/bunya/vaccine_sesshujisseki.html,34772,34772,0
Japan,2021-03-03,Pfizer/BioNTech,https://www.mhlw.go.jp/stf/seisakunitsuite/bunya/vaccine_sesshujisseki.html,37303,37303,0
Japan,2021-03-04,Pfizer/BioNTech,https://www.mhlw.go.jp/stf/seisakunitsuite/bunya/vaccine_sesshujisseki.html,39174,39174,0
Japan,2021-03-05,Pfizer/BioNTech,https://www.mhlw.go.jp/stf/seisakunitsuite/bunya/vaccine_sesshujisseki.html,46469,46469,0
Japan,2021-03-08,Pfizer/BioNTech,https://www.mhlw.go.jp/stf/seisakunitsuite/bunya/vaccine_sesshujisseki.html,70796,70796,0
Japan,2021-03-09,Pfizer/BioNTech,https://www.mhlw.go.jp/stf/seisakunitsuite/bunya/vaccine_sesshujisseki.html,107558,107558,0
Japan,2021-03-10,Pfizer/BioNTech,https://www.mhlw.go.jp/stf/seisakunitsuite/bunya/vaccine_sesshujisseki.html,148950,148915,35
Japan,2021-03-11,Pfizer/BioNTech,https://www.mhlw.go.jp/stf/seisakunitsuite/bunya/vaccine_sesshujisseki.html,181184,180741,443
Japan,2021-03-12,Pfizer/BioNTech,https://www.mhlw.go.jp/stf/seisakunitsuite/bunya/vaccine_sesshujisseki.html,230542,227194,3348
Japan,2021-03-15,Pfizer/BioNTech,https://www.mhlw.go.jp/stf/seisakunitsuite/bunya/vaccine_sesshujisseki.html,290275,282398,7877
Japan,2021-03-16,Pfizer/BioNTech,https://www.mhlw.go.jp/stf/seisakunitsuite/bunya/vaccine_sesshujisseki.html,359191,349844,9347
Japan,2021-03-17,Pfizer/BioNTech,https://www.mhlw.go.jp/stf/seisakunitsuite/bunya/vaccine_sesshujisseki.html,437485,423196,14289
Japan,2021-03-18,Pfizer/BioNTech,https://www.mhlw.go.jp/stf/seisakunitsuite/bunya/vaccine_sesshujisseki.html,508702,490413,18289
Japan,2021-03-19,Pfizer/BioNTech,https://www.mhlw.go.jp/stf/seisakunitsuite/bunya/vaccine_sesshujisseki.html,578835,553454,25381
Japan,2021-03-22,Pfizer/BioNTech,https://www.mhlw.go.jp/stf/seisakunitsuite/bunya/vaccine_sesshujisseki.html,652698,623569,29129
Japan,2021-03-23,Pfizer/BioNTech,https://www.mhlw.go.jp/stf/seisakunitsuite/bunya/vaccine_sesshujisseki.html,699126,667370,31756
Japan,2021-03-24,Pfizer/BioNTech,https://www.mhlw.go.jp/stf/seisakunitsuite/bunya/vaccine_sesshujisseki.html,741180,706101,35079
Japan,2021-03-25,Pfizer/BioNTech,https://www.mhlw.go.jp/stf/seisakunitsuite/bunya/vaccine_sesshujisseki.html,775122,737672,37450
Japan,2021-03-26,Pfizer/BioNTech,https://www.mhlw.go.jp/stf/seisakunitsuite/bunya/vaccine_sesshujisseki.html,822869,781665,41204
Japan,2021-03-29,Pfizer/BioNTech,https://www.mhlw.go.jp/stf/seisakunitsuite/bunya/vaccine_sesshujisseki.html,890662,825704,64958
Japan,2021-03-30,Pfizer/BioNTech,https://www.mhlw.go.jp/stf/seisakunitsuite/bunya/vaccine_sesshujisseki.html,949731,852946,96785
Japan,2021-03-31,Pfizer/BioNTech,https://www.mhlw.go.jp/stf/seisakunitsuite/bunya/vaccine_sesshujisseki.html,1002739,877159,125580
Japan,2021-04-01,Pfizer/BioNTech,https://www.mhlw.go.jp/stf/seisakunitsuite/bunya/vaccine_sesshujisseki.html,1050112,893315,156797
Japan,2021-04-02,Pfizer/BioNTech,https://www.mhlw.go.jp/stf/seisakunitsuite/bunya/vaccine_sesshujisseki.html,1096698,913341,183357
Japan,2021-04-05,Pfizer/BioNTech,https://www.mhlw.go.jp/stf/seisakunitsuite/bunya/vaccine_sesshujisseki.html,1196884,956638,240246
Japan,2021-04-06,Pfizer/BioNTech,https://www.mhlw.go.jp/stf/seisakunitsuite/bunya/vaccine_sesshujisseki.html,1288566,996058,292508
Japan,2021-04-07,Pfizer/BioNTech,https://www.mhlw.go.jp/stf/seisakunitsuite/bunya/vaccine_sesshujisseki.html,1393108,1036429,356679
Japan,2021-04-08,Pfizer/BioNTech,https://www.mhlw.go.jp/stf/seisakunitsuite/bunya/vaccine_sesshujisseki.html,1487606,1066385,421221
Japan,2021-04-09,Pfizer/BioNTech,https://www.mhlw.go.jp/stf/seisakunitsuite/bunya/vaccine_sesshujisseki.html,1592517,1101698,490819
Japan,2021-04-12,Pfizer/BioNTech,https://www.kantei.go.jp/jp/headline/kansensho/vaccine.html,1694194,1133289,560905
Japan,2021-04-13,Pfizer/BioNTech,https://www.kantei.go.jp/jp/headline/kansensho/vaccine.html,1752299,1151304,600995
Japan,2021-04-14,Pfizer/BioNTech,https://www.kantei.go.jp/jp/headline/kansensho/vaccine.html,1808090,1165668,642422
Japan,2021-04-15,Pfizer/BioNTech,https://www.kantei.go.jp/jp/headline/kansensho/vaccine.html,1869215,1190810,678405
Japan,2021-04-16,Pfizer/BioNTech,https://www.kantei.go.jp/jp/headline/kansensho/vaccine.html,1948729,1230333,718396
Japan,2021-04-17,Pfizer/BioNTech,https://www.kantei.go.jp/jp/headline/kansensho/vaccine.html,1956393,1237997,718396
Japan,2021-04-18,Pfizer/BioNTech,https://www.kantei.go.jp/jp/headline/kansensho/vaccine.html,1964664,1246268,718396
Japan,2021-04-19,Pfizer/BioNTech,https://www.kantei.go.jp/jp/headline/kansensho/vaccine.html,2113499,1340796,772703
Japan,2021-04-20,Pfizer/BioNTech,https://www.kantei.go.jp/jp/headline/kansensho/vaccine.html,2284928,1484428,800500
Japan,2021-04-21,Pfizer/BioNTech,https://www.kantei.go.jp/jp/headline/kansensho/vaccine.html,2490788,1663592,827196
Japan,2021-04-22,Pfizer/BioNTech,https://www.kantei.go.jp/jp/headline/kansensho/vaccine.html,2692812,1843761,849051
Japan,2021-04-23,Pfizer/BioNTech,https://www.kantei.go.jp/jp/headline/kansensho/vaccine.html,2918480,2039746,878734
Japan,2021-04-24,Pfizer/BioNTech,https://www.kantei.go.jp/jp/headline/kansensho/vaccine.html,2949539,2070805,878734
Japan,2021-04-25,Pfizer/BioNTech,https://www.kantei.go.jp/jp/headline/kansensho/vaccine.html,2971358,2092624,878734
Japan,2021-04-26,Pfizer/BioNTech,https://www.kantei.go.jp/jp/headline/kansensho/vaccine.html,3287583,2367198,920385
Japan,2021-04-27,Pfizer/BioNTech,https://www.kantei.go.jp/jp/headline/kansensho/vaccine.html,3560823,2609333,951490
Japan,2021-04-28,Pfizer/BioNTech,https://www.kantei.go.jp/jp/headline/kansensho/vaccine.html,3874622,2878864,995758
Japan,2021-04-29,Pfizer/BioNTech,https://www.kantei.go.jp/jp/headline/kansensho/vaccine.html,3892616,2896858,995758
Japan,2021-04-30,Pfizer/BioNTech,https://www.kantei.go.jp/jp/headline/kansensho/vaccine.html,4224785,3181787,1042998
Japan,2021-05-01,Pfizer/BioNTech,https://www.kantei.go.jp/jp/headline/kansensho/vaccine.html,4260341,3217343,1042998
Japan,2021-05-02,Pfizer/BioNTech,https://www.kantei.go.jp/jp/headline/kansensho/vaccine.html,4283041,3240043,1042998
Japan,2021-05-03,Pfizer/BioNTech,https://www.kantei.go.jp/jp/headline/kansensho/vaccine.html,4290781,3246951,1043830
Japan,2021-05-04,Pfizer/BioNTech,https://www.kantei.go.jp/jp/headline/kansensho/vaccine.html,4299399,3254787,1044612
Japan,2021-05-05,Pfizer/BioNTech,https://www.kantei.go.jp/jp/headline/kansensho/vaccine.html,4309421,3263935,1045486
Japan,2021-05-06,Pfizer/BioNTech,https://www.kantei.go.jp/jp/headline/kansensho/vaccine.html,4688693,3573627,1115066
Japan,2021-05-07,Pfizer/BioNTech,https://www.kantei.go.jp/jp/headline/kansensho/vaccine.html,4877075,3711221,1165854
Japan,2021-05-08,Pfizer/BioNTech,https://www.kantei.go.jp/jp/headline/kansensho/vaccine.html,4940401,3767802,1172599
Japan,2021-05-09,Pfizer/BioNTech,https://www.kantei.go.jp/jp/headline/kansensho/vaccine.html,5017692,3838098,1179594
Japan,2021-05-10,Pfizer/BioNTech,https://www.kantei.go.jp/jp/headline/kansensho/vaccine.html,5358564,4089925,1268639
Japan,2021-05-11,Pfizer/BioNTech,https://www.kantei.go.jp/jp/headline/kansensho/vaccine.html,5679866,4300565,1379301
Japan,2021-05-12,Pfizer/BioNTech,https://www.kantei.go.jp/jp/headline/kansensho/vaccine.html,6050786,4534213,1516573
Japan,2021-05-13,Pfizer/BioNTech,https://www.kantei.go.jp/jp/headline/kansensho/vaccine.html,6455357,4775736,1679621
Japan,2021-05-14,Pfizer/BioNTech,https://www.kantei.go.jp/jp/headline/kansensho/vaccine.html,6856782,5001930,1854852
Japan,2021-05-15,Pfizer/BioNTech,https://www.kantei.go.jp/jp/headline/kansensho/vaccine.html,7015714,5135370,1880344
Japan,2021-05-16,Pfizer/BioNTech,https://www.kantei.go.jp/jp/headline/kansensho/vaccine.html,7218895,5319896,1898999
Japan,2021-05-17,Pfizer/BioNTech,https://www.kantei.go.jp/jp/headline/kansensho/vaccine.html,7808423,5655163,2153260
Japan,2021-05-18,Pfizer/BioNTech,https://www.kantei.go.jp/jp/headline/kansensho/vaccine.html,8350385,5991216,2359169
Japan,2021-05-19,Pfizer/BioNTech,https://www.kantei.go.jp/jp/headline/kansensho/vaccine.html,8964940,6374158,2590782
Japan,2021-05-20,Pfizer/BioNTech,https://www.kantei.go.jp/jp/headline/kansensho/vaccine.html,9483012,6762622,2720390
Japan,2021-05-21,Pfizer/BioNTech,https://www.kantei.go.jp/jp/headline/kansensho/vaccine.html,10038216,7128002,2910214
Japan,2021-05-22,Pfizer/BioNTech,https://www.kantei.go.jp/jp/headline/kansensho/vaccine.html,10349350,7403743,2945607
Japan,2021-05-23,Pfizer/BioNTech,https://www.kantei.go.jp/jp/headline/kansensho/vaccine.html,10693117,7725035,2968082
Japan,2021-05-24,"Moderna, Pfizer/BioNTech",https://www.kantei.go.jp/jp/headline/kansensho/vaccine.html,11461687,8291019,3170668
Japan,2021-05-25,"Moderna, Pfizer/BioNTech",https://www.kantei.go.jp/jp/headline/kansensho/vaccine.html,12105912,8873696,3232216
Japan,2021-05-26,"Moderna, Pfizer/BioNTech",https://www.kantei.go.jp/jp/headline/kansensho/vaccine.html,12811291,9518979,3292312
Japan,2021-05-27,"Moderna, Pfizer/BioNTech",https://www.kantei.go.jp/jp/headline/kansensho/vaccine.html,13528465,10136880,3391585
Japan,2021-05-28,"Moderna, Pfizer/BioNTech",https://www.kantei.go.jp/jp/headline/kansensho/vaccine.html,14238687,10733024,3505663
Japan,2021-05-29,"Moderna, Pfizer/BioNTech",https://www.kantei.go.jp/jp/headline/kansensho/vaccine.html,14751611,11193040,3558571
Japan,2021-05-30,"Moderna, Pfizer/BioNTech",https://www.kantei.go.jp/jp/headline/kansensho/vaccine.html,15268104,11647654,3620450
Japan,2021-05-31,"Moderna, Pfizer/BioNTech",https://www.kantei.go.jp/jp/headline/kansensho/vaccine.html,16145325,12297464,3847861
Japan,2021-06-01,"Moderna, Pfizer/BioNTech",https://www.kantei.go.jp/jp/headline/kansensho/vaccine.html,17017438,12976202,4041236
Japan,2021-06-02,"Moderna, Pfizer/BioNTech",https://www.kantei.go.jp/jp/headline/kansensho/vaccine.html,17937059,13680345,4256714
Japan,2021-06-03,"Moderna, Pfizer/BioNTech",https://www.kantei.go.jp/jp/headline/kansensho/vaccine.html,18843313,14377282,4466031
Japan,2021-06-04,"Moderna, Pfizer/BioNTech",https://www.kantei.go.jp/jp/headline/kansensho/vaccine.html,19726946,15060380,4666566
Japan,2021-06-05,"Moderna, Pfizer/BioNTech",https://www.kantei.go.jp/jp/headline/kansensho/vaccine.html,20440100,15654535,4785565
Japan,2021-06-06,"Moderna, Pfizer/BioNTech",https://www.kantei.go.jp/jp/headline/kansensho/vaccine.html,21165312,16204145,4961167
Japan,2021-06-07,"Moderna, Pfizer/BioNTech",https://www.kantei.go.jp/jp/headline/kansensho/vaccine.html,22209785,16940687,5269098
Japan,2021-06-08,"Moderna, Pfizer/BioNTech",https://www.kantei.go.jp/jp/headline/kansensho/vaccine.html,23265148,17694993,5570155
Japan,2021-06-09,"Moderna, Pfizer/BioNTech",https://www.kantei.go.jp/jp/headline/kansensho/vaccine.html,24361657,18428742,5932915
Japan,2021-06-10,"Moderna, Pfizer/BioNTech",https://www.kantei.go.jp/jp/headline/kansensho/vaccine.html,25427457,19134369,6293088
Japan,2021-06-11,"Moderna, Pfizer/BioNTech",https://www.kantei.go.jp/jp/headline/kansensho/vaccine.html,26474327,19845818,6628509
Japan,2021-06-12,"Moderna, Pfizer/BioNTech",https://www.kantei.go.jp/jp/headline/kansensho/vaccine.html,27365861,20475642,6890219
Japan,2021-06-13,"Moderna, Pfizer/BioNTech",https://www.kantei.go.jp/jp/headline/kansensho/vaccine.html,28254914,21054902,7200012
Japan,2021-06-14,"Moderna, Pfizer/BioNTech",https://www.kantei.go.jp/jp/headline/kansensho/vaccine.html,29421820,21710990,7710830
Japan,2021-06-15,"Moderna, Pfizer/BioNTech",https://www.kantei.go.jp/jp/headline/kansensho/vaccine.html,30591489,22362029,8229460
Japan,2021-06-16,"Moderna, Pfizer/BioNTech",https://www.kantei.go.jp/jp/headline/kansensho/vaccine.html,31800860,22997884,8802976
Japan,2021-06-17,"Moderna, Pfizer/BioNTech",https://www.kantei.go.jp/jp/headline/kansensho/vaccine.html,33017785,23648240,9369545
Japan,2021-06-18,"Moderna, Pfizer/BioNTech",https://www.kantei.go.jp/jp/headline/kansensho/vaccine.html,34178006,24272350,9905656
Japan,2021-06-19,"Moderna, Pfizer/BioNTech",https://www.kantei.go.jp/jp/headline/kansensho/vaccine.html,35218986,24892721,10326265
Japan,2021-06-20,"Moderna, Pfizer/BioNTech",https://www.kantei.go.jp/jp/headline/kansensho/vaccine.html,36270168,25516342,10753826
Japan,2021-06-21,"Moderna, Pfizer/BioNTech",https://www.kantei.go.jp/jp/headline/kansensho/vaccine.html,37533423,26181711,11351712
Japan,2021-06-22,"Moderna, Pfizer/BioNTech",https://www.kantei.go.jp/jp/headline/kansensho/vaccine.html,38800626,26834662,11965964
Japan,2021-06-23,"Moderna, Pfizer/BioNTech",https://www.kantei.go.jp/jp/headline/kansensho/vaccine.html,40108352,27494535,12613817
Japan,2021-06-24,"Moderna, Pfizer/BioNTech",https://www.kantei.go.jp/jp/headline/kansensho/vaccine.html,41403625,28135211,13268414
Japan,2021-06-25,"Moderna, Pfizer/BioNTech",https://www.kantei.go.jp/jp/headline/kansensho/vaccine.html,42726079,28780171,13945908
Japan,2021-06-26,"Moderna, Pfizer/BioNTech",https://www.kantei.go.jp/jp/headline/kansensho/vaccine.html,43916620,29411727,14504893
Japan,2021-06-27,"Moderna, Pfizer/BioNTech",https://www.kantei.go.jp/jp/headline/kansensho/vaccine.html,45105338,30079198,15026140
Japan,2021-06-28,"Moderna, Pfizer/BioNTech",https://www.kantei.go.jp/jp/headline/kansensho/vaccine.html,46390448,30692070,15698378
Japan,2021-06-29,"Moderna, Pfizer/BioNTech",https://www.kantei.go.jp/jp/headline/kansensho/vaccine.html,47694033,31297508,16396525
Japan,2021-06-30,"Moderna, Pfizer/BioNTech",https://www.kantei.go.jp/jp/headline/kansensho/vaccine.html,48990962,31910842,17080120
Japan,2021-07-01,"Moderna, Pfizer/BioNTech",https://www.kantei.go.jp/jp/headline/kansensho/vaccine.html,50059892,32335479,17724413
Japan,2021-07-02,"Moderna, Pfizer/BioNTech",https://www.kantei.go.jp/jp/headline/kansensho/vaccine.html,51058374,32692270,18366104
Japan,2021-07-03,"Moderna, Pfizer/BioNTech",https://www.kantei.go.jp/jp/headline/kansensho/vaccine.html,52258818,33324496,18934322
Japan,2021-07-04,"Moderna, Pfizer/BioNTech",https://www.kantei.go.jp/jp/headline/kansensho/vaccine.html,53394750,33953336,19441414
Japan,2021-07-05,"Moderna, Pfizer/BioNTech",https://www.kantei.go.jp/jp/headline/kansensho/vaccine.html,54602252,34589054,20013198
Japan,2021-07-06,"Moderna, Pfizer/BioNTech",https://www.kantei.go.jp/jp/headline/kansensho/vaccine.html,55781437,35218487,20562950
Japan,2021-07-07,"Moderna, Pfizer/BioNTech",https://www.kantei.go.jp/jp/headline/kansensho/vaccine.html,56918057,35842916,21075141
Japan,2021-07-08,"Moderna, Pfizer/BioNTech",https://www.kantei.go.jp/jp/headline/kansensho/vaccine.html,57981719,36418536,21563183
Japan,2021-07-09,"Moderna, Pfizer/BioNTech",https://www.kantei.go.jp/jp/headline/kansensho/vaccine.html,58892561,36903213,21989348
Japan,2021-07-10,"Moderna, Pfizer/BioNTech",https://www.kantei.go.jp/jp/headline/kansensho/vaccine.html,59677318,37328499,22348819
Japan,2021-07-11,"Moderna, Pfizer/BioNTech",https://www.kantei.go.jp/jp/headline/kansensho/vaccine.html,60257292,37601999,22655293
