location,date,vaccine,source_url,total_vaccinations,people_vaccinated,people_fully_vaccinated
Kyrgyzstan,2021-03-28,Sinopharm/Beijing,https://24.kg/obschestvo/187924_pervyiy_poshel_ministr_zdravoohraneniya_poluchil_privivku_otCOVID-19/,0,0,0
Kyrgyzstan,2021-04-06,Sinopharm/Beijing,http://med.kg/en/news/4278-dmmp-people-who-received-covid-19-vaccine-are-feeling-well-and-report-no-complaints.html,644,644,0
Kyrgyzstan,2021-04-07,Sinopharm/Beijing,https://kloop.kg/blog/2021/04/07/kak-prohodit-vaktsinatsiya-v-kyrgyzstane-mozhno-li-uzhe-sejchas-poluchit-privivku-ot-covid-19-obyasnyaem/amp/,849,849,0
Kyrgyzstan,2021-04-12,Sinopharm/Beijing,https://eurasianet.org/dashboard-vaccinating-eurasia-april,2100,2100,0
Kyrgyzstan,2021-04-28,"Sinopharm/Beijing, Sputnik V",https://eurasianet.org/dashboard-vaccinating-eurasia-april,27858,27000,858
Kyrgyzstan,2021-05-11,"Sinopharm/Beijing, Sputnik V",http://www.xinhuanet.com/english/asiapacific/2021-05/11/c_139938939.htm,43127,37117,6010
Kyrgyzstan,2021-05-18,"Sinopharm/Beijing, Sputnik V","https://akipress.com/news:658330:Kyrgyzstan_vaccinates_over_54,100_against_COVID-19/",54101,,
Kyrgyzstan,2021-06-09,"Sinopharm/Beijing, Sputnik V","https://akipress.com/news:659241:Kyrgyzstan_vaccinates_over_88,000_against_COVID-19/",135578,88178,47400
Kyrgyzstan,2021-06-23,"Sinopharm/Beijing, Sputnik V","https://akipress.com/news:659779:Kyrgyzstan_vaccinates_99,900_against_COVID-19_so_far/",173700,99900,73800
