location,date,vaccine,source_url,total_vaccinations,people_vaccinated,people_fully_vaccinated
Lesotho,2021-03-09,Oxford/AstraZeneca,https://news.un.org/en/story/2021/04/1089792,0,0,
Lesotho,2021-04-17,Oxford/AstraZeneca,https://news.un.org/en/story/2021/04/1089792,16000,16000,
Lesotho,2021-05-18,Oxford/AstraZeneca,https://covid19.who.int/,36637,36637,0
Lesotho,2021-05-21,Oxford/AstraZeneca,https://covid19.who.int/,36759,36637,122
Lesotho,2021-07-05,Oxford/AstraZeneca,https://covid19.who.int/,56322,36637,19685
