location,date,vaccine,source_url,total_vaccinations,people_vaccinated,people_fully_vaccinated
Libya,2021-04-17,"Oxford/AstraZeneca, Sputnik V, Sinovac",https://reliefweb.int/report/iran-islamic-republic/covid-19-situation-updates-week-15-11-17-april-2021,750,750,0
Libya,2021-05-10,"Johnson&Johnson, Moderna, Oxford/AstraZeneca, Pfizer/BioNTech, Sputnik V",https://covid19.who.int/,106559,106559,
Libya,2021-06-01,"Johnson&Johnson, Moderna, Oxford/AstraZeneca, Pfizer/BioNTech, Sinovac, Sputnik V",https://covid19.who.int/,243891,243891,
Libya,2021-06-09,"Johnson&Johnson, Moderna, Oxford/AstraZeneca, Pfizer/BioNTech, Sinovac, Sputnik V",https://covid19.who.int/,317809,317809,
Libya,2021-06-12,"Johnson&Johnson, Moderna, Oxford/AstraZeneca, Pfizer/BioNTech, Sinovac, Sputnik V",https://covid19.who.int/,330260,330260,
Libya,2021-06-16,"Johnson&Johnson, Moderna, Oxford/AstraZeneca, Pfizer/BioNTech, Sinovac, Sputnik V",https://covid19.who.int/,351408,351408,
Libya,2021-06-23,"Johnson&Johnson, Moderna, Oxford/AstraZeneca, Pfizer/BioNTech, Sinovac, Sputnik V",https://covid19.who.int/,370066,370066,
Libya,2021-06-29,"Johnson&Johnson, Moderna, Oxford/AstraZeneca, Pfizer/BioNTech, Sinovac, Sputnik V",https://covid19.who.int/,379404,379404,
Libya,2021-07-08,"Johnson&Johnson, Moderna, Oxford/AstraZeneca, Pfizer/BioNTech, Sinovac, Sputnik V",https://covid19.who.int/,393688,393688,
