location,date,vaccine,source_url,total_vaccinations,people_vaccinated,people_fully_vaccinated
Nauru,2021-04-08,Oxford/AstraZeneca,"http://www.naurugov.nr/government-information-office/media-release/nauru-covid-vaccination-launch,-a-success.aspx",0,0,
Nauru,2021-04-09,Oxford/AstraZeneca,"http://www.naurugov.nr/government-information-office/media-release/nauru-covid-vaccination-launch,-a-success.aspx",168,168,0
Nauru,2021-04-20,Oxford/AstraZeneca,https://stats.pacificdata.org/vis?tm=covid&pg=0&df[ds]=SPC2&df[id]=DF_COVID_VACCINATION&df[ag]=SPC&df[vs]=1.0,700,700,0
Nauru,2021-05-18,Oxford/AstraZeneca,https://stats.pacificdata.org/vis?tm=covid&pg=0&df[ds]=SPC2&df[id]=DF_COVID_VACCINATION&df[ag]=SPC&df[vs]=1.0,7392,7392,0
Nauru,2021-06-08,Oxford/AstraZeneca,https://stats.pacificdata.org/vis?tm=covid&pg=0&df[ds]=SPC2&df[id]=DF_COVID_VACCINATION&df[ag]=SPC&df[vs]=1.0,7438,7438,0
Nauru,2021-06-21,Oxford/AstraZeneca,https://stats.pacificdata.org/vis?tm=covid&pg=0&df[ds]=SPC2&df[id]=DF_COVID_VACCINATION&df[ag]=SPC&df[vs]=1.0,7486,7486,0
Nauru,2021-06-29,Oxford/AstraZeneca,https://stats.pacificdata.org/vis?tm=covid&pg=0&df[ds]=SPC2&df[id]=DF_COVID_VACCINATION&df[ag]=SPC&df[vs]=1.0,9313,7499,1814
