location,date,vaccine,source_url,total_vaccinations,people_vaccinated,people_fully_vaccinated
New Zealand,2021-02-19,Pfizer/BioNTech,https://www.health.govt.nz/our-work/diseases-and-conditions/covid-19-novel-coronavirus/covid-19-data-and-statistics/covid-19-vaccine-data,29,29,0
New Zealand,2021-02-20,Pfizer/BioNTech,https://www.health.govt.nz/our-work/diseases-and-conditions/covid-19-novel-coronavirus/covid-19-data-and-statistics/covid-19-vaccine-data,94,94,0
New Zealand,2021-02-21,Pfizer/BioNTech,https://www.health.govt.nz/our-work/diseases-and-conditions/covid-19-novel-coronavirus/covid-19-data-and-statistics/covid-19-vaccine-data,163,162,1
New Zealand,2021-02-22,Pfizer/BioNTech,https://www.health.govt.nz/our-work/diseases-and-conditions/covid-19-novel-coronavirus/covid-19-data-and-statistics/covid-19-vaccine-data,611,610,1
New Zealand,2021-02-23,Pfizer/BioNTech,https://www.health.govt.nz/our-work/diseases-and-conditions/covid-19-novel-coronavirus/covid-19-data-and-statistics/covid-19-vaccine-data,969,968,1
New Zealand,2021-02-24,Pfizer/BioNTech,https://www.health.govt.nz/our-work/diseases-and-conditions/covid-19-novel-coronavirus/covid-19-data-and-statistics/covid-19-vaccine-data,1784,1783,1
New Zealand,2021-02-25,Pfizer/BioNTech,https://www.health.govt.nz/our-work/diseases-and-conditions/covid-19-novel-coronavirus/covid-19-data-and-statistics/covid-19-vaccine-data,2883,2882,1
New Zealand,2021-02-26,Pfizer/BioNTech,https://www.health.govt.nz/our-work/diseases-and-conditions/covid-19-novel-coronavirus/covid-19-data-and-statistics/covid-19-vaccine-data,4492,4491,1
New Zealand,2021-02-27,Pfizer/BioNTech,https://www.health.govt.nz/our-work/diseases-and-conditions/covid-19-novel-coronavirus/covid-19-data-and-statistics/covid-19-vaccine-data,5834,5833,1
New Zealand,2021-02-28,Pfizer/BioNTech,https://www.health.govt.nz/our-work/diseases-and-conditions/covid-19-novel-coronavirus/covid-19-data-and-statistics/covid-19-vaccine-data,6718,6717,1
New Zealand,2021-03-01,Pfizer/BioNTech,https://www.health.govt.nz/our-work/diseases-and-conditions/covid-19-novel-coronavirus/covid-19-data-and-statistics/covid-19-vaccine-data,8127,8126,1
New Zealand,2021-03-02,Pfizer/BioNTech,https://www.health.govt.nz/our-work/diseases-and-conditions/covid-19-novel-coronavirus/covid-19-data-and-statistics/covid-19-vaccine-data,9618,9617,1
New Zealand,2021-03-03,Pfizer/BioNTech,https://www.health.govt.nz/our-work/diseases-and-conditions/covid-19-novel-coronavirus/covid-19-data-and-statistics/covid-19-vaccine-data,11602,11601,1
New Zealand,2021-03-04,Pfizer/BioNTech,https://www.health.govt.nz/our-work/diseases-and-conditions/covid-19-novel-coronavirus/covid-19-data-and-statistics/covid-19-vaccine-data,13235,13234,1
New Zealand,2021-03-05,Pfizer/BioNTech,https://www.health.govt.nz/our-work/diseases-and-conditions/covid-19-novel-coronavirus/covid-19-data-and-statistics/covid-19-vaccine-data,14513,14512,1
New Zealand,2021-03-06,Pfizer/BioNTech,https://www.health.govt.nz/our-work/diseases-and-conditions/covid-19-novel-coronavirus/covid-19-data-and-statistics/covid-19-vaccine-data,15116,15114,2
New Zealand,2021-03-07,Pfizer/BioNTech,https://www.health.govt.nz/our-work/diseases-and-conditions/covid-19-novel-coronavirus/covid-19-data-and-statistics/covid-19-vaccine-data,15629,15627,2
New Zealand,2021-03-08,Pfizer/BioNTech,https://www.health.govt.nz/our-work/diseases-and-conditions/covid-19-novel-coronavirus/covid-19-data-and-statistics/covid-19-vaccine-data,16701,16699,2
New Zealand,2021-03-09,Pfizer/BioNTech,https://www.health.govt.nz/our-work/diseases-and-conditions/covid-19-novel-coronavirus/covid-19-data-and-statistics/covid-19-vaccine-data,18126,18124,2
New Zealand,2021-03-10,Pfizer/BioNTech,https://www.health.govt.nz/our-work/diseases-and-conditions/covid-19-novel-coronavirus/covid-19-data-and-statistics/covid-19-vaccine-data,19441,19439,2
New Zealand,2021-03-11,Pfizer/BioNTech,https://www.health.govt.nz/our-work/diseases-and-conditions/covid-19-novel-coronavirus/covid-19-data-and-statistics/covid-19-vaccine-data,20775,20773,2
New Zealand,2021-03-12,Pfizer/BioNTech,https://www.health.govt.nz/our-work/diseases-and-conditions/covid-19-novel-coronavirus/covid-19-data-and-statistics/covid-19-vaccine-data,21821,21816,5
New Zealand,2021-03-13,Pfizer/BioNTech,https://www.health.govt.nz/our-work/diseases-and-conditions/covid-19-novel-coronavirus/covid-19-data-and-statistics/covid-19-vaccine-data,22576,22566,10
New Zealand,2021-03-14,Pfizer/BioNTech,https://www.health.govt.nz/our-work/diseases-and-conditions/covid-19-novel-coronavirus/covid-19-data-and-statistics/covid-19-vaccine-data,23165,23142,23
New Zealand,2021-03-15,Pfizer/BioNTech,https://www.health.govt.nz/our-work/diseases-and-conditions/covid-19-novel-coronavirus/covid-19-data-and-statistics/covid-19-vaccine-data,25046,24756,290
New Zealand,2021-03-16,Pfizer/BioNTech,https://www.health.govt.nz/our-work/diseases-and-conditions/covid-19-novel-coronavirus/covid-19-data-and-statistics/covid-19-vaccine-data,27208,26685,523
New Zealand,2021-03-17,Pfizer/BioNTech,https://www.health.govt.nz/our-work/diseases-and-conditions/covid-19-novel-coronavirus/covid-19-data-and-statistics/covid-19-vaccine-data,29217,28328,889
New Zealand,2021-03-18,Pfizer/BioNTech,https://www.health.govt.nz/our-work/diseases-and-conditions/covid-19-novel-coronavirus/covid-19-data-and-statistics/covid-19-vaccine-data,31281,29922,1359
New Zealand,2021-03-19,Pfizer/BioNTech,https://www.health.govt.nz/our-work/diseases-and-conditions/covid-19-novel-coronavirus/covid-19-data-and-statistics/covid-19-vaccine-data,33745,31615,2130
New Zealand,2021-03-20,Pfizer/BioNTech,https://www.health.govt.nz/our-work/diseases-and-conditions/covid-19-novel-coronavirus/covid-19-data-and-statistics/covid-19-vaccine-data,35018,32173,2845
New Zealand,2021-03-21,Pfizer/BioNTech,https://www.health.govt.nz/our-work/diseases-and-conditions/covid-19-novel-coronavirus/covid-19-data-and-statistics/covid-19-vaccine-data,36604,33115,3489
New Zealand,2021-03-22,Pfizer/BioNTech,https://www.health.govt.nz/our-work/diseases-and-conditions/covid-19-novel-coronavirus/covid-19-data-and-statistics/covid-19-vaccine-data,38853,34153,4700
New Zealand,2021-03-23,Pfizer/BioNTech,https://www.health.govt.nz/our-work/diseases-and-conditions/covid-19-novel-coronavirus/covid-19-data-and-statistics/covid-19-vaccine-data,41548,35740,5808
New Zealand,2021-03-24,Pfizer/BioNTech,https://www.health.govt.nz/our-work/diseases-and-conditions/covid-19-novel-coronavirus/covid-19-data-and-statistics/covid-19-vaccine-data,45103,37711,7392
New Zealand,2021-03-25,Pfizer/BioNTech,https://www.health.govt.nz/our-work/diseases-and-conditions/covid-19-novel-coronavirus/covid-19-data-and-statistics/covid-19-vaccine-data,48461,39538,8923
New Zealand,2021-03-26,Pfizer/BioNTech,https://www.health.govt.nz/our-work/diseases-and-conditions/covid-19-novel-coronavirus/covid-19-data-and-statistics/covid-19-vaccine-data,53121,42908,10213
New Zealand,2021-03-27,Pfizer/BioNTech,https://www.health.govt.nz/our-work/diseases-and-conditions/covid-19-novel-coronavirus/covid-19-data-and-statistics/covid-19-vaccine-data,55148,44063,11085
New Zealand,2021-03-28,Pfizer/BioNTech,https://www.health.govt.nz/our-work/diseases-and-conditions/covid-19-novel-coronavirus/covid-19-data-and-statistics/covid-19-vaccine-data,56320,44748,11572
New Zealand,2021-03-29,Pfizer/BioNTech,https://www.health.govt.nz/our-work/diseases-and-conditions/covid-19-novel-coronavirus/covid-19-data-and-statistics/covid-19-vaccine-data,61248,48555,12693
New Zealand,2021-03-30,Pfizer/BioNTech,https://www.health.govt.nz/our-work/diseases-and-conditions/covid-19-novel-coronavirus/covid-19-data-and-statistics/covid-19-vaccine-data,66916,52724,14192
New Zealand,2021-03-31,Pfizer/BioNTech,https://www.health.govt.nz/our-work/diseases-and-conditions/covid-19-novel-coronavirus/covid-19-data-and-statistics/covid-19-vaccine-data,73691,58168,15523
New Zealand,2021-04-01,Pfizer/BioNTech,https://www.health.govt.nz/our-work/diseases-and-conditions/covid-19-novel-coronavirus/covid-19-data-and-statistics/covid-19-vaccine-data,80137,63367,16770
New Zealand,2021-04-02,Pfizer/BioNTech,https://www.health.govt.nz/our-work/diseases-and-conditions/covid-19-novel-coronavirus/covid-19-data-and-statistics/covid-19-vaccine-data,82156,65091,17065
New Zealand,2021-04-03,Pfizer/BioNTech,https://www.health.govt.nz/our-work/diseases-and-conditions/covid-19-novel-coronavirus/covid-19-data-and-statistics/covid-19-vaccine-data,83903,66503,17400
New Zealand,2021-04-04,Pfizer/BioNTech,https://www.health.govt.nz/our-work/diseases-and-conditions/covid-19-novel-coronavirus/covid-19-data-and-statistics/covid-19-vaccine-data,84857,67261,17596
New Zealand,2021-04-05,Pfizer/BioNTech,https://www.health.govt.nz/our-work/diseases-and-conditions/covid-19-novel-coronavirus/covid-19-data-and-statistics/covid-19-vaccine-data,86071,68184,17887
New Zealand,2021-04-06,Pfizer/BioNTech,https://www.health.govt.nz/our-work/diseases-and-conditions/covid-19-novel-coronavirus/covid-19-data-and-statistics/covid-19-vaccine-data,91029,71705,19324
New Zealand,2021-04-07,Pfizer/BioNTech,https://www.health.govt.nz/our-work/diseases-and-conditions/covid-19-novel-coronavirus/covid-19-data-and-statistics/covid-19-vaccine-data,98291,76821,21470
New Zealand,2021-04-08,Pfizer/BioNTech,https://www.health.govt.nz/our-work/diseases-and-conditions/covid-19-novel-coronavirus/covid-19-data-and-statistics/covid-19-vaccine-data,106520,83285,23235
New Zealand,2021-04-09,Pfizer/BioNTech,https://www.health.govt.nz/our-work/diseases-and-conditions/covid-19-novel-coronavirus/covid-19-data-and-statistics/covid-19-vaccine-data,113870,88705,25165
New Zealand,2021-04-10,Pfizer/BioNTech,https://www.health.govt.nz/our-work/diseases-and-conditions/covid-19-novel-coronavirus/covid-19-data-and-statistics/covid-19-vaccine-data,117829,91973,25856
New Zealand,2021-04-11,Pfizer/BioNTech,https://www.health.govt.nz/our-work/diseases-and-conditions/covid-19-novel-coronavirus/covid-19-data-and-statistics/covid-19-vaccine-data,121388,94451,26937
New Zealand,2021-04-12,Pfizer/BioNTech,https://www.health.govt.nz/our-work/diseases-and-conditions/covid-19-novel-coronavirus/covid-19-data-and-statistics/covid-19-vaccine-data,129155,100496,28659
New Zealand,2021-04-13,Pfizer/BioNTech,https://www.health.govt.nz/our-work/diseases-and-conditions/covid-19-novel-coronavirus/covid-19-data-and-statistics/covid-19-vaccine-data,137588,107304,30284
New Zealand,2021-04-14,Pfizer/BioNTech,https://www.health.govt.nz/our-work/diseases-and-conditions/covid-19-novel-coronavirus/covid-19-data-and-statistics/covid-19-vaccine-data,145732,113927,31805
New Zealand,2021-04-15,Pfizer/BioNTech,https://www.health.govt.nz/our-work/diseases-and-conditions/covid-19-novel-coronavirus/covid-19-data-and-statistics/covid-19-vaccine-data,154464,120816,33648
New Zealand,2021-04-16,Pfizer/BioNTech,https://www.health.govt.nz/our-work/diseases-and-conditions/covid-19-novel-coronavirus/covid-19-data-and-statistics/covid-19-vaccine-data,163942,127675,36267
New Zealand,2021-04-17,Pfizer/BioNTech,https://www.health.govt.nz/our-work/diseases-and-conditions/covid-19-novel-coronavirus/covid-19-data-and-statistics/covid-19-vaccine-data,168981,131579,37402
New Zealand,2021-04-18,Pfizer/BioNTech,https://www.health.govt.nz/our-work/diseases-and-conditions/covid-19-novel-coronavirus/covid-19-data-and-statistics/covid-19-vaccine-data,171046,133057,37989
New Zealand,2021-04-19,Pfizer/BioNTech,https://www.health.govt.nz/our-work/diseases-and-conditions/covid-19-novel-coronavirus/covid-19-data-and-statistics/covid-19-vaccine-data,178178,138152,40026
New Zealand,2021-04-20,Pfizer/BioNTech,https://www.health.govt.nz/our-work/diseases-and-conditions/covid-19-novel-coronavirus/covid-19-data-and-statistics/covid-19-vaccine-data,187259,144249,43010
New Zealand,2021-04-21,Pfizer/BioNTech,https://www.health.govt.nz/our-work/diseases-and-conditions/covid-19-novel-coronavirus/covid-19-data-and-statistics/covid-19-vaccine-data,197443,151008,46435
New Zealand,2021-04-22,Pfizer/BioNTech,https://www.health.govt.nz/our-work/diseases-and-conditions/covid-19-novel-coronavirus/covid-19-data-and-statistics/covid-19-vaccine-data,207829,157524,50305
New Zealand,2021-04-23,Pfizer/BioNTech,https://www.health.govt.nz/our-work/diseases-and-conditions/covid-19-novel-coronavirus/covid-19-data-and-statistics/covid-19-vaccine-data,219512,165661,53851
New Zealand,2021-04-24,Pfizer/BioNTech,https://www.health.govt.nz/our-work/diseases-and-conditions/covid-19-novel-coronavirus/covid-19-data-and-statistics/covid-19-vaccine-data,224158,168926,55232
New Zealand,2021-04-25,Pfizer/BioNTech,https://www.health.govt.nz/our-work/diseases-and-conditions/covid-19-novel-coronavirus/covid-19-data-and-statistics/covid-19-vaccine-data,226539,170400,56139
New Zealand,2021-04-26,Pfizer/BioNTech,https://www.health.govt.nz/our-work/diseases-and-conditions/covid-19-novel-coronavirus/covid-19-data-and-statistics/covid-19-vaccine-data,228788,171787,57001
New Zealand,2021-04-27,Pfizer/BioNTech,https://www.health.govt.nz/our-work/diseases-and-conditions/covid-19-novel-coronavirus/covid-19-data-and-statistics/covid-19-vaccine-data,238799,178591,60208
New Zealand,2021-04-28,Pfizer/BioNTech,https://www.health.govt.nz/our-work/diseases-and-conditions/covid-19-novel-coronavirus/covid-19-data-and-statistics/covid-19-vaccine-data,249767,185899,63868
New Zealand,2021-04-29,Pfizer/BioNTech,https://www.health.govt.nz/our-work/diseases-and-conditions/covid-19-novel-coronavirus/covid-19-data-and-statistics/covid-19-vaccine-data,262240,193419,68821
New Zealand,2021-04-30,Pfizer/BioNTech,https://www.health.govt.nz/our-work/diseases-and-conditions/covid-19-novel-coronavirus/covid-19-data-and-statistics/covid-19-vaccine-data,275629,201792,73837
New Zealand,2021-05-01,Pfizer/BioNTech,https://www.health.govt.nz/our-work/diseases-and-conditions/covid-19-novel-coronavirus/covid-19-data-and-statistics/covid-19-vaccine-data,281109,205282,75827
New Zealand,2021-05-02,Pfizer/BioNTech,https://www.health.govt.nz/our-work/diseases-and-conditions/covid-19-novel-coronavirus/covid-19-data-and-statistics/covid-19-vaccine-data,284648,206903,77745
New Zealand,2021-05-03,Pfizer/BioNTech,https://www.health.govt.nz/our-work/diseases-and-conditions/covid-19-novel-coronavirus/covid-19-data-and-statistics/covid-19-vaccine-data,295381,213152,82229
New Zealand,2021-05-04,Pfizer/BioNTech,https://www.health.govt.nz/our-work/diseases-and-conditions/covid-19-novel-coronavirus/covid-19-data-and-statistics/covid-19-vaccine-data,309000,221472,87528
New Zealand,2021-05-05,Pfizer/BioNTech,https://www.health.govt.nz/our-work/diseases-and-conditions/covid-19-novel-coronavirus/covid-19-data-and-statistics/covid-19-vaccine-data,323755,230673,93082
New Zealand,2021-05-06,Pfizer/BioNTech,https://www.health.govt.nz/our-work/diseases-and-conditions/covid-19-novel-coronavirus/covid-19-data-and-statistics/covid-19-vaccine-data,338794,239887,98907
New Zealand,2021-05-07,Pfizer/BioNTech,https://www.health.govt.nz/our-work/diseases-and-conditions/covid-19-novel-coronavirus/covid-19-data-and-statistics/covid-19-vaccine-data,355654,250019,105635
New Zealand,2021-05-08,Pfizer/BioNTech,https://www.health.govt.nz/our-work/diseases-and-conditions/covid-19-novel-coronavirus/covid-19-data-and-statistics/covid-19-vaccine-data,362835,254390,108445
New Zealand,2021-05-09,Pfizer/BioNTech,https://www.health.govt.nz/our-work/diseases-and-conditions/covid-19-novel-coronavirus/covid-19-data-and-statistics/covid-19-vaccine-data,366173,256114,110059
New Zealand,2021-05-10,Pfizer/BioNTech,https://www.health.govt.nz/our-work/diseases-and-conditions/covid-19-novel-coronavirus/covid-19-data-and-statistics/covid-19-vaccine-data,378163,262990,115173
New Zealand,2021-05-11,Pfizer/BioNTech,https://www.health.govt.nz/our-work/diseases-and-conditions/covid-19-novel-coronavirus/covid-19-data-and-statistics/covid-19-vaccine-data,393275,272209,121066
New Zealand,2021-05-12,Pfizer/BioNTech,https://www.health.govt.nz/our-work/diseases-and-conditions/covid-19-novel-coronavirus/covid-19-data-and-statistics/covid-19-vaccine-data,408541,281726,126815
New Zealand,2021-05-13,Pfizer/BioNTech,https://www.health.govt.nz/our-work/diseases-and-conditions/covid-19-novel-coronavirus/covid-19-data-and-statistics/covid-19-vaccine-data,424269,291461,132808
New Zealand,2021-05-14,Pfizer/BioNTech,https://www.health.govt.nz/our-work/diseases-and-conditions/covid-19-novel-coronavirus/covid-19-data-and-statistics/covid-19-vaccine-data,440360,300449,139911
New Zealand,2021-05-15,Pfizer/BioNTech,https://www.health.govt.nz/our-work/diseases-and-conditions/covid-19-novel-coronavirus/covid-19-data-and-statistics/covid-19-vaccine-data,446587,303865,142722
New Zealand,2021-05-16,Pfizer/BioNTech,https://www.health.govt.nz/our-work/diseases-and-conditions/covid-19-novel-coronavirus/covid-19-data-and-statistics/covid-19-vaccine-data,450793,306267,144526
New Zealand,2021-05-17,Pfizer/BioNTech,https://www.health.govt.nz/our-work/diseases-and-conditions/covid-19-novel-coronavirus/covid-19-data-and-statistics/covid-19-vaccine-data,461838,313563,148275
New Zealand,2021-05-18,Pfizer/BioNTech,https://www.health.govt.nz/our-work/diseases-and-conditions/covid-19-novel-coronavirus/covid-19-data-and-statistics/covid-19-vaccine-data,476613,322849,153764
New Zealand,2021-05-19,Pfizer/BioNTech,https://www.health.govt.nz/our-work/diseases-and-conditions/covid-19-novel-coronavirus/covid-19-data-and-statistics/covid-19-vaccine-data,492052,331901,160151
New Zealand,2021-05-20,Pfizer/BioNTech,https://www.health.govt.nz/our-work/diseases-and-conditions/covid-19-novel-coronavirus/covid-19-data-and-statistics/covid-19-vaccine-data,507512,340626,166886
New Zealand,2021-05-21,Pfizer/BioNTech,https://www.health.govt.nz/our-work/diseases-and-conditions/covid-19-novel-coronavirus/covid-19-data-and-statistics/covid-19-vaccine-data,523062,348891,174171
New Zealand,2021-05-22,Pfizer/BioNTech,https://www.health.govt.nz/our-work/diseases-and-conditions/covid-19-novel-coronavirus/covid-19-data-and-statistics/covid-19-vaccine-data,531025,353290,177735
New Zealand,2021-05-23,Pfizer/BioNTech,https://www.health.govt.nz/our-work/diseases-and-conditions/covid-19-novel-coronavirus/covid-19-data-and-statistics/covid-19-vaccine-data,534826,355552,179274
New Zealand,2021-05-24,Pfizer/BioNTech,https://www.health.govt.nz/our-work/diseases-and-conditions/covid-19-novel-coronavirus/covid-19-data-and-statistics/covid-19-vaccine-data,547797,362782,185015
New Zealand,2021-05-25,Pfizer/BioNTech,https://www.health.govt.nz/our-work/diseases-and-conditions/covid-19-novel-coronavirus/covid-19-data-and-statistics/covid-19-vaccine-data,565083,372613,192470
New Zealand,2021-05-26,Pfizer/BioNTech,https://www.health.govt.nz/our-work/diseases-and-conditions/covid-19-novel-coronavirus/covid-19-data-and-statistics/covid-19-vaccine-data,583794,383565,200229
New Zealand,2021-05-27,Pfizer/BioNTech,https://www.health.govt.nz/our-work/diseases-and-conditions/covid-19-novel-coronavirus/covid-19-data-and-statistics/covid-19-vaccine-data,600650,393422,207228
New Zealand,2021-05-28,Pfizer/BioNTech,https://www.health.govt.nz/our-work/diseases-and-conditions/covid-19-novel-coronavirus/covid-19-data-and-statistics/covid-19-vaccine-data,621290,404241,217049
New Zealand,2021-05-29,Pfizer/BioNTech,https://www.health.govt.nz/our-work/diseases-and-conditions/covid-19-novel-coronavirus/covid-19-data-and-statistics/covid-19-vaccine-data,631513,410175,221338
New Zealand,2021-05-30,Pfizer/BioNTech,https://www.health.govt.nz/our-work/diseases-and-conditions/covid-19-novel-coronavirus/covid-19-data-and-statistics/covid-19-vaccine-data,636710,413495,223215
New Zealand,2021-05-31,Pfizer/BioNTech,https://www.health.govt.nz/our-work/diseases-and-conditions/covid-19-novel-coronavirus/covid-19-data-and-statistics/covid-19-vaccine-data,651157,422386,228771
New Zealand,2021-06-01,Pfizer/BioNTech,https://www.health.govt.nz/our-work/diseases-and-conditions/covid-19-novel-coronavirus/covid-19-data-and-statistics/covid-19-vaccine-data,671061,434399,236662
New Zealand,2021-06-02,Pfizer/BioNTech,https://www.health.govt.nz/our-work/diseases-and-conditions/covid-19-novel-coronavirus/covid-19-data-and-statistics/covid-19-vaccine-data,692015,446949,245066
New Zealand,2021-06-03,Pfizer/BioNTech,https://www.health.govt.nz/our-work/diseases-and-conditions/covid-19-novel-coronavirus/covid-19-data-and-statistics/covid-19-vaccine-data,715142,461097,254045
New Zealand,2021-06-04,Pfizer/BioNTech,https://www.health.govt.nz/our-work/diseases-and-conditions/covid-19-novel-coronavirus/covid-19-data-and-statistics/covid-19-vaccine-data,735565,473185,262380
New Zealand,2021-06-05,Pfizer/BioNTech,https://www.health.govt.nz/our-work/diseases-and-conditions/covid-19-novel-coronavirus/covid-19-data-and-statistics/covid-19-vaccine-data,745100,479379,265721
New Zealand,2021-06-06,Pfizer/BioNTech,https://www.health.govt.nz/our-work/diseases-and-conditions/covid-19-novel-coronavirus/covid-19-data-and-statistics/covid-19-vaccine-data,750301,482903,267398
New Zealand,2021-06-07,Pfizer/BioNTech,https://www.health.govt.nz/our-work/diseases-and-conditions/covid-19-novel-coronavirus/covid-19-data-and-statistics/covid-19-vaccine-data,755593,486826,268767
New Zealand,2021-06-08,Pfizer/BioNTech,https://www.health.govt.nz/our-work/diseases-and-conditions/covid-19-novel-coronavirus/covid-19-data-and-statistics/covid-19-vaccine-data,777409,499898,277511
New Zealand,2021-06-09,Pfizer/BioNTech,https://www.health.govt.nz/our-work/diseases-and-conditions/covid-19-novel-coronavirus/covid-19-data-and-statistics/covid-19-vaccine-data,788808,506994,281814
New Zealand,2021-06-10,Pfizer/BioNTech,https://www.health.govt.nz/our-work/diseases-and-conditions/covid-19-novel-coronavirus/covid-19-data-and-statistics/covid-19-vaccine-data,812135,520880,291255
New Zealand,2021-06-11,Pfizer/BioNTech,https://www.health.govt.nz/our-work/diseases-and-conditions/covid-19-novel-coronavirus/covid-19-data-and-statistics/covid-19-vaccine-data,833633,532820,300813
New Zealand,2021-06-12,Pfizer/BioNTech,https://www.health.govt.nz/our-work/diseases-and-conditions/covid-19-novel-coronavirus/covid-19-data-and-statistics/covid-19-vaccine-data,845559,540263,305296
New Zealand,2021-06-13,Pfizer/BioNTech,https://www.health.govt.nz/our-work/diseases-and-conditions/covid-19-novel-coronavirus/covid-19-data-and-statistics/covid-19-vaccine-data,852855,544662,308193
New Zealand,2021-06-14,Pfizer/BioNTech,https://www.health.govt.nz/our-work/diseases-and-conditions/covid-19-novel-coronavirus/covid-19-data-and-statistics/covid-19-vaccine-data,870741,555008,315733
New Zealand,2021-06-15,Pfizer/BioNTech,https://www.health.govt.nz/our-work/diseases-and-conditions/covid-19-novel-coronavirus/covid-19-data-and-statistics/covid-19-vaccine-data,892944,568074,324870
New Zealand,2021-06-16,Pfizer/BioNTech,https://www.health.govt.nz/our-work/diseases-and-conditions/covid-19-novel-coronavirus/covid-19-data-and-statistics/covid-19-vaccine-data,917325,582461,334864
New Zealand,2021-06-17,Pfizer/BioNTech,https://www.health.govt.nz/our-work/diseases-and-conditions/covid-19-novel-coronavirus/covid-19-data-and-statistics/covid-19-vaccine-data,940552,595406,345146
New Zealand,2021-06-18,Pfizer/BioNTech,https://www.health.govt.nz/our-work/diseases-and-conditions/covid-19-novel-coronavirus/covid-19-data-and-statistics/covid-19-vaccine-data,961326,606737,354589
New Zealand,2021-06-19,Pfizer/BioNTech,https://www.health.govt.nz/our-work/diseases-and-conditions/covid-19-novel-coronavirus/covid-19-data-and-statistics/covid-19-vaccine-data,973578,614099,359479
New Zealand,2021-06-20,Pfizer/BioNTech,https://www.health.govt.nz/our-work/diseases-and-conditions/covid-19-novel-coronavirus/covid-19-data-and-statistics/covid-19-vaccine-data,980869,618048,362821
New Zealand,2021-06-21,Pfizer/BioNTech,https://www.health.govt.nz/our-work/diseases-and-conditions/covid-19-novel-coronavirus/covid-19-data-and-statistics/covid-19-vaccine-data,998266,627100,371166
New Zealand,2021-06-22,Pfizer/BioNTech,https://www.health.govt.nz/our-work/diseases-and-conditions/covid-19-novel-coronavirus/covid-19-data-and-statistics/covid-19-vaccine-data,1020792,638447,382345
New Zealand,2021-06-23,Pfizer/BioNTech,https://www.health.govt.nz/our-work/diseases-and-conditions/covid-19-novel-coronavirus/covid-19-data-and-statistics/covid-19-vaccine-data,1045526,651426,394100
New Zealand,2021-06-24,Pfizer/BioNTech,https://www.health.govt.nz/our-work/diseases-and-conditions/covid-19-novel-coronavirus/covid-19-data-and-statistics/covid-19-vaccine-data,1069880,662854,407026
New Zealand,2021-06-25,Pfizer/BioNTech,https://www.health.govt.nz/our-work/diseases-and-conditions/covid-19-novel-coronavirus/covid-19-data-and-statistics/covid-19-vaccine-data,1091581,672866,418715
New Zealand,2021-06-26,Pfizer/BioNTech,https://www.health.govt.nz/our-work/diseases-and-conditions/covid-19-novel-coronavirus/covid-19-data-and-statistics/covid-19-vaccine-data,1106172,681188,424984
New Zealand,2021-06-27,Pfizer/BioNTech,https://www.health.govt.nz/our-work/diseases-and-conditions/covid-19-novel-coronavirus/covid-19-data-and-statistics/covid-19-vaccine-data,1113184,684768,428416
New Zealand,2021-06-28,Pfizer/BioNTech,https://www.health.govt.nz/our-work/diseases-and-conditions/covid-19-novel-coronavirus/covid-19-data-and-statistics/covid-19-vaccine-data,1129528,694664,434864
New Zealand,2021-06-29,Pfizer/BioNTech,https://www.health.govt.nz/our-work/diseases-and-conditions/covid-19-novel-coronavirus/covid-19-data-and-statistics/covid-19-vaccine-data,1150456,705586,444870
New Zealand,2021-06-30,Pfizer/BioNTech,https://www.health.govt.nz/our-work/diseases-and-conditions/covid-19-novel-coronavirus/covid-19-data-and-statistics/covid-19-vaccine-data,1173311,718509,454802
New Zealand,2021-07-01,Pfizer/BioNTech,https://www.health.govt.nz/our-work/diseases-and-conditions/covid-19-novel-coronavirus/covid-19-data-and-statistics/covid-19-vaccine-data,1195961,731478,464483
New Zealand,2021-07-02,Pfizer/BioNTech,https://www.health.govt.nz/our-work/diseases-and-conditions/covid-19-novel-coronavirus/covid-19-data-and-statistics/covid-19-vaccine-data,1215935,741179,474756
New Zealand,2021-07-03,Pfizer/BioNTech,https://www.health.govt.nz/our-work/diseases-and-conditions/covid-19-novel-coronavirus/covid-19-data-and-statistics/covid-19-vaccine-data,1228505,748433,480072
New Zealand,2021-07-04,Pfizer/BioNTech,https://www.health.govt.nz/our-work/diseases-and-conditions/covid-19-novel-coronavirus/covid-19-data-and-statistics/covid-19-vaccine-data,1234897,751913,482984
New Zealand,2021-07-05,Pfizer/BioNTech,https://www.health.govt.nz/our-work/diseases-and-conditions/covid-19-novel-coronavirus/covid-19-data-and-statistics/covid-19-vaccine-data,1250401,759530,490871
New Zealand,2021-07-06,Pfizer/BioNTech,https://www.health.govt.nz/our-work/diseases-and-conditions/covid-19-novel-coronavirus/covid-19-data-and-statistics/covid-19-vaccine-data,1270719,768867,501852
