location,date,vaccine,source_url,total_vaccinations,people_vaccinated,people_fully_vaccinated
New Caledonia,2021-02-02,Pfizer/BioNTech,https://stats.pacificdata.org/vis?tm=covid&pg=0&df[ds]=SPC2&df[id]=DF_COVID_VACCINATION&df[ag]=SPC&df[vs]=1.0,1118,1118,0
New Caledonia,2021-02-10,Pfizer/BioNTech,https://stats.pacificdata.org/vis?tm=covid&pg=0&df[ds]=SPC2&df[id]=DF_COVID_VACCINATION&df[ag]=SPC&df[vs]=1.0,1672,1672,0
New Caledonia,2021-02-16,Pfizer/BioNTech,https://stats.pacificdata.org/vis?tm=covid&pg=0&df[ds]=SPC2&df[id]=DF_COVID_VACCINATION&df[ag]=SPC&df[vs]=1.0,2726,2454,272
New Caledonia,2021-02-23,Pfizer/BioNTech,https://stats.pacificdata.org/vis?tm=covid&pg=0&df[ds]=SPC2&df[id]=DF_COVID_VACCINATION&df[ag]=SPC&df[vs]=1.0,4457,3432,1025
New Caledonia,2021-03-09,Pfizer/BioNTech,https://stats.pacificdata.org/vis?tm=covid&pg=0&df[ds]=SPC2&df[id]=DF_COVID_VACCINATION&df[ag]=SPC&df[vs]=1.0,9765,7343,2422
New Caledonia,2021-03-16,Pfizer/BioNTech,https://stats.pacificdata.org/vis?tm=covid&pg=0&df[ds]=SPC2&df[id]=DF_COVID_VACCINATION&df[ag]=SPC&df[vs]=1.0,15767,12133,3634
New Caledonia,2021-03-23,Pfizer/BioNTech,https://stats.pacificdata.org/vis?tm=covid&pg=0&df[ds]=SPC2&df[id]=DF_COVID_VACCINATION&df[ag]=SPC&df[vs]=1.0,22707,17564,5143
New Caledonia,2021-03-30,Pfizer/BioNTech,https://stats.pacificdata.org/vis?tm=covid&pg=0&df[ds]=SPC2&df[id]=DF_COVID_VACCINATION&df[ag]=SPC&df[vs]=1.0,28913,21192,7721
New Caledonia,2021-04-07,Pfizer/BioNTech,https://stats.pacificdata.org/vis?tm=covid&pg=0&df[ds]=SPC2&df[id]=DF_COVID_VACCINATION&df[ag]=SPC&df[vs]=1.0,37258,24679,12579
New Caledonia,2021-04-13,Pfizer/BioNTech,https://stats.pacificdata.org/vis?tm=covid&pg=0&df[ds]=SPC2&df[id]=DF_COVID_VACCINATION&df[ag]=SPC&df[vs]=1.0,44210,26584,17626
New Caledonia,2021-04-20,Pfizer/BioNTech,https://stats.pacificdata.org/vis?tm=covid&pg=0&df[ds]=SPC2&df[id]=DF_COVID_VACCINATION&df[ag]=SPC&df[vs]=1.0,52881,32071,20810
New Caledonia,2021-04-27,Pfizer/BioNTech,https://stats.pacificdata.org/vis?tm=covid&pg=0&df[ds]=SPC2&df[id]=DF_COVID_VACCINATION&df[ag]=SPC&df[vs]=1.0,60916,37070,23846
New Caledonia,2021-05-04,Pfizer/BioNTech,https://stats.pacificdata.org/vis?tm=covid&pg=0&df[ds]=SPC2&df[id]=DF_COVID_VACCINATION&df[ag]=SPC&df[vs]=1.0,67755,41364,26391
New Caledonia,2021-05-11,Pfizer/BioNTech,https://stats.pacificdata.org/vis?tm=covid&pg=0&df[ds]=SPC2&df[id]=DF_COVID_VACCINATION&df[ag]=SPC&df[vs]=1.0,75580,43941,31639
New Caledonia,2021-05-18,Pfizer/BioNTech,https://stats.pacificdata.org/vis?tm=covid&pg=0&df[ds]=SPC2&df[id]=DF_COVID_VACCINATION&df[ag]=SPC&df[vs]=1.0,80734,45104,35630
New Caledonia,2021-05-25,Pfizer/BioNTech,https://stats.pacificdata.org/vis?tm=covid&pg=0&df[ds]=SPC2&df[id]=DF_COVID_VACCINATION&df[ag]=SPC&df[vs]=1.0,86639,46508,40131
New Caledonia,2021-06-01,Pfizer/BioNTech,https://stats.pacificdata.org/vis?tm=covid&pg=0&df[ds]=SPC2&df[id]=DF_COVID_VACCINATION&df[ag]=SPC&df[vs]=1.0,92594,49881,42713
New Caledonia,2021-06-08,Pfizer/BioNTech,https://stats.pacificdata.org/vis?tm=covid&pg=0&df[ds]=SPC2&df[id]=DF_COVID_VACCINATION&df[ag]=SPC&df[vs]=1.0,98747,53838,44909
New Caledonia,2021-06-15,Pfizer/BioNTech,https://stats.pacificdata.org/vis?tm=covid&pg=0&df[ds]=SPC2&df[id]=DF_COVID_VACCINATION&df[ag]=SPC&df[vs]=1.0,101168,55277,45891
New Caledonia,2021-06-21,Pfizer/BioNTech,https://stats.pacificdata.org/vis?tm=covid&pg=0&df[ds]=SPC2&df[id]=DF_COVID_VACCINATION&df[ag]=SPC&df[vs]=1.0,104683,56691,47992
New Caledonia,2021-06-29,Pfizer/BioNTech,https://stats.pacificdata.org/vis?tm=covid&pg=0&df[ds]=SPC2&df[id]=DF_COVID_VACCINATION&df[ag]=SPC&df[vs]=1.0,111259,59316,51943
New Caledonia,2021-07-06,Pfizer/BioNTech,https://stats.pacificdata.org/vis?tm=covid&pg=0&df[ds]=SPC2&df[id]=DF_COVID_VACCINATION&df[ag]=SPC&df[vs]=1.0,115218,60764,54454
