location,date,vaccine,source_url,total_vaccinations,people_vaccinated,people_fully_vaccinated
Northern Ireland,2020-12-13,Pfizer/BioNTech,https://coronavirus.data.gov.uk/details/vaccinations,3623,3623,
Northern Ireland,2020-12-20,Pfizer/BioNTech,https://coronavirus.data.gov.uk/details/vaccinations,16068,16068,
Northern Ireland,2020-12-27,Pfizer/BioNTech,https://coronavirus.data.gov.uk/details/vaccinations,31016,31016,
Northern Ireland,2021-01-03,Pfizer/BioNTech,https://coronavirus.data.gov.uk/details/vaccinations,40685,40685,
Northern Ireland,2021-01-10,"Oxford/AstraZeneca, Pfizer/BioNTech",https://coronavirus.data.gov.uk/details/vaccinations,91954,78005,13949
Northern Ireland,2021-01-11,"Oxford/AstraZeneca, Pfizer/BioNTech",https://coronavirus.data.gov.uk/details/vaccinations,99475,84187,15288
Northern Ireland,2021-01-12,"Oxford/AstraZeneca, Pfizer/BioNTech",https://coronavirus.data.gov.uk/details/vaccinations,109257,91417,17840
Northern Ireland,2021-01-13,"Oxford/AstraZeneca, Pfizer/BioNTech",https://coronavirus.data.gov.uk/details/vaccinations,121711,102701,19010
Northern Ireland,2021-01-14,"Oxford/AstraZeneca, Pfizer/BioNTech",https://coronavirus.data.gov.uk/details/vaccinations,133831,114567,19264
Northern Ireland,2021-01-15,"Oxford/AstraZeneca, Pfizer/BioNTech",https://coronavirus.data.gov.uk/details/vaccinations,137380,117906,19474
Northern Ireland,2021-01-16,"Oxford/AstraZeneca, Pfizer/BioNTech",https://coronavirus.data.gov.uk/details/vaccinations,140561,120387,20174
Northern Ireland,2021-01-17,"Oxford/AstraZeneca, Pfizer/BioNTech",https://coronavirus.data.gov.uk/details/vaccinations,146733,125717,21016
Northern Ireland,2021-01-18,"Oxford/AstraZeneca, Pfizer/BioNTech",https://coronavirus.data.gov.uk/details/vaccinations,154436,132857,21579
Northern Ireland,2021-01-19,"Oxford/AstraZeneca, Pfizer/BioNTech",https://coronavirus.data.gov.uk/details/vaccinations,160396,138436,21960
Northern Ireland,2021-01-20,"Oxford/AstraZeneca, Pfizer/BioNTech",https://coronavirus.data.gov.uk/details/vaccinations,166538,144212,22326
Northern Ireland,2021-01-21,"Oxford/AstraZeneca, Pfizer/BioNTech",https://coronavirus.data.gov.uk/details/vaccinations,173549,151039,22510
Northern Ireland,2021-01-22,"Oxford/AstraZeneca, Pfizer/BioNTech",https://coronavirus.data.gov.uk/details/vaccinations,177026,154366,22660
Northern Ireland,2021-01-23,"Oxford/AstraZeneca, Pfizer/BioNTech",https://coronavirus.data.gov.uk/details/vaccinations,178331,155644,22687
Northern Ireland,2021-01-24,"Oxford/AstraZeneca, Pfizer/BioNTech",https://coronavirus.data.gov.uk/details/vaccinations,182355,159642,22713
Northern Ireland,2021-01-25,"Oxford/AstraZeneca, Pfizer/BioNTech",https://coronavirus.data.gov.uk/details/vaccinations,186112,163317,22795
Northern Ireland,2021-01-26,"Oxford/AstraZeneca, Pfizer/BioNTech",https://coronavirus.data.gov.uk/details/vaccinations,191050,168140,22910
Northern Ireland,2021-01-27,"Oxford/AstraZeneca, Pfizer/BioNTech",https://coronavirus.data.gov.uk/details/vaccinations,199211,175284,23927
Northern Ireland,2021-01-28,"Oxford/AstraZeneca, Pfizer/BioNTech",https://coronavirus.data.gov.uk/details/vaccinations,220201,196131,24070
Northern Ireland,2021-01-29,"Oxford/AstraZeneca, Pfizer/BioNTech",https://coronavirus.data.gov.uk/details/vaccinations,228211,204065,24146
Northern Ireland,2021-01-30,"Oxford/AstraZeneca, Pfizer/BioNTech",https://coronavirus.data.gov.uk/details/vaccinations,238924,214601,24323
Northern Ireland,2021-01-31,"Oxford/AstraZeneca, Pfizer/BioNTech",https://coronavirus.data.gov.uk/details/vaccinations,246421,221809,24612
Northern Ireland,2021-02-01,"Oxford/AstraZeneca, Pfizer/BioNTech",https://coronavirus.data.gov.uk/details/vaccinations,258311,233429,24882
Northern Ireland,2021-02-02,"Oxford/AstraZeneca, Pfizer/BioNTech",https://coronavirus.data.gov.uk/details/vaccinations,271826,246671,25155
Northern Ireland,2021-02-03,"Oxford/AstraZeneca, Pfizer/BioNTech",https://coronavirus.data.gov.uk/details/vaccinations,289274,263735,25539
Northern Ireland,2021-02-04,"Oxford/AstraZeneca, Pfizer/BioNTech",https://coronavirus.data.gov.uk/details/vaccinations,301279,275232,26047
Northern Ireland,2021-02-05,"Oxford/AstraZeneca, Pfizer/BioNTech",https://coronavirus.data.gov.uk/details/vaccinations,316420,289889,26531
Northern Ireland,2021-02-06,"Oxford/AstraZeneca, Pfizer/BioNTech",https://coronavirus.data.gov.uk/details/vaccinations,323122,295915,27207
Northern Ireland,2021-02-07,"Oxford/AstraZeneca, Pfizer/BioNTech",https://coronavirus.data.gov.uk/details/vaccinations,330941,303478,27463
Northern Ireland,2021-02-08,"Oxford/AstraZeneca, Pfizer/BioNTech",https://coronavirus.data.gov.uk/details/vaccinations,345195,317606,27589
Northern Ireland,2021-02-09,"Oxford/AstraZeneca, Pfizer/BioNTech",https://coronavirus.data.gov.uk/details/vaccinations,361430,333658,27772
Northern Ireland,2021-02-10,"Oxford/AstraZeneca, Pfizer/BioNTech",https://coronavirus.data.gov.uk/details/vaccinations,381894,353757,28137
Northern Ireland,2021-02-11,"Oxford/AstraZeneca, Pfizer/BioNTech",https://coronavirus.data.gov.uk/details/vaccinations,401966,373414,28552
Northern Ireland,2021-02-12,"Oxford/AstraZeneca, Pfizer/BioNTech",https://coronavirus.data.gov.uk/details/vaccinations,416708,387771,28937
Northern Ireland,2021-02-13,"Oxford/AstraZeneca, Pfizer/BioNTech",https://coronavirus.data.gov.uk/details/vaccinations,420077,391101,28976
Northern Ireland,2021-02-14,"Oxford/AstraZeneca, Pfizer/BioNTech",https://coronavirus.data.gov.uk/details/vaccinations,426248,397243,29005
Northern Ireland,2021-02-15,"Oxford/AstraZeneca, Pfizer/BioNTech",https://coronavirus.data.gov.uk/details/vaccinations,438708,409507,29201
Northern Ireland,2021-02-16,"Oxford/AstraZeneca, Pfizer/BioNTech",https://coronavirus.data.gov.uk/details/vaccinations,447685,418209,29476
Northern Ireland,2021-02-17,"Oxford/AstraZeneca, Pfizer/BioNTech",https://coronavirus.data.gov.uk/details/vaccinations,457581,427569,30012
Northern Ireland,2021-02-18,"Oxford/AstraZeneca, Pfizer/BioNTech",https://coronavirus.data.gov.uk/details/vaccinations,466524,436143,30381
Northern Ireland,2021-02-19,"Oxford/AstraZeneca, Pfizer/BioNTech",https://coronavirus.data.gov.uk/details/vaccinations,473670,442917,30753
Northern Ireland,2021-02-21,"Oxford/AstraZeneca, Pfizer/BioNTech",https://coronavirus.data.gov.uk/details/vaccinations,488826,458030,30796
Northern Ireland,2021-02-22,"Oxford/AstraZeneca, Pfizer/BioNTech",https://coronavirus.data.gov.uk/details/vaccinations,499206,468129,31077
Northern Ireland,2021-02-23,"Oxford/AstraZeneca, Pfizer/BioNTech",https://coronavirus.data.gov.uk/details/vaccinations,509580,478235,31345
Northern Ireland,2021-02-24,"Oxford/AstraZeneca, Pfizer/BioNTech",https://coronavirus.data.gov.uk/details/vaccinations,523230,491593,31637
Northern Ireland,2021-02-25,"Oxford/AstraZeneca, Pfizer/BioNTech",https://coronavirus.data.gov.uk/details/vaccinations,537086,505188,31898
Northern Ireland,2021-02-26,"Oxford/AstraZeneca, Pfizer/BioNTech",https://coronavirus.data.gov.uk/details/vaccinations,548294,515678,32616
Northern Ireland,2021-02-27,"Oxford/AstraZeneca, Pfizer/BioNTech",https://coronavirus.data.gov.uk/details/vaccinations,553661,520996,32665
Northern Ireland,2021-02-28,"Oxford/AstraZeneca, Pfizer/BioNTech",https://coronavirus.data.gov.uk/details/vaccinations,558597,525400,33197
Northern Ireland,2021-03-01,"Oxford/AstraZeneca, Pfizer/BioNTech",https://coronavirus.data.gov.uk/details/vaccinations,572759,537389,35370
Northern Ireland,2021-03-02,"Oxford/AstraZeneca, Pfizer/BioNTech",https://coronavirus.data.gov.uk/details/vaccinations,582881,545019,37862
Northern Ireland,2021-03-03,"Oxford/AstraZeneca, Pfizer/BioNTech",https://coronavirus.data.gov.uk/details/vaccinations,596860,556721,40139
Northern Ireland,2021-03-04,"Oxford/AstraZeneca, Pfizer/BioNTech",https://coronavirus.data.gov.uk/details/vaccinations,609798,568011,41787
Northern Ireland,2021-03-05,"Oxford/AstraZeneca, Pfizer/BioNTech",https://coronavirus.data.gov.uk/details/vaccinations,619315,577219,42096
Northern Ireland,2021-03-06,"Oxford/AstraZeneca, Pfizer/BioNTech",https://coronavirus.data.gov.uk/details/vaccinations,625144,582914,42230
Northern Ireland,2021-03-07,"Oxford/AstraZeneca, Pfizer/BioNTech",https://coronavirus.data.gov.uk/details/vaccinations,631654,588803,42851
Northern Ireland,2021-03-08,"Oxford/AstraZeneca, Pfizer/BioNTech",https://coronavirus.data.gov.uk/details/vaccinations,641121,596527,44594
Northern Ireland,2021-03-09,"Oxford/AstraZeneca, Pfizer/BioNTech",https://coronavirus.data.gov.uk/details/vaccinations,648028,601101,46927
Northern Ireland,2021-03-10,"Oxford/AstraZeneca, Pfizer/BioNTech",https://coronavirus.data.gov.uk/details/vaccinations,655643,606695,48948
Northern Ireland,2021-03-11,"Oxford/AstraZeneca, Pfizer/BioNTech",https://coronavirus.data.gov.uk/details/vaccinations,664029,614629,49400
Northern Ireland,2021-03-12,"Oxford/AstraZeneca, Pfizer/BioNTech",https://coronavirus.data.gov.uk/details/vaccinations,671514,621462,50052
Northern Ireland,2021-03-13,"Oxford/AstraZeneca, Pfizer/BioNTech",https://coronavirus.data.gov.uk/details/vaccinations,677602,625195,52407
Northern Ireland,2021-03-14,"Oxford/AstraZeneca, Pfizer/BioNTech",https://coronavirus.data.gov.uk/details/vaccinations,684097,629461,54636
Northern Ireland,2021-03-15,"Oxford/AstraZeneca, Pfizer/BioNTech",https://coronavirus.data.gov.uk/details/vaccinations,692264,634019,58245
Northern Ireland,2021-03-16,"Oxford/AstraZeneca, Pfizer/BioNTech",https://coronavirus.data.gov.uk/details/vaccinations,704747,640801,63946
Northern Ireland,2021-03-17,"Oxford/AstraZeneca, Pfizer/BioNTech",https://coronavirus.data.gov.uk/details/vaccinations,713392,646190,67202
Northern Ireland,2021-03-18,"Oxford/AstraZeneca, Pfizer/BioNTech",https://coronavirus.data.gov.uk/details/vaccinations,726290,655581,70709
Northern Ireland,2021-03-19,"Oxford/AstraZeneca, Pfizer/BioNTech",https://coronavirus.data.gov.uk/details/vaccinations,738286,662973,75313
Northern Ireland,2021-03-20,"Oxford/AstraZeneca, Pfizer/BioNTech",https://coronavirus.data.gov.uk/details/vaccinations,746254,667758,78496
Northern Ireland,2021-03-21,"Oxford/AstraZeneca, Pfizer/BioNTech",https://coronavirus.data.gov.uk/details/vaccinations,776211,687528,88683
Northern Ireland,2021-03-23,"Oxford/AstraZeneca, Pfizer/BioNTech",https://coronavirus.data.gov.uk/details/vaccinations,791117,694863,96254
Northern Ireland,2021-03-24,"Oxford/AstraZeneca, Pfizer/BioNTech",https://coronavirus.data.gov.uk/details/vaccinations,808241,703334,104907
Northern Ireland,2021-03-25,"Oxford/AstraZeneca, Pfizer/BioNTech",https://coronavirus.data.gov.uk/details/vaccinations,825310,711673,113637
Northern Ireland,2021-03-26,"Oxford/AstraZeneca, Pfizer/BioNTech",https://coronavirus.data.gov.uk/details/vaccinations,839609,719260,120349
Northern Ireland,2021-03-27,"Oxford/AstraZeneca, Pfizer/BioNTech",https://coronavirus.data.gov.uk/details/vaccinations,850041,726589,123452
Northern Ireland,2021-03-28,"Oxford/AstraZeneca, Pfizer/BioNTech",https://coronavirus.data.gov.uk/details/vaccinations,855488,730471,125017
Northern Ireland,2021-03-29,"Oxford/AstraZeneca, Pfizer/BioNTech",https://coronavirus.data.gov.uk/details/vaccinations,872751,740729,132022
Northern Ireland,2021-03-30,"Oxford/AstraZeneca, Pfizer/BioNTech",https://coronavirus.data.gov.uk/details/vaccinations,887598,749112,138486
Northern Ireland,2021-03-31,"Oxford/AstraZeneca, Pfizer/BioNTech",https://coronavirus.data.gov.uk/details/vaccinations,901766,756013,145753
Northern Ireland,2021-04-01,"Oxford/AstraZeneca, Pfizer/BioNTech",https://coronavirus.data.gov.uk/details/vaccinations,918459,765005,153454
Northern Ireland,2021-04-02,"Oxford/AstraZeneca, Pfizer/BioNTech",https://coronavirus.data.gov.uk/details/vaccinations,932502,772240,160262
Northern Ireland,2021-04-03,"Oxford/AstraZeneca, Pfizer/BioNTech",https://coronavirus.data.gov.uk/details/vaccinations,939591,777108,162483
Northern Ireland,2021-04-04,"Oxford/AstraZeneca, Pfizer/BioNTech",https://coronavirus.data.gov.uk/details/vaccinations,943750,779932,163818
Northern Ireland,2021-04-05,"Oxford/AstraZeneca, Pfizer/BioNTech",https://coronavirus.data.gov.uk/details/vaccinations,950868,785494,165374
Northern Ireland,2021-04-06,"Oxford/AstraZeneca, Pfizer/BioNTech",https://coronavirus.data.gov.uk/details/vaccinations,958783,790860,167923
Northern Ireland,2021-04-07,"Moderna, Oxford/AstraZeneca, Pfizer/BioNTech",https://coronavirus.data.gov.uk/details/vaccinations,973182,799410,173772
Northern Ireland,2021-04-08,"Moderna, Oxford/AstraZeneca, Pfizer/BioNTech",https://coronavirus.data.gov.uk/details/vaccinations,987819,806005,181814
Northern Ireland,2021-04-09,"Moderna, Oxford/AstraZeneca, Pfizer/BioNTech",https://coronavirus.data.gov.uk/details/vaccinations,1003165,813468,189697
Northern Ireland,2021-04-10,"Moderna, Oxford/AstraZeneca, Pfizer/BioNTech",https://coronavirus.data.gov.uk/details/vaccinations,1014642,820032,194610
Northern Ireland,2021-04-11,"Moderna, Oxford/AstraZeneca, Pfizer/BioNTech",https://coronavirus.data.gov.uk/details/vaccinations,1025912,826412,199500
Northern Ireland,2021-04-12,"Moderna, Oxford/AstraZeneca, Pfizer/BioNTech",https://coronavirus.data.gov.uk/details/vaccinations,1042365,831895,210470
Northern Ireland,2021-04-13,"Moderna, Oxford/AstraZeneca, Pfizer/BioNTech",https://coronavirus.data.gov.uk/details/vaccinations,1062178,838049,224129
Northern Ireland,2021-04-14,"Moderna, Oxford/AstraZeneca, Pfizer/BioNTech",https://coronavirus.data.gov.uk/details/vaccinations,1081565,844284,237281
Northern Ireland,2021-04-15,"Moderna, Oxford/AstraZeneca, Pfizer/BioNTech",https://coronavirus.data.gov.uk/details/vaccinations,1100577,850103,250474
Northern Ireland,2021-04-16,"Moderna, Oxford/AstraZeneca, Pfizer/BioNTech",https://coronavirus.data.gov.uk/details/vaccinations,1118743,855826,262917
Northern Ireland,2021-04-17,"Moderna, Oxford/AstraZeneca, Pfizer/BioNTech",https://coronavirus.data.gov.uk/details/vaccinations,1128654,860313,268341
Northern Ireland,2021-04-18,"Moderna, Oxford/AstraZeneca, Pfizer/BioNTech",https://coronavirus.data.gov.uk/details/vaccinations,1137331,863712,273619
Northern Ireland,2021-04-19,"Moderna, Oxford/AstraZeneca, Pfizer/BioNTech",https://coronavirus.data.gov.uk/details/vaccinations,1152820,869342,283478
Northern Ireland,2021-04-20,"Moderna, Oxford/AstraZeneca, Pfizer/BioNTech",https://coronavirus.data.gov.uk/details/vaccinations,1174847,876290,298557
Northern Ireland,2021-04-21,"Moderna, Oxford/AstraZeneca, Pfizer/BioNTech",https://coronavirus.data.gov.uk/details/vaccinations,1195663,883813,311850
Northern Ireland,2021-04-22,"Moderna, Oxford/AstraZeneca, Pfizer/BioNTech",https://coronavirus.data.gov.uk/details/vaccinations,1221153,892787,328366
Northern Ireland,2021-04-23,"Moderna, Oxford/AstraZeneca, Pfizer/BioNTech",https://coronavirus.data.gov.uk/details/vaccinations,1237267,898858,338409
Northern Ireland,2021-04-24,"Moderna, Oxford/AstraZeneca, Pfizer/BioNTech",https://coronavirus.data.gov.uk/details/vaccinations,1247931,905736,342195
Northern Ireland,2021-04-25,"Moderna, Oxford/AstraZeneca, Pfizer/BioNTech",https://coronavirus.data.gov.uk/details/vaccinations,1259478,912444,347034
Northern Ireland,2021-04-26,"Moderna, Oxford/AstraZeneca, Pfizer/BioNTech",https://coronavirus.data.gov.uk/details/vaccinations,1275695,919292,356403
Northern Ireland,2021-04-29,"Moderna, Oxford/AstraZeneca, Pfizer/BioNTech",https://coronavirus.data.gov.uk/details/vaccinations,1344863,927326,417537
Northern Ireland,2021-04-30,"Moderna, Oxford/AstraZeneca, Pfizer/BioNTech",https://coronavirus.data.gov.uk/details/vaccinations,1354660,932426,422234
Northern Ireland,2021-05-01,"Moderna, Oxford/AstraZeneca, Pfizer/BioNTech",https://coronavirus.data.gov.uk/details/vaccinations,1364658,937782,426876
Northern Ireland,2021-05-02,"Moderna, Oxford/AstraZeneca, Pfizer/BioNTech",https://coronavirus.data.gov.uk/details/vaccinations,1374895,943022,431873
Northern Ireland,2021-05-03,"Moderna, Oxford/AstraZeneca, Pfizer/BioNTech",https://coronavirus.data.gov.uk/details/vaccinations,1381581,944694,436887
Northern Ireland,2021-05-04,"Moderna, Oxford/AstraZeneca, Pfizer/BioNTech",https://coronavirus.data.gov.uk/details/vaccinations,1397087,950778,446309
Northern Ireland,2021-05-05,"Moderna, Oxford/AstraZeneca, Pfizer/BioNTech",https://coronavirus.data.gov.uk/details/vaccinations,1416826,957063,459763
Northern Ireland,2021-05-06,"Moderna, Oxford/AstraZeneca, Pfizer/BioNTech",https://coronavirus.data.gov.uk/details/vaccinations,1436817,963315,473502
Northern Ireland,2021-05-07,"Moderna, Oxford/AstraZeneca, Pfizer/BioNTech",https://coronavirus.data.gov.uk/details/vaccinations,1450283,968386,481897
Northern Ireland,2021-05-08,"Moderna, Oxford/AstraZeneca, Pfizer/BioNTech",https://coronavirus.data.gov.uk/details/vaccinations,1460425,972597,487828
Northern Ireland,2021-05-09,"Moderna, Oxford/AstraZeneca, Pfizer/BioNTech",https://coronavirus.data.gov.uk/details/vaccinations,1470135,976582,493553
Northern Ireland,2021-05-10,"Moderna, Oxford/AstraZeneca, Pfizer/BioNTech",https://coronavirus.data.gov.uk/details/vaccinations,1485125,982038,503087
Northern Ireland,2021-05-11,"Moderna, Oxford/AstraZeneca, Pfizer/BioNTech",https://coronavirus.data.gov.uk/details/vaccinations,1501023,986008,515015
Northern Ireland,2021-05-12,"Moderna, Oxford/AstraZeneca, Pfizer/BioNTech",https://coronavirus.data.gov.uk/details/vaccinations,1515760,989569,526191
Northern Ireland,2021-05-13,"Moderna, Oxford/AstraZeneca, Pfizer/BioNTech",https://coronavirus.data.gov.uk/details/vaccinations,1530025,992682,537343
Northern Ireland,2021-05-14,"Moderna, Oxford/AstraZeneca, Pfizer/BioNTech",https://coronavirus.data.gov.uk/details/vaccinations,1541028,994753,546275
Northern Ireland,2021-05-15,"Moderna, Oxford/AstraZeneca, Pfizer/BioNTech",https://coronavirus.data.gov.uk/details/vaccinations,1548336,995905,552431
Northern Ireland,2021-05-16,"Moderna, Oxford/AstraZeneca, Pfizer/BioNTech",https://coronavirus.data.gov.uk/details/vaccinations,1556832,997605,559227
Northern Ireland,2021-05-17,"Moderna, Oxford/AstraZeneca, Pfizer/BioNTech",https://coronavirus.data.gov.uk/details/vaccinations,1568045,1000928,567117
Northern Ireland,2021-05-18,"Moderna, Oxford/AstraZeneca, Pfizer/BioNTech",https://coronavirus.data.gov.uk/details/vaccinations,1579129,1004070,575059
Northern Ireland,2021-05-19,"Moderna, Oxford/AstraZeneca, Pfizer/BioNTech",https://coronavirus.data.gov.uk/details/vaccinations,1592566,1008589,583977
Northern Ireland,2021-05-20,"Moderna, Oxford/AstraZeneca, Pfizer/BioNTech",https://coronavirus.data.gov.uk/details/vaccinations,1604801,1011836,592965
Northern Ireland,2021-05-21,"Moderna, Oxford/AstraZeneca, Pfizer/BioNTech",https://coronavirus.data.gov.uk/details/vaccinations,1616351,1014048,602303
Northern Ireland,2021-05-22,"Moderna, Oxford/AstraZeneca, Pfizer/BioNTech",https://coronavirus.data.gov.uk/details/vaccinations,1624153,1017941,606212
Northern Ireland,2021-05-23,"Moderna, Oxford/AstraZeneca, Pfizer/BioNTech",https://coronavirus.data.gov.uk/details/vaccinations,1634089,1022025,612064
Northern Ireland,2021-05-24,"Moderna, Oxford/AstraZeneca, Pfizer/BioNTech",https://coronavirus.data.gov.uk/details/vaccinations,1647207,1026443,620764
Northern Ireland,2021-05-25,"Moderna, Oxford/AstraZeneca, Pfizer/BioNTech",https://coronavirus.data.gov.uk/details/vaccinations,1660981,1030811,630170
Northern Ireland,2021-05-26,"Moderna, Oxford/AstraZeneca, Pfizer/BioNTech",https://coronavirus.data.gov.uk/details/vaccinations,1674026,1034143,639883
Northern Ireland,2021-05-27,"Moderna, Oxford/AstraZeneca, Pfizer/BioNTech",https://coronavirus.data.gov.uk/details/vaccinations,1686410,1037892,648518
Northern Ireland,2021-05-28,"Moderna, Oxford/AstraZeneca, Pfizer/BioNTech",https://coronavirus.data.gov.uk/details/vaccinations,1695321,1040697,654624
Northern Ireland,2021-05-29,"Moderna, Oxford/AstraZeneca, Pfizer/BioNTech",https://coronavirus.data.gov.uk/details/vaccinations,1702304,1044147,658157
Northern Ireland,2021-05-30,"Moderna, Oxford/AstraZeneca, Pfizer/BioNTech",https://coronavirus.data.gov.uk/details/vaccinations,1709840,1048350,661490
Northern Ireland,2021-05-31,"Moderna, Oxford/AstraZeneca, Pfizer/BioNTech",https://coronavirus.data.gov.uk/details/vaccinations,1720107,1053150,666957
Northern Ireland,2021-06-01,"Moderna, Oxford/AstraZeneca, Pfizer/BioNTech",https://coronavirus.data.gov.uk/details/vaccinations,1737125,1061550,675575
Northern Ireland,2021-06-02,"Moderna, Oxford/AstraZeneca, Pfizer/BioNTech",https://coronavirus.data.gov.uk/details/vaccinations,1758173,1073775,684398
Northern Ireland,2021-06-03,"Moderna, Oxford/AstraZeneca, Pfizer/BioNTech",https://coronavirus.data.gov.uk/details/vaccinations,1771123,1078917,692206
Northern Ireland,2021-06-04,"Moderna, Oxford/AstraZeneca, Pfizer/BioNTech",https://coronavirus.data.gov.uk/details/vaccinations,1782596,1083278,699318
Northern Ireland,2021-06-05,"Moderna, Oxford/AstraZeneca, Pfizer/BioNTech",https://coronavirus.data.gov.uk/details/vaccinations,1790718,1087136,703582
Northern Ireland,2021-06-06,"Moderna, Oxford/AstraZeneca, Pfizer/BioNTech",https://coronavirus.data.gov.uk/details/vaccinations,1800814,1090693,710121
Northern Ireland,2021-06-07,"Moderna, Oxford/AstraZeneca, Pfizer/BioNTech",https://coronavirus.data.gov.uk/details/vaccinations,1814278,1094478,719800
Northern Ireland,2021-06-08,"Moderna, Oxford/AstraZeneca, Pfizer/BioNTech",https://coronavirus.data.gov.uk/details/vaccinations,1826614,1098614,728000
Northern Ireland,2021-06-09,"Moderna, Oxford/AstraZeneca, Pfizer/BioNTech",https://coronavirus.data.gov.uk/details/vaccinations,1837819,1101629,736190
Northern Ireland,2021-06-10,"Moderna, Oxford/AstraZeneca, Pfizer/BioNTech",https://coronavirus.data.gov.uk/details/vaccinations,1849169,1105767,743402
Northern Ireland,2021-06-11,"Moderna, Oxford/AstraZeneca, Pfizer/BioNTech",https://coronavirus.data.gov.uk/details/vaccinations,1862979,1113159,749820
Northern Ireland,2021-06-12,"Moderna, Oxford/AstraZeneca, Pfizer/BioNTech",https://coronavirus.data.gov.uk/details/vaccinations,1863947,1113591,750356
Northern Ireland,2021-06-14,"Moderna, Oxford/AstraZeneca, Pfizer/BioNTech",https://coronavirus.data.gov.uk/details/vaccinations,1878171,1115747,762424
Northern Ireland,2021-06-15,"Moderna, Oxford/AstraZeneca, Pfizer/BioNTech",https://coronavirus.data.gov.uk/details/vaccinations,1899610,1126677,772933
Northern Ireland,2021-06-16,"Moderna, Oxford/AstraZeneca, Pfizer/BioNTech",https://coronavirus.data.gov.uk/details/vaccinations,1911239,1128670,782569
Northern Ireland,2021-06-17,"Moderna, Oxford/AstraZeneca, Pfizer/BioNTech",https://coronavirus.data.gov.uk/details/vaccinations,1922617,1132546,790071
Northern Ireland,2021-06-18,"Moderna, Oxford/AstraZeneca, Pfizer/BioNTech",https://coronavirus.data.gov.uk/details/vaccinations,1932702,1135308,797394
Northern Ireland,2021-06-19,"Moderna, Oxford/AstraZeneca, Pfizer/BioNTech",https://coronavirus.data.gov.uk/details/vaccinations,1941162,1137778,803384
Northern Ireland,2021-06-20,"Moderna, Oxford/AstraZeneca, Pfizer/BioNTech",https://coronavirus.data.gov.uk/details/vaccinations,1951243,1140838,810405
Northern Ireland,2021-06-21,"Moderna, Oxford/AstraZeneca, Pfizer/BioNTech",https://coronavirus.data.gov.uk/details/vaccinations,1960401,1143223,817178
Northern Ireland,2021-06-22,"Moderna, Oxford/AstraZeneca, Pfizer/BioNTech",https://coronavirus.data.gov.uk/details/vaccinations,1971061,1147153,823908
Northern Ireland,2021-06-23,"Moderna, Oxford/AstraZeneca, Pfizer/BioNTech",https://coronavirus.data.gov.uk/details/vaccinations,1980708,1150202,830506
Northern Ireland,2021-06-24,"Moderna, Oxford/AstraZeneca, Pfizer/BioNTech",https://coronavirus.data.gov.uk/details/vaccinations,1988884,1152720,836164
Northern Ireland,2021-06-25,"Moderna, Oxford/AstraZeneca, Pfizer/BioNTech",https://coronavirus.data.gov.uk/details/vaccinations,1996954,1155288,841666
Northern Ireland,2021-06-26,"Moderna, Oxford/AstraZeneca, Pfizer/BioNTech",https://coronavirus.data.gov.uk/details/vaccinations,2003117,1157491,845626
Northern Ireland,2021-06-27,"Moderna, Oxford/AstraZeneca, Pfizer/BioNTech",https://coronavirus.data.gov.uk/details/vaccinations,2010028,1160024,850004
Northern Ireland,2021-06-28,"Moderna, Oxford/AstraZeneca, Pfizer/BioNTech",https://coronavirus.data.gov.uk/details/vaccinations,2018191,1162455,855736
Northern Ireland,2021-06-29,"Moderna, Oxford/AstraZeneca, Pfizer/BioNTech",https://coronavirus.data.gov.uk/details/vaccinations,2027724,1164792,862932
Northern Ireland,2021-06-30,"Moderna, Oxford/AstraZeneca, Pfizer/BioNTech",https://coronavirus.data.gov.uk/details/vaccinations,2038058,1166842,871216
Northern Ireland,2021-07-01,"Moderna, Oxford/AstraZeneca, Pfizer/BioNTech",https://coronavirus.data.gov.uk/details/vaccinations,2046141,1168739,877402
Northern Ireland,2021-07-02,"Moderna, Oxford/AstraZeneca, Pfizer/BioNTech",https://coronavirus.data.gov.uk/details/vaccinations,2054420,1170556,883864
Northern Ireland,2021-07-03,"Moderna, Oxford/AstraZeneca, Pfizer/BioNTech",https://coronavirus.data.gov.uk/details/vaccinations,2061988,1171653,890335
Northern Ireland,2021-07-04,"Moderna, Oxford/AstraZeneca, Pfizer/BioNTech",https://coronavirus.data.gov.uk/details/vaccinations,2070574,1173365,897209
Northern Ireland,2021-07-05,"Moderna, Oxford/AstraZeneca, Pfizer/BioNTech",https://coronavirus.data.gov.uk/details/vaccinations,2079758,1175151,904607
Northern Ireland,2021-07-06,"Moderna, Oxford/AstraZeneca, Pfizer/BioNTech",https://coronavirus.data.gov.uk/details/vaccinations,2089386,1177136,912250
Northern Ireland,2021-07-07,"Moderna, Oxford/AstraZeneca, Pfizer/BioNTech",https://coronavirus.data.gov.uk/details/vaccinations,2099174,1179096,920078
Northern Ireland,2021-07-08,"Moderna, Oxford/AstraZeneca, Pfizer/BioNTech",https://coronavirus.data.gov.uk/details/vaccinations,2107863,1181008,926855
Northern Ireland,2021-07-09,"Moderna, Oxford/AstraZeneca, Pfizer/BioNTech",https://coronavirus.data.gov.uk/details/vaccinations,2115735,1182772,932963
Northern Ireland,2021-07-10,"Moderna, Oxford/AstraZeneca, Pfizer/BioNTech",https://coronavirus.data.gov.uk/details/vaccinations,2122962,1184485,938477
