location,date,vaccine,source_url,total_vaccinations,people_vaccinated,people_fully_vaccinated
Panama,2021-01-20,Pfizer/BioNTech,https://twitter.com/EstrellaOnline/status/1362232004868194312,641,641,0
Panama,2021-01-21,Pfizer/BioNTech,https://twitter.com/EstrellaOnline/status/1362232004868194312,2728,2728,0
Panama,2021-01-22,Pfizer/BioNTech,https://twitter.com/EstrellaOnline/status/1362232004868194312,5081,5081,0
Panama,2021-01-23,Pfizer/BioNTech,https://twitter.com/EstrellaOnline/status/1362232004868194312,5594,5594,0
Panama,2021-01-24,Pfizer/BioNTech,https://twitter.com/EstrellaOnline/status/1362232004868194312,6420,6420,0
Panama,2021-01-25,Pfizer/BioNTech,https://twitter.com/EstrellaOnline/status/1362232004868194312,6597,6597,0
Panama,2021-01-26,Pfizer/BioNTech,https://twitter.com/EstrellaOnline/status/1362232004868194312,7497,7497,0
Panama,2021-01-27,Pfizer/BioNTech,https://twitter.com/EstrellaOnline/status/1362232004868194312,8546,8546,0
Panama,2021-01-28,Pfizer/BioNTech,https://twitter.com/EstrellaOnline/status/1362232004868194312,8723,8723,0
Panama,2021-01-29,Pfizer/BioNTech,https://twitter.com/EstrellaOnline/status/1362232004868194312,8772,8772,0
Panama,2021-02-01,Pfizer/BioNTech,https://twitter.com/EstrellaOnline/status/1362232004868194312,10549,10549,0
Panama,2021-02-02,Pfizer/BioNTech,https://twitter.com/EstrellaOnline/status/1362232004868194312,12013,12013,0
Panama,2021-02-03,Pfizer/BioNTech,https://twitter.com/EstrellaOnline/status/1362232004868194312,12362,12362,0
Panama,2021-02-04,Pfizer/BioNTech,https://twitter.com/EstrellaOnline/status/1362232004868194312,12428,12428,0
Panama,2021-02-05,Pfizer/BioNTech,https://twitter.com/EstrellaOnline/status/1362232004868194312,12441,12441,0
Panama,2021-02-09,Pfizer/BioNTech,https://twitter.com/MINSAPma/status/1359303504859381760,12806,12806,0
Panama,2021-02-18,Pfizer/BioNTech,https://twitter.com/MINSAPma/status/1362557418790617090,30776,28549,2227
Panama,2021-02-19,Pfizer/BioNTech,https://twitter.com/MINSAPma/status/1362933407471255556,40830,38262,2568
Panama,2021-02-20,Pfizer/BioNTech,https://twitter.com/MINSAPma/status/1363278482596388864,45535,42867,2668
Panama,2021-02-21,Pfizer/BioNTech,https://twitter.com/MINSAPma/status/1363635393103597569,47848,45014,2834
Panama,2021-02-22,Pfizer/BioNTech,https://twitter.com/MINSAPma/status/1364009616124878848,61168,57896,3272
Panama,2021-02-23,Pfizer/BioNTech,https://twitter.com/MINSAPma/status/1364406068848263168,64636,61104,3534
Panama,2021-02-24,Pfizer/BioNTech,https://twitter.com/MINSAPma/status/1364744967843962882,79989,74711,5278
Panama,2021-02-25,Pfizer/BioNTech,https://twitter.com/MINSAPma/status/1365092686705930241,89419,83733,5686
Panama,2021-02-26,Pfizer/BioNTech,https://twitter.com/MINSAPma/status/1365468967503089665,106667,100819,5848
Panama,2021-02-27,Pfizer/BioNTech,https://twitter.com/MINSAPma/status/1365813317542031363,114529,108675,5854
Panama,2021-02-28,Pfizer/BioNTech,https://twitter.com/MINSAPma/status/1366177026168791046,119176,113320,5856
Panama,2021-03-01,Pfizer/BioNTech,https://twitter.com/MINSAPma/status/1366559904119414785,122189,116326,5863
Panama,2021-03-02,Pfizer/BioNTech,https://twitter.com/MINSAPma/status/1366920535129657348,132610,126732,5878
Panama,2021-03-03,Pfizer/BioNTech,https://twitter.com/MINSAPma/status/1367254075000119297,136343,130462,5881
Panama,2021-03-04,Pfizer/BioNTech,https://twitter.com/MINSAPma/status/1367614807063601154,150411,144529,5882
Panama,2021-03-05,Pfizer/BioNTech,https://twitter.com/MINSAPma/status/1367995799452409856,166931,161039,5892
Panama,2021-03-06,Pfizer/BioNTech,https://twitter.com/MINSAPma/status/1368360967390822403,194715,191140,5892
Panama,2021-03-07,Pfizer/BioNTech,https://twitter.com/MINSAPma/status/1368733547956219907,208415,202522,5893
Panama,2021-03-08,Pfizer/BioNTech,https://twitter.com/MINSAPma/status/1369072778230501376,211751,205850,5901
Panama,2021-03-09,Pfizer/BioNTech,https://twitter.com/MINSAPma/status/1369457216869306371,214492,208590,5902
Panama,2021-03-10,Pfizer/BioNTech,https://twitter.com/MINSAPma/status/1369826724284923914,224765,218861,5904
Panama,2021-03-11,Pfizer/BioNTech,https://twitter.com/MINSAPma/status/1370185311289016326,233365,227461,5904
Panama,2021-03-18,Pfizer/BioNTech,https://twitter.com/MINSAPma/status/1372715275716558855,287086,235570,51516
Panama,2021-03-25,Pfizer/BioNTech,https://twitter.com/MINSAPma/status/1375225055714623488,329822,238228,91594
Panama,2021-03-26,Pfizer/BioNTech,https://twitter.com/MINSAPma/status/1375583976727977985,342716,243926,98790
Panama,2021-03-27,Pfizer/BioNTech,https://twitter.com/MINSAPma/status/1375970370679930880,352876,251650,101226
Panama,2021-03-28,Pfizer/BioNTech,https://twitter.com/MINSAPma/status/1376326017917333507,357431,255881,101550
Panama,2021-03-29,Pfizer/BioNTech,https://twitter.com/MINSAPma/status/1376662708737675300,358277,256704,101577
Panama,2021-04-01,Pfizer/BioNTech,https://twitter.com/MINSAPma/status/1377778846490054656,373491,269072,101722
Panama,2021-04-05,Pfizer/BioNTech,https://twitter.com/MINSAPma/status/1379229927845810177,387580,269747,117833
Panama,2021-04-06,Pfizer/BioNTech,https://twitter.com/MINSAPma/status/1379615388573519874,408618,276374,132244
Panama,2021-04-07,Pfizer/BioNTech,https://twitter.com/MINSAPma/status/1379973785332244486,440787,300804,139983
Panama,2021-04-08,Pfizer/BioNTech,https://twitter.com/MINSAPma/status/1380301588263268352,456929,311480,145449
Panama,2021-04-09,Pfizer/BioNTech,https://twitter.com/MINSAPma/status/1380688588652826625,478146,332630,145516
Panama,2021-04-10,Pfizer/BioNTech,https://twitter.com/MINSAPma/status/1381036525102710785,490911,345248,145663
Panama,2021-04-12,Pfizer/BioNTech,https://twitter.com/MINSAPma/status/1381779875862880259,505005,345894,159111
Panama,2021-04-13,Pfizer/BioNTech,https://twitter.com/MINSAPma/status/1382141574864379905,518629,349033,169596
Panama,2021-04-14,Pfizer/BioNTech,https://twitter.com/MINSAPma/status/1382468563919900672,529017,352276,176741
Panama,2021-04-15,Pfizer/BioNTech,https://twitter.com/MINSAPma/status/1382832727108546565,550860,368217,182643
Panama,2021-04-16,Pfizer/BioNTech,https://twitter.com/MINSAPma/status/1383225885428371456,557510,374250,183260
Panama,2021-04-17,Pfizer/BioNTech,https://twitter.com/MINSAPma/status/1383225885428371456,560691,377215,183476
Panama,2021-04-18,Pfizer/BioNTech,https://twitter.com/MINSAPma/status/1383949793446162432,564725,380939,183786
Panama,2021-04-19,Pfizer/BioNTech,https://twitter.com/MINSAPma/status/1384281960583860233,565471,381070,184401
Panama,2021-04-20,Pfizer/BioNTech,https://twitter.com/MINSAPma/status/1384674823624970242,569267,383997,185270
Panama,2021-04-21,Pfizer/BioNTech,https://twitter.com/MINSAPma/status/1385028828918075394,574212,388362,185850
Panama,2021-04-22,"Pfizer/BioNTech, Oxford/AstraZeneca",https://twitter.com/MINSAPma/status/1385372295603044356,590703,403926,186777
Panama,2021-04-23,"Pfizer/BioNTech, Oxford/AstraZeneca",https://twitter.com/MINSAPma/status/1385734678951440388,595807,408366,187441
Panama,2021-04-24,"Pfizer/BioNTech, Oxford/AstraZeneca",https://twitter.com/MINSAPma/status/1386097203106697216,608957,421297,187660
Panama,2021-04-25,"Pfizer/BioNTech, Oxford/AstraZeneca",https://twitter.com/MINSAPma/status/1386468166671519744,619190,431461,187729
Panama,2021-04-26,"Pfizer/BioNTech, Oxford/AstraZeneca",https://twitter.com/MINSAPma/status/1386817108328304642,622720,434695,188025
Panama,2021-04-27,"Pfizer/BioNTech, Oxford/AstraZeneca",https://twitter.com/MINSAPma/status/1387216977845002243,640507,452242,188265
Panama,2021-04-28,"Pfizer/BioNTech, Oxford/AstraZeneca",https://twitter.com/MINSAPma/status/1387585701131264000,643939,453873,190066
Panama,2021-04-29,"Pfizer/BioNTech, Oxford/AstraZeneca",https://twitter.com/MINSAPma/status/1387935992707964931,672159,482089,190070
Panama,2021-04-30,"Pfizer/BioNTech, Oxford/AstraZeneca",https://twitter.com/MINSAPma/status/1388268461294563338,672846,,190781
Panama,2021-05-02,"Pfizer/BioNTech, Oxford/AstraZeneca",https://twitter.com/MINSAPma/status/1389025402946035712,687653,,191204
Panama,2021-05-03,"Pfizer/BioNTech, Oxford/AstraZeneca",https://twitter.com/MINSAPma/status/1389360276970131456,692764,,191709
Panama,2021-05-04,"Pfizer/BioNTech, Oxford/AstraZeneca",https://twitter.com/MINSAPma/status/1389744278679826434,695783,,192016
Panama,2021-05-05,"Pfizer/BioNTech, Oxford/AstraZeneca",https://twitter.com/MINSAPma/status/1390085715032256518,706271,492348,213923
Panama,2021-05-06,"Pfizer/BioNTech, Oxford/AstraZeneca",https://twitter.com/MINSAPma/status/1390441358050144263,731189,496131,235058
Panama,2021-05-07,"Pfizer/BioNTech, Oxford/AstraZeneca",https://twitter.com/MINSAPma/status/1390810993421398026,758563,507759,250804
Panama,2021-05-08,"Pfizer/BioNTech, Oxford/AstraZeneca",https://twitter.com/MINSAPma/status/1391200262400974854,769842,514300,255542
Panama,2021-05-09,"Pfizer/BioNTech, Oxford/AstraZeneca",https://twitter.com/MINSAPma/status/1391548126616592387,770569,514959,255610
Panama,2021-05-10,"Pfizer/BioNTech, Oxford/AstraZeneca",https://twitter.com/MINSAPma/status/1391900694798651392,775995,518957,256998
Panama,2021-05-11,"Pfizer/BioNTech, Oxford/AstraZeneca",https://twitter.com/MINSAPma/status/1392296148459741187,778174,519371,258803
Panama,2021-05-12,"Pfizer/BioNTech, Oxford/AstraZeneca",https://twitter.com/MINSAPma/status/1392621192981397513,779163,520260,258903
Panama,2021-05-13,"Pfizer/BioNTech, Oxford/AstraZeneca",https://twitter.com/MINSAPma/status/1392983979825958915,787434,521445,265989
Panama,2021-05-14,"Pfizer/BioNTech, Oxford/AstraZeneca",https://twitter.com/MINSAPma/status/1393346624966074371,798711,525481,273230
Panama,2021-05-15,"Pfizer/BioNTech, Oxford/AstraZeneca",https://twitter.com/MINSAPma/status/1393707836182605837,825811,547567,278244
Panama,2021-05-16,"Pfizer/BioNTech, Oxford/AstraZeneca",https://twitter.com/MINSAPma/status/1394099728200130560,834556,556257,278299
Panama,2021-05-17,"Pfizer/BioNTech, Oxford/AstraZeneca",https://twitter.com/MINSAPma/status/1394434806352601088,844078,565026,279052
Panama,2021-05-18,"Pfizer/BioNTech, Oxford/AstraZeneca",https://twitter.com/MINSAPma/status/1394825822566068231,849376,570226,279150
Panama,2021-05-19,"Pfizer/BioNTech, Oxford/AstraZeneca",https://twitter.com/MINSAPma/status/1395157563155566598,863325,570640,292685
Panama,2021-05-20,"Pfizer/BioNTech, Oxford/AstraZeneca",https://twitter.com/MINSAPma/status/1395551618993639425,882282,576954,305328
Panama,2021-05-21,"Pfizer/BioNTech, Oxford/AstraZeneca",https://twitter.com/MINSAPma/status/1395551618993639425,908452,592674,315778
Panama,2021-05-22,"Pfizer/BioNTech, Oxford/AstraZeneca",https://twitter.com/MINSAPma/status/1396245577692819456,939728,622987,316741
Panama,2021-05-23,"Pfizer/BioNTech, Oxford/AstraZeneca",https://twitter.com/MINSAPma/status/1396612310991527938,946249,,317882
Panama,2021-05-24,"Pfizer/BioNTech, Oxford/AstraZeneca",https://twitter.com/MINSAPma/status/1396971431704113153,953508,623682,329826
Panama,2021-05-25,"Pfizer/BioNTech, Oxford/AstraZeneca",https://twitter.com/MINSAPma/status/1397359263866052609,968604,630432,338172
Panama,2021-05-26,"Pfizer/BioNTech, Oxford/AstraZeneca",https://twitter.com/MINSAPma/status/1397711293507948545,987818,646405,341413
Panama,2021-05-29,"Pfizer/BioNTech, Oxford/AstraZeneca",https://twitter.com/MINSAPma/status/1398782484180000768,1031694,662381,369313
Panama,2021-05-30,"Pfizer/BioNTech, Oxford/AstraZeneca",https://twitter.com/MINSAPma/status/1399168168833212418,1056258,680689,375569
Panama,2021-05-31,"Pfizer/BioNTech, Oxford/AstraZeneca",https://twitter.com/MINSAPma/status/1399508328699600901,1071998,694254,377734
Panama,2021-06-01,"Pfizer/BioNTech, Oxford/AstraZeneca",https://twitter.com/MINSAPma/status/1399902802231635972,1080005,700503,379502
Panama,2021-06-02,"Pfizer/BioNTech, Oxford/AstraZeneca",https://twitter.com/MINSAPma/status/1400230318855143432,1083855,,384240
Panama,2021-06-03,"Pfizer/BioNTech, Oxford/AstraZeneca",https://twitter.com/MINSAPma/status/1400622902219874305,1100689,714117,386572
Panama,2021-06-04,"Pfizer/BioNTech, Oxford/AstraZeneca",https://twitter.com/MINSAPma/status/1400958164065992707,1112847,723356,389491
Panama,2021-06-06,"Pfizer/BioNTech, Oxford/AstraZeneca",https://twitter.com/MINSAPma/status/1401698487662690305,1134516,744160,390356
Panama,2021-06-07,"Pfizer/BioNTech, Oxford/AstraZeneca",https://twitter.com/MINSAPma/status/1402063554593755168,1143067,749786,393282
Panama,2021-06-08,"Pfizer/BioNTech, Oxford/AstraZeneca",https://twitter.com/MINSAPma/status/1402431045908287490,1145654,750805,394849
Panama,2021-06-09,"Pfizer/BioNTech, Oxford/AstraZeneca",https://twitter.com/MINSAPma/status/1402776839018459139,1164396,757307,407089
Panama,2021-06-10,"Pfizer/BioNTech, Oxford/AstraZeneca",https://twitter.com/MINSAPma/status/1403145455329067012,1188731,769415,419316
Panama,2021-06-11,"Pfizer/BioNTech, Oxford/AstraZeneca",https://twitter.com/MINSAPma/status/1403517143426215939,1220209,788633,429434
Panama,2021-06-12,"Pfizer/BioNTech, Oxford/AstraZeneca",https://twitter.com/MINSAPma/status/1403889865842962432,1233583,796486,434955
Panama,2021-06-13,"Pfizer/BioNTech, Oxford/AstraZeneca",https://twitter.com/MINSAPma/status/1404281079662526465,1281550,846566,434984
Panama,2021-06-14,"Pfizer/BioNTech, Oxford/AstraZeneca",https://twitter.com/MINSAPma/status/1404579992038785026,1294993,858628,436365
Panama,2021-06-15,"Pfizer/BioNTech, Oxford/AstraZeneca",https://twitter.com/MINSAPma/status/1404984589123211264,1327999,891151,436848
Panama,2021-06-16,"Pfizer/BioNTech, Oxford/AstraZeneca",https://twitter.com/MINSAPma/status/1405346203030675463,1343784,,452808
Panama,2021-06-17,"Pfizer/BioNTech, Oxford/AstraZeneca",https://twitter.com/MINSAPma/status/1405670570650390532,1370895,,467699
Panama,2021-06-18,"Pfizer/BioNTech, Oxford/AstraZeneca",https://twitter.com/MINSAPma/status/1406075877713141761,1396100,,478426
Panama,2021-06-19,"Pfizer/BioNTech, Oxford/AstraZeneca",https://twitter.com/MINSAPma/status/1406448055692541952,1412477,929180,483297
Panama,2021-06-21,"Pfizer/BioNTech, Oxford/AstraZeneca",https://twitter.com/MINSAPma/status/1407128854414626816,1441439,953974,487465
Panama,2021-06-22,"Pfizer/BioNTech, Oxford/AstraZeneca",https://twitter.com/MINSAPma/status/1407505270117445636,1441646,,490211
Panama,2021-06-23,"Pfizer/BioNTech, Oxford/AstraZeneca",https://twitter.com/MINSAPma/status/1407846614111293440,1444047,,499244
Panama,2021-06-24,"Pfizer/BioNTech, Oxford/AstraZeneca",https://twitter.com/MINSAPma/status/1408217109243498500,1469057,961168,507889
Panama,2021-06-25,"Pfizer/BioNTech, Oxford/AstraZeneca",https://twitter.com/MINSAPma/status/1408565107412586497,1485288,970196,515092
Panama,2021-06-27,"Pfizer/BioNTech, Oxford/AstraZeneca",https://twitter.com/MINSAPma/status/1409287149573312517,1501657,,
Panama,2021-06-28,"Pfizer/BioNTech, Oxford/AstraZeneca",https://twitter.com/MINSAPma/status/1409673206315712512,1518049,994064,523985
Panama,2021-06-29,"Pfizer/BioNTech, Oxford/AstraZeneca",https://twitter.com/MINSAPma/status/1410038067730259969,1534248,1007646,526602
Panama,2021-06-30,"Pfizer/BioNTech, Oxford/AstraZeneca",https://twitter.com/MINSAPma/status/1410375110029189124,1553711,1018935,534776
Panama,2021-07-01,"Pfizer/BioNTech, Oxford/AstraZeneca",https://twitter.com/MINSAPma/status/1410763397411508224,1572931,1026456,546475
Panama,2021-07-04,"Pfizer/BioNTech, Oxford/AstraZeneca",https://twitter.com/MINSAPma/status/1411856133225123840,1600437,1038281,562156
Panama,2021-07-05,"Pfizer/BioNTech, Oxford/AstraZeneca",https://twitter.com/MINSAPma/status/1412237642519961605,1614850,1045711,569139
Panama,2021-07-06,"Pfizer/BioNTech, Oxford/AstraZeneca",https://twitter.com/MINSAPma/status/1412582466158743554,1646855,1073286,573569
Panama,2021-07-07,"Pfizer/BioNTech, Oxford/AstraZeneca",https://twitter.com/MINSAPma/status/1412933928902664196,1664002,1082807,581195
Panama,2021-07-08,"Pfizer/BioNTech, Oxford/AstraZeneca",https://twitter.com/MINSAPma/status/1413311945717977092,1688479,1096941,591538
Panama,2021-07-09,"Pfizer/BioNTech, Oxford/AstraZeneca",https://twitter.com/MINSAPma/status/1413692845190430720,1724646,1121704,602942
Panama,2021-07-11,"Pfizer/BioNTech, Oxford/AstraZeneca",https://twitter.com/MINSAPma/status/1414380513914245124,1736269,1127900,608369
