location,date,vaccine,source_url,total_vaccinations,people_vaccinated,people_fully_vaccinated
Portugal,2020-12-27,Pfizer/BioNTech,https://github.com/dssg-pt/covid19pt-data,4963,4963,0
Portugal,2020-12-28,Pfizer/BioNTech,https://github.com/dssg-pt/covid19pt-data,7754,7754,0
Portugal,2020-12-29,Pfizer/BioNTech,https://github.com/dssg-pt/covid19pt-data,20368,20368,0
Portugal,2020-12-30,Pfizer/BioNTech,https://github.com/dssg-pt/covid19pt-data,30543,30543,0
Portugal,2020-12-31,Pfizer/BioNTech,https://github.com/dssg-pt/covid19pt-data,32749,32749,0
Portugal,2021-01-01,Pfizer/BioNTech,https://github.com/dssg-pt/covid19pt-data,32749,32749,0
Portugal,2021-01-02,Pfizer/BioNTech,https://github.com/dssg-pt/covid19pt-data,32750,32750,0
Portugal,2021-01-03,Pfizer/BioNTech,https://github.com/dssg-pt/covid19pt-data,32750,32750,0
Portugal,2021-01-04,Pfizer/BioNTech,https://github.com/dssg-pt/covid19pt-data,33670,33670,0
Portugal,2021-01-05,Pfizer/BioNTech,https://github.com/dssg-pt/covid19pt-data,46433,46433,0
Portugal,2021-01-06,Pfizer/BioNTech,https://github.com/dssg-pt/covid19pt-data,61454,61454,0
Portugal,2021-01-07,Pfizer/BioNTech,https://github.com/dssg-pt/covid19pt-data,71751,71751,0
Portugal,2021-01-08,Pfizer/BioNTech,https://github.com/dssg-pt/covid19pt-data,74254,74254,0
Portugal,2021-01-09,Pfizer/BioNTech,https://github.com/dssg-pt/covid19pt-data,74352,74352,0
Portugal,2021-01-10,Pfizer/BioNTech,https://github.com/dssg-pt/covid19pt-data,74392,74392,0
Portugal,2021-01-11,Pfizer/BioNTech,https://github.com/dssg-pt/covid19pt-data,83548,83531,18
Portugal,2021-01-12,Pfizer/BioNTech,https://github.com/dssg-pt/covid19pt-data,94430,94413,18
Portugal,2021-01-13,Pfizer/BioNTech,https://github.com/dssg-pt/covid19pt-data,108229,108212,18
Portugal,2021-01-14,Pfizer/BioNTech,https://github.com/dssg-pt/covid19pt-data,119379,119362,18
Portugal,2021-01-15,Pfizer/BioNTech,https://github.com/dssg-pt/covid19pt-data,126865,126848,18
Portugal,2021-01-16,Pfizer/BioNTech,https://github.com/dssg-pt/covid19pt-data,128400,128383,18
Portugal,2021-01-18,Pfizer/BioNTech,https://github.com/dssg-pt/covid19pt-data,134057,132881,1177
Portugal,2021-01-19,Pfizer/BioNTech,https://github.com/dssg-pt/covid19pt-data,157787,148993,8795
Portugal,2021-01-20,Pfizer/BioNTech,https://github.com/dssg-pt/covid19pt-data,186720,168751,17970
Portugal,2021-01-21,Pfizer/BioNTech,https://github.com/dssg-pt/covid19pt-data,219824,196881,22944
Portugal,2021-01-22,Pfizer/BioNTech,https://github.com/dssg-pt/covid19pt-data,246083,220736,25348
Portugal,2021-01-23,Pfizer/BioNTech,https://github.com/dssg-pt/covid19pt-data,260877,231490,29388
Portugal,2021-01-24,Pfizer/BioNTech,https://github.com/dssg-pt/covid19pt-data,265052,235148,29905
Portugal,2021-01-25,Pfizer/BioNTech,https://github.com/dssg-pt/covid19pt-data,,,
Portugal,2021-01-26,Pfizer/BioNTech,https://github.com/dssg-pt/covid19pt-data,272852,,
Portugal,2021-01-27,Pfizer/BioNTech,https://github.com/dssg-pt/covid19pt-data,287766,,
Portugal,2021-01-28,Pfizer/BioNTech,https://github.com/dssg-pt/covid19pt-data,305357,,
Portugal,2021-01-29,Pfizer/BioNTech,https://github.com/dssg-pt/covid19pt-data,325090,,
Portugal,2021-01-30,Pfizer/BioNTech,https://github.com/dssg-pt/covid19pt-data,339586,274774,64813
Portugal,2021-01-31,Pfizer/BioNTech,https://github.com/dssg-pt/covid19pt-data,346124,278388,67737
Portugal,2021-02-01,Pfizer/BioNTech,https://github.com/dssg-pt/covid19pt-data,374869,296399,78409
Portugal,2021-02-02,Pfizer/BioNTech,https://github.com/dssg-pt/covid19pt-data,378422,298009,80352
Portugal,2021-02-03,Pfizer/BioNTech,https://github.com/dssg-pt/covid19pt-data,387248,301678,85509
Portugal,2021-02-04,Pfizer/BioNTech,https://github.com/dssg-pt/covid19pt-data,400514,305821,94632
Portugal,2021-02-05,Pfizer/BioNTech,https://github.com/dssg-pt/covid19pt-data,415681,311047,104573
Portugal,2021-02-06,Pfizer/BioNTech,https://github.com/dssg-pt/covid19pt-data,430391,316887,113443
Portugal,2021-02-07,Pfizer/BioNTech,https://github.com/dssg-pt/covid19pt-data,432207,317963,114183
Portugal,2021-02-08,Pfizer/BioNTech,https://github.com/dssg-pt/covid19pt-data,435821,319978,115783
Portugal,2021-02-09,"Moderna, Oxford/AstraZeneca, Pfizer/BioNTech",https://github.com/dssg-pt/covid19pt-data,439640,322355,117225
Portugal,2021-02-10,"Moderna, Oxford/AstraZeneca, Pfizer/BioNTech",https://github.com/dssg-pt/covid19pt-data,454733,326944,127729
Portugal,2021-02-11,"Moderna, Oxford/AstraZeneca, Pfizer/BioNTech",https://github.com/dssg-pt/covid19pt-data,475670,331362,144248
Portugal,2021-02-12,"Moderna, Oxford/AstraZeneca, Pfizer/BioNTech",https://github.com/dssg-pt/covid19pt-data,507769,338935,168774
Portugal,2021-02-13,"Moderna, Oxford/AstraZeneca, Pfizer/BioNTech",https://github.com/dssg-pt/covid19pt-data,544821,348897,195864
Portugal,2021-02-14,"Moderna, Oxford/AstraZeneca, Pfizer/BioNTech",https://github.com/dssg-pt/covid19pt-data,562799,357039,205700
Portugal,2021-02-15,"Moderna, Oxford/AstraZeneca, Pfizer/BioNTech",https://github.com/dssg-pt/covid19pt-data,575319,360552,214695
Portugal,2021-02-16,"Moderna, Oxford/AstraZeneca, Pfizer/BioNTech",https://github.com/dssg-pt/covid19pt-data,586084,365731,220281
Portugal,2021-02-17,"Moderna, Oxford/AstraZeneca, Pfizer/BioNTech",https://github.com/dssg-pt/covid19pt-data,602629,376244,226313
Portugal,2021-02-18,"Moderna, Oxford/AstraZeneca, Pfizer/BioNTech",https://github.com/dssg-pt/covid19pt-data,625000,390662,234266
Portugal,2021-02-19,"Moderna, Oxford/AstraZeneca, Pfizer/BioNTech",https://github.com/dssg-pt/covid19pt-data,664934,417892,246970
Portugal,2021-02-20,"Moderna, Oxford/AstraZeneca, Pfizer/BioNTech",https://github.com/dssg-pt/covid19pt-data,702709,442713,259924
Portugal,2021-02-21,"Moderna, Oxford/AstraZeneca, Pfizer/BioNTech",https://github.com/dssg-pt/covid19pt-data,721751,458251,263428
Portugal,2021-02-22,"Moderna, Oxford/AstraZeneca, Pfizer/BioNTech",https://github.com/dssg-pt/covid19pt-data,728435,463728,264625
Portugal,2021-02-23,"Moderna, Oxford/AstraZeneca, Pfizer/BioNTech",https://github.com/dssg-pt/covid19pt-data,742475,476044,266349
Portugal,2021-02-24,"Moderna, Oxford/AstraZeneca, Pfizer/BioNTech",https://github.com/dssg-pt/covid19pt-data,768895,500243,268570
Portugal,2021-02-25,"Moderna, Oxford/AstraZeneca, Pfizer/BioNTech",https://github.com/dssg-pt/covid19pt-data,800495,528354,272059
Portugal,2021-02-26,"Moderna, Oxford/AstraZeneca, Pfizer/BioNTech",https://github.com/dssg-pt/covid19pt-data,845183,569950,275151
Portugal,2021-02-27,"Moderna, Oxford/AstraZeneca, Pfizer/BioNTech",https://github.com/dssg-pt/covid19pt-data,886065,605376,280607
Portugal,2021-02-28,"Moderna, Oxford/AstraZeneca, Pfizer/BioNTech",https://github.com/dssg-pt/covid19pt-data,910100,628126,281892
Portugal,2021-03-01,"Moderna, Oxford/AstraZeneca, Pfizer/BioNTech",https://github.com/dssg-pt/covid19pt-data,925318,640124,285098
Portugal,2021-03-02,"Moderna, Oxford/AstraZeneca, Pfizer/BioNTech",https://github.com/dssg-pt/covid19pt-data,941476,654932,286448
Portugal,2021-03-03,"Moderna, Oxford/AstraZeneca, Pfizer/BioNTech",https://github.com/dssg-pt/covid19pt-data,957198,668989,288113
Portugal,2021-03-04,"Moderna, Oxford/AstraZeneca, Pfizer/BioNTech",https://github.com/dssg-pt/covid19pt-data,985500,692258,293146
Portugal,2021-03-05,"Moderna, Oxford/AstraZeneca, Pfizer/BioNTech",https://github.com/dssg-pt/covid19pt-data,1028550,729499,298955
Portugal,2021-03-06,"Moderna, Oxford/AstraZeneca, Pfizer/BioNTech",https://github.com/dssg-pt/covid19pt-data,1068399,760741,307562
Portugal,2021-03-07,"Moderna, Oxford/AstraZeneca, Pfizer/BioNTech",https://github.com/dssg-pt/covid19pt-data,1085556,773745,311715
Portugal,2021-03-08,"Moderna, Oxford/AstraZeneca, Pfizer/BioNTech",https://github.com/dssg-pt/covid19pt-data,1097057,778501,318458
Portugal,2021-03-09,"Moderna, Oxford/AstraZeneca, Pfizer/BioNTech",https://github.com/dssg-pt/covid19pt-data,1108048,787314,320636
Portugal,2021-03-10,"Moderna, Oxford/AstraZeneca, Pfizer/BioNTech",https://github.com/dssg-pt/covid19pt-data,1119042,796402,322542
Portugal,2021-03-11,"Moderna, Oxford/AstraZeneca, Pfizer/BioNTech",https://github.com/dssg-pt/covid19pt-data,1142720,811082,331540
Portugal,2021-03-12,"Moderna, Oxford/AstraZeneca, Pfizer/BioNTech",https://github.com/dssg-pt/covid19pt-data,1177842,831901,345843
Portugal,2021-03-13,"Moderna, Oxford/AstraZeneca, Pfizer/BioNTech",https://github.com/dssg-pt/covid19pt-data,1211532,852119,359315
Portugal,2021-03-14,"Moderna, Oxford/AstraZeneca, Pfizer/BioNTech",https://github.com/dssg-pt/covid19pt-data,1227830,863052,364680
Portugal,2021-03-15,"Moderna, Oxford/AstraZeneca, Pfizer/BioNTech",https://github.com/dssg-pt/covid19pt-data,1243191,872986,370103
Portugal,2021-03-16,"Moderna, Oxford/AstraZeneca, Pfizer/BioNTech",https://github.com/dssg-pt/covid19pt-data,1268162,894942,373118
Portugal,2021-03-17,"Moderna, Oxford/AstraZeneca, Pfizer/BioNTech",https://github.com/dssg-pt/covid19pt-data,1275667,896500,379065
Portugal,2021-03-18,"Moderna, Oxford/AstraZeneca, Pfizer/BioNTech",https://github.com/dssg-pt/covid19pt-data,1310112,909048,400962
Portugal,2021-03-19,"Moderna, Oxford/AstraZeneca, Pfizer/BioNTech",https://github.com/dssg-pt/covid19pt-data,1355385,920968,434315
Portugal,2021-03-20,"Moderna, Oxford/AstraZeneca, Pfizer/BioNTech",https://github.com/dssg-pt/covid19pt-data,1400242,937850,462290
Portugal,2021-03-21,"Moderna, Oxford/AstraZeneca, Pfizer/BioNTech",https://github.com/dssg-pt/covid19pt-data,1423307,948005,475200
Portugal,2021-03-22,"Moderna, Oxford/AstraZeneca, Pfizer/BioNTech",https://github.com/dssg-pt/covid19pt-data,1433869,953875,479877
Portugal,2021-03-23,"Moderna, Oxford/AstraZeneca, Pfizer/BioNTech",https://github.com/dssg-pt/covid19pt-data,1451595,963969,487509
Portugal,2021-03-24,"Moderna, Oxford/AstraZeneca, Pfizer/BioNTech",https://github.com/dssg-pt/covid19pt-data,1473904,984206,489581
Portugal,2021-03-25,"Moderna, Oxford/AstraZeneca, Pfizer/BioNTech",https://github.com/dssg-pt/covid19pt-data,1516397,1023092,493188
Portugal,2021-03-26,"Moderna, Oxford/AstraZeneca, Pfizer/BioNTech",https://github.com/dssg-pt/covid19pt-data,1587829,1090020,497692
Portugal,2021-03-27,"Moderna, Oxford/AstraZeneca, Pfizer/BioNTech",https://github.com/dssg-pt/covid19pt-data,1618537,1118272,500148
Portugal,2021-03-29,"Moderna, Oxford/AstraZeneca, Pfizer/BioNTech",https://github.com/dssg-pt/covid19pt-data,1711033,1209853,501065
Portugal,2021-03-30,"Moderna, Oxford/AstraZeneca, Pfizer/BioNTech",https://github.com/dssg-pt/covid19pt-data,1734580,1230772,503693
Portugal,2021-03-31,"Moderna, Oxford/AstraZeneca, Pfizer/BioNTech",https://github.com/dssg-pt/covid19pt-data,1765527,1258123,507289
Portugal,2021-04-01,"Moderna, Oxford/AstraZeneca, Pfizer/BioNTech",https://github.com/dssg-pt/covid19pt-data,1789203,1272092,516996
Portugal,2021-04-02,"Moderna, Oxford/AstraZeneca, Pfizer/BioNTech",https://github.com/dssg-pt/covid19pt-data,1872484,1313325,559044
Portugal,2021-04-03,"Moderna, Oxford/AstraZeneca, Pfizer/BioNTech",https://github.com/dssg-pt/covid19pt-data,1907918,1332003,575800
Portugal,2021-04-04,"Moderna, Oxford/AstraZeneca, Pfizer/BioNTech",https://github.com/dssg-pt/covid19pt-data,1925852,1342814,582923
Portugal,2021-04-05,"Moderna, Oxford/AstraZeneca, Pfizer/BioNTech",https://github.com/dssg-pt/covid19pt-data,1932166,1346884,585170
Portugal,2021-04-06,"Moderna, Oxford/AstraZeneca, Pfizer/BioNTech",https://github.com/dssg-pt/covid19pt-data,1964811,1373609,591090
Portugal,2021-04-07,"Moderna, Oxford/AstraZeneca, Pfizer/BioNTech",https://github.com/dssg-pt/covid19pt-data,2004529,1410245,594172
Portugal,2021-04-08,"Moderna, Oxford/AstraZeneca, Pfizer/BioNTech",https://github.com/dssg-pt/covid19pt-data,2066377,1461654,604611
Portugal,2021-04-09,"Moderna, Oxford/AstraZeneca, Pfizer/BioNTech",https://github.com/dssg-pt/covid19pt-data,2136869,1517140,619617
Portugal,2021-04-10,"Moderna, Oxford/AstraZeneca, Pfizer/BioNTech",https://github.com/dssg-pt/covid19pt-data,2206428,1574114,632202
Portugal,2021-04-11,"Moderna, Oxford/AstraZeneca, Pfizer/BioNTech",https://github.com/dssg-pt/covid19pt-data,2219339,1584919,634308
Portugal,2021-04-12,"Moderna, Oxford/AstraZeneca, Pfizer/BioNTech",https://github.com/dssg-pt/covid19pt-data,2240816,1602816,637909
Portugal,2021-04-13,"Moderna, Oxford/AstraZeneca, Pfizer/BioNTech",https://github.com/dssg-pt/covid19pt-data,2272800,1632638,640071
Portugal,2021-04-14,"Moderna, Oxford/AstraZeneca, Pfizer/BioNTech",https://github.com/dssg-pt/covid19pt-data,2317027,1675085,641851
Portugal,2021-04-15,"Moderna, Oxford/AstraZeneca, Pfizer/BioNTech",https://github.com/dssg-pt/covid19pt-data,2380580,1727745,652744
Portugal,2021-04-16,"Moderna, Oxford/AstraZeneca, Pfizer/BioNTech",https://github.com/dssg-pt/covid19pt-data,2450224,1787258,662875
Portugal,2021-04-17,"Moderna, Oxford/AstraZeneca, Pfizer/BioNTech",https://github.com/dssg-pt/covid19pt-data,2518019,1835098,682830
Portugal,2021-04-18,"Moderna, Oxford/AstraZeneca, Pfizer/BioNTech",https://github.com/dssg-pt/covid19pt-data,2636837,1948986,687760
Portugal,2021-04-19,"Moderna, Oxford/AstraZeneca, Pfizer/BioNTech",https://github.com/dssg-pt/covid19pt-data,2719207,2027295,691817
Portugal,2021-04-20,"Moderna, Oxford/AstraZeneca, Pfizer/BioNTech",https://github.com/dssg-pt/covid19pt-data,2751571,2048492,702984
Portugal,2021-04-21,"Moderna, Oxford/AstraZeneca, Pfizer/BioNTech",https://github.com/dssg-pt/covid19pt-data,2789784,2077729,711960
Portugal,2021-04-22,"Moderna, Oxford/AstraZeneca, Pfizer/BioNTech",https://github.com/dssg-pt/covid19pt-data,2843653,2107711,735847
Portugal,2021-04-23,"Moderna, Oxford/AstraZeneca, Pfizer/BioNTech",https://github.com/dssg-pt/covid19pt-data,2911461,2136188,775178
Portugal,2021-04-24,"Moderna, Oxford/AstraZeneca, Pfizer/BioNTech",https://github.com/dssg-pt/covid19pt-data,2989017,2175809,813113
Portugal,2021-04-25,"Moderna, Oxford/AstraZeneca, Pfizer/BioNTech",https://github.com/dssg-pt/covid19pt-data,3032630,2207140,825395
Portugal,2021-04-26,"Johnson&Johnson, Moderna, Oxford/AstraZeneca, Pfizer/BioNTech",https://github.com/dssg-pt/covid19pt-data,3067486,2237119,830261
Portugal,2021-04-27,"Johnson&Johnson, Moderna, Oxford/AstraZeneca, Pfizer/BioNTech",https://github.com/dssg-pt/covid19pt-data,3116385,2277401,838878
Portugal,2021-04-28,"Johnson&Johnson, Moderna, Oxford/AstraZeneca, Pfizer/BioNTech",https://github.com/dssg-pt/covid19pt-data,3165766,2316582,849078
Portugal,2021-04-29,"Johnson&Johnson, Moderna, Oxford/AstraZeneca, Pfizer/BioNTech",https://github.com/dssg-pt/covid19pt-data,3238537,2370495,867936
Portugal,2021-04-30,"Johnson&Johnson, Moderna, Oxford/AstraZeneca, Pfizer/BioNTech",https://github.com/dssg-pt/covid19pt-data,3319344,2433071,886167
Portugal,2021-05-01,"Johnson&Johnson, Moderna, Oxford/AstraZeneca, Pfizer/BioNTech",https://github.com/dssg-pt/covid19pt-data,3405647,2502346,903195
Portugal,2021-05-02,"Johnson&Johnson, Moderna, Oxford/AstraZeneca, Pfizer/BioNTech",https://github.com/dssg-pt/covid19pt-data,3457151,2544406,912639
Portugal,2021-05-03,"Johnson&Johnson, Moderna, Oxford/AstraZeneca, Pfizer/BioNTech",https://github.com/dssg-pt/covid19pt-data,3501251,2582642,919771
Portugal,2021-05-04,"Johnson&Johnson, Moderna, Oxford/AstraZeneca, Pfizer/BioNTech",https://github.com/dssg-pt/covid19pt-data,3566311,2634086,933387
Portugal,2021-05-05,"Johnson&Johnson, Moderna, Oxford/AstraZeneca, Pfizer/BioNTech",https://github.com/dssg-pt/covid19pt-data,3643418,2694284,950296
Portugal,2021-05-06,"Johnson&Johnson, Moderna, Oxford/AstraZeneca, Pfizer/BioNTech",https://github.com/dssg-pt/covid19pt-data,3734347,2742841,992668
Portugal,2021-05-07,"Johnson&Johnson, Moderna, Oxford/AstraZeneca, Pfizer/BioNTech",https://github.com/dssg-pt/covid19pt-data,3835371,2792568,1043965
Portugal,2021-05-08,"Johnson&Johnson, Moderna, Oxford/AstraZeneca, Pfizer/BioNTech",https://github.com/dssg-pt/covid19pt-data,3939621,2840000,1100783
Portugal,2021-05-09,"Johnson&Johnson, Moderna, Oxford/AstraZeneca, Pfizer/BioNTech",https://github.com/dssg-pt/covid19pt-data,4022106,2908597,1114671
Portugal,2021-05-10,"Johnson&Johnson, Moderna, Oxford/AstraZeneca, Pfizer/BioNTech",https://github.com/dssg-pt/covid19pt-data,4088302,2964085,1137682
Portugal,2021-05-11,"Johnson&Johnson, Moderna, Oxford/AstraZeneca, Pfizer/BioNTech",https://github.com/dssg-pt/covid19pt-data,4166848,3022946,1157367
Portugal,2021-05-12,"Johnson&Johnson, Moderna, Oxford/AstraZeneca, Pfizer/BioNTech",https://github.com/dssg-pt/covid19pt-data,4236159,3076190,1173434
Portugal,2021-05-13,"Johnson&Johnson, Moderna, Oxford/AstraZeneca, Pfizer/BioNTech",https://github.com/dssg-pt/covid19pt-data,4304558,3129472,1188551
Portugal,2021-05-14,"Johnson&Johnson, Moderna, Oxford/AstraZeneca, Pfizer/BioNTech",https://github.com/dssg-pt/covid19pt-data,4377055,3182372,1208148
Portugal,2021-05-15,"Johnson&Johnson, Moderna, Oxford/AstraZeneca, Pfizer/BioNTech",https://github.com/dssg-pt/covid19pt-data,4456897,3206021,1264340
Portugal,2021-05-16,"Johnson&Johnson, Moderna, Oxford/AstraZeneca, Pfizer/BioNTech",https://github.com/dssg-pt/covid19pt-data,4586747,3212043,1388168
Portugal,2021-05-17,"Johnson&Johnson, Moderna, Oxford/AstraZeneca, Pfizer/BioNTech",https://github.com/dssg-pt/covid19pt-data,4679734,3269618,1441311
Portugal,2021-05-18,"Johnson&Johnson, Moderna, Oxford/AstraZeneca, Pfizer/BioNTech",https://github.com/dssg-pt/covid19pt-data,4748204,3317393,1462006
Portugal,2021-05-19,"Johnson&Johnson, Moderna, Oxford/AstraZeneca, Pfizer/BioNTech",https://github.com/dssg-pt/covid19pt-data,4827700,3373328,1485567
Portugal,2021-05-20,"Johnson&Johnson, Moderna, Oxford/AstraZeneca, Pfizer/BioNTech",https://github.com/dssg-pt/covid19pt-data,4906996,3426075,1512116
Portugal,2021-05-21,"Johnson&Johnson, Moderna, Oxford/AstraZeneca, Pfizer/BioNTech",https://github.com/dssg-pt/covid19pt-data,4989647,3480482,1540360
Portugal,2021-05-22,"Johnson&Johnson, Moderna, Oxford/AstraZeneca, Pfizer/BioNTech",https://github.com/dssg-pt/covid19pt-data,5075101,3529822,1576474
Portugal,2021-05-23,"Johnson&Johnson, Moderna, Oxford/AstraZeneca, Pfizer/BioNTech",https://github.com/dssg-pt/covid19pt-data,5146167,3566351,1611011
Portugal,2021-05-24,"Johnson&Johnson, Moderna, Oxford/AstraZeneca, Pfizer/BioNTech",https://github.com/dssg-pt/covid19pt-data,5202267,3597557,1659721
Portugal,2021-05-25,"Johnson&Johnson, Moderna, Oxford/AstraZeneca, Pfizer/BioNTech",https://github.com/dssg-pt/covid19pt-data,5270213,3641079,1684145
Portugal,2021-05-26,"Johnson&Johnson, Moderna, Oxford/AstraZeneca, Pfizer/BioNTech",https://github.com/dssg-pt/covid19pt-data,5339015,3690559,1703467
Portugal,2021-05-27,"Johnson&Johnson, Moderna, Oxford/AstraZeneca, Pfizer/BioNTech",https://github.com/dssg-pt/covid19pt-data,5426859,3734952,1746918
Portugal,2021-05-28,"Johnson&Johnson, Moderna, Oxford/AstraZeneca, Pfizer/BioNTech",https://github.com/dssg-pt/covid19pt-data,5525878,3776811,1804078
Portugal,2021-05-29,"Johnson&Johnson, Moderna, Oxford/AstraZeneca, Pfizer/BioNTech",https://github.com/dssg-pt/covid19pt-data,5629636,3816193,1868454
Portugal,2021-05-30,"Johnson&Johnson, Moderna, Oxford/AstraZeneca, Pfizer/BioNTech",https://github.com/dssg-pt/covid19pt-data,5702885,3850305,1907591
Portugal,2021-05-31,"Johnson&Johnson, Moderna, Oxford/AstraZeneca, Pfizer/BioNTech",https://github.com/dssg-pt/covid19pt-data,5759884,3877433,1986586
Portugal,2021-06-01,"Johnson&Johnson, Moderna, Oxford/AstraZeneca, Pfizer/BioNTech",https://github.com/dssg-pt/covid19pt-data,5830004,3909488,2024651
Portugal,2021-06-02,"Johnson&Johnson, Moderna, Oxford/AstraZeneca, Pfizer/BioNTech",https://github.com/dssg-pt/covid19pt-data,5918760,3951128,2071767
Portugal,2021-06-03,"Johnson&Johnson, Moderna, Oxford/AstraZeneca, Pfizer/BioNTech",https://github.com/dssg-pt/covid19pt-data,6008241,4004318,2108058
Portugal,2021-06-04,"Johnson&Johnson, Moderna, Oxford/AstraZeneca, Pfizer/BioNTech",https://github.com/dssg-pt/covid19pt-data,6079885,4046177,2137843
Portugal,2021-06-05,"Johnson&Johnson, Moderna, Oxford/AstraZeneca, Pfizer/BioNTech",https://github.com/dssg-pt/covid19pt-data,6170558,4095224,2179469
Portugal,2021-06-06,"Johnson&Johnson, Moderna, Oxford/AstraZeneca, Pfizer/BioNTech",https://github.com/dssg-pt/covid19pt-data,6251488,4131054,2224569
Portugal,2021-06-07,"Johnson&Johnson, Moderna, Oxford/AstraZeneca, Pfizer/BioNTech",https://github.com/dssg-pt/covid19pt-data,6325160,4162603,2322922
Portugal,2021-06-08,"Johnson&Johnson, Moderna, Oxford/AstraZeneca, Pfizer/BioNTech",https://github.com/dssg-pt/covid19pt-data,6429375,4215608,2374132
Portugal,2021-06-09,"Johnson&Johnson, Moderna, Oxford/AstraZeneca, Pfizer/BioNTech",https://github.com/dssg-pt/covid19pt-data,6524878,4277210,2408033
Portugal,2021-06-10,"Johnson&Johnson, Moderna, Oxford/AstraZeneca, Pfizer/BioNTech",https://github.com/dssg-pt/covid19pt-data,6624195,4342587,2441973
Portugal,2021-06-11,"Johnson&Johnson, Moderna, Oxford/AstraZeneca, Pfizer/BioNTech",https://github.com/dssg-pt/covid19pt-data,6736584,4416705,2480244
Portugal,2021-06-12,"Johnson&Johnson, Moderna, Oxford/AstraZeneca, Pfizer/BioNTech",https://github.com/dssg-pt/covid19pt-data,6793028,4447459,2505934
Portugal,2021-06-13,"Johnson&Johnson, Moderna, Oxford/AstraZeneca, Pfizer/BioNTech",https://github.com/dssg-pt/covid19pt-data,6864051,4512466,2511950
Portugal,2021-06-14,"Johnson&Johnson, Moderna, Oxford/AstraZeneca, Pfizer/BioNTech",https://github.com/dssg-pt/covid19pt-data,6929632,4546745,2571145
Portugal,2021-06-15,"Johnson&Johnson, Moderna, Oxford/AstraZeneca, Pfizer/BioNTech",https://github.com/dssg-pt/covid19pt-data,7022801,4604192,2606867
Portugal,2021-06-16,"Johnson&Johnson, Moderna, Oxford/AstraZeneca, Pfizer/BioNTech",https://github.com/dssg-pt/covid19pt-data,7125219,4654909,2658568
Portugal,2021-06-17,"Johnson&Johnson, Moderna, Oxford/AstraZeneca, Pfizer/BioNTech",https://github.com/dssg-pt/covid19pt-data,7236255,4716626,2707887
Portugal,2021-06-18,"Johnson&Johnson, Moderna, Oxford/AstraZeneca, Pfizer/BioNTech",https://github.com/dssg-pt/covid19pt-data,7404575,4815050,2777783
Portugal,2021-06-19,"Johnson&Johnson, Moderna, Oxford/AstraZeneca, Pfizer/BioNTech",https://github.com/dssg-pt/covid19pt-data,7455420,4838447,2805231
Portugal,2021-06-20,"Johnson&Johnson, Moderna, Oxford/AstraZeneca, Pfizer/BioNTech",https://github.com/dssg-pt/covid19pt-data,7593897,4885806,2896349
Portugal,2021-06-21,"Johnson&Johnson, Moderna, Oxford/AstraZeneca, Pfizer/BioNTech",https://github.com/dssg-pt/covid19pt-data,7654120,4921084,2955992
Portugal,2021-06-22,"Johnson&Johnson, Moderna, Oxford/AstraZeneca, Pfizer/BioNTech",https://github.com/dssg-pt/covid19pt-data,7685231,4936598,2971589
Portugal,2021-06-23,"Johnson&Johnson, Moderna, Oxford/AstraZeneca, Pfizer/BioNTech",https://github.com/dssg-pt/covid19pt-data,7791851,4991770,3023037
Portugal,2021-06-24,"Johnson&Johnson, Moderna, Oxford/AstraZeneca, Pfizer/BioNTech",https://github.com/dssg-pt/covid19pt-data,7902359,5052416,3072899
Portugal,2021-06-25,"Johnson&Johnson, Moderna, Oxford/AstraZeneca, Pfizer/BioNTech",https://github.com/dssg-pt/covid19pt-data,8013745,5115665,3121036
Portugal,2021-06-26,"Johnson&Johnson, Moderna, Oxford/AstraZeneca, Pfizer/BioNTech",https://github.com/dssg-pt/covid19pt-data,8123372,5181003,3165325
Portugal,2021-06-27,"Johnson&Johnson, Moderna, Oxford/AstraZeneca, Pfizer/BioNTech",https://github.com/dssg-pt/covid19pt-data,8221456,5242026,3202386
Portugal,2021-06-28,"Johnson&Johnson, Moderna, Oxford/AstraZeneca, Pfizer/BioNTech",https://github.com/dssg-pt/covid19pt-data,8365614,5334116,3296740
Portugal,2021-06-29,"Johnson&Johnson, Moderna, Oxford/AstraZeneca, Pfizer/BioNTech",https://github.com/dssg-pt/covid19pt-data,8480301,5396586,3348957
Portugal,2021-06-30,"Johnson&Johnson, Moderna, Oxford/AstraZeneca, Pfizer/BioNTech",https://github.com/dssg-pt/covid19pt-data,,,
Portugal,2021-07-01,"Johnson&Johnson, Moderna, Oxford/AstraZeneca, Pfizer/BioNTech",https://github.com/dssg-pt/covid19pt-data,,,
Portugal,2021-07-02,"Johnson&Johnson, Moderna, Oxford/AstraZeneca, Pfizer/BioNTech",https://github.com/dssg-pt/covid19pt-data,,,
Portugal,2021-07-03,"Johnson&Johnson, Moderna, Oxford/AstraZeneca, Pfizer/BioNTech",https://github.com/dssg-pt/covid19pt-data,,,
Portugal,2021-07-04,"Johnson&Johnson, Moderna, Oxford/AstraZeneca, Pfizer/BioNTech",https://github.com/dssg-pt/covid19pt-data,,,
Portugal,2021-07-05,"Johnson&Johnson, Moderna, Oxford/AstraZeneca, Pfizer/BioNTech",https://github.com/dssg-pt/covid19pt-data,9173720,5740878,3720680
Portugal,2021-07-06,"Johnson&Johnson, Moderna, Oxford/AstraZeneca, Pfizer/BioNTech",https://github.com/dssg-pt/covid19pt-data,9320088,5809328,3798598
Portugal,2021-07-07,"Johnson&Johnson, Moderna, Oxford/AstraZeneca, Pfizer/BioNTech",https://github.com/dssg-pt/covid19pt-data,9478791,5877855,3888774
Portugal,2021-07-08,"Johnson&Johnson, Moderna, Oxford/AstraZeneca, Pfizer/BioNTech",https://github.com/dssg-pt/covid19pt-data,9660794,5953680,3994952
