location,date,vaccine,source_url,total_vaccinations,people_vaccinated,people_fully_vaccinated
Russia,2020-12-15,Sputnik V,http://government.ru/news/41122/,28500,28500,
Russia,2020-12-22,Sputnik V,https://tass.com/society/1238521,52000,52000,
Russia,2021-01-02,Sputnik V,https://tass.com/society/1241979,800000,800000,
Russia,2021-01-13,Sputnik V,https://twitter.com/redouad/status/1350030539944820736,1000000,1000000,
Russia,2021-03-02,"Sputnik V, EpiVacCorona",https://gogov.ru/articles/covid-v-stats,5249831,4158334,1091497
Russia,2021-03-03,"Sputnik V, EpiVacCorona",https://gogov.ru/articles/covid-v-stats,5489342,4287423,1201919
Russia,2021-03-04,"Sputnik V, EpiVacCorona",https://gogov.ru/articles/covid-v-stats,6010744,4701175,1309569
Russia,2021-03-05,"Sputnik V, EpiVacCorona",https://gogov.ru/articles/covid-v-stats,6301854,4908178,1393676
Russia,2021-03-06,"Sputnik V, EpiVacCorona",https://gogov.ru/articles/covid-v-stats,6583873,5082127,1501746
Russia,2021-03-07,"Sputnik V, EpiVacCorona",https://gogov.ru/articles/covid-v-stats,6655487,5128138,1527349
Russia,2021-03-08,"Sputnik V, EpiVacCorona",https://gogov.ru/articles/covid-v-stats,6669466,5136605,1532861
Russia,2021-03-09,"Sputnik V, EpiVacCorona",https://gogov.ru/articles/covid-v-stats,6694349,5149589,1544760
Russia,2021-03-10,"Sputnik V, EpiVacCorona",https://gogov.ru/articles/covid-v-stats,7048129,5272651,1775478
Russia,2021-03-11,"Sputnik V, EpiVacCorona",https://gogov.ru/articles/covid-v-stats,7273933,5366009,1907924
Russia,2021-03-17,"Sputnik V, EpiVacCorona",https://gogov.ru/articles/covid-v-stats,7818009,5379359,2438650
Russia,2021-03-18,"Sputnik V, EpiVacCorona",https://gogov.ru/articles/covid-v-stats,7909438,5431048,2478390
Russia,2021-03-19,"Sputnik V, EpiVacCorona",https://gogov.ru/articles/covid-v-stats,8185944,5544777,2641167
Russia,2021-03-20,"Sputnik V, EpiVacCorona",https://gogov.ru/articles/covid-v-stats,8306498,5595893,2710605
Russia,2021-03-21,"Sputnik V, EpiVacCorona",https://gogov.ru/articles/covid-v-stats,8362575,5611139,2751436
Russia,2021-03-29,"Sputnik V, EpiVacCorona",https://gogov.ru/articles/covid-v-stats,11124350,6846664,4277686
Russia,2021-03-30,"Sputnik V, EpiVacCorona",https://gogov.ru/articles/covid-v-stats,11183108,6886259,4296849
Russia,2021-03-31,"Sputnik V, EpiVacCorona",https://gogov.ru/articles/covid-v-stats,11373572,7004336,4369236
Russia,2021-04-01,"Sputnik V, EpiVacCorona",https://gogov.ru/articles/covid-v-stats,11642295,7159411,4482884
Russia,2021-04-02,"Sputnik V, EpiVacCorona",https://gogov.ru/articles/covid-v-stats,11779295,7247479,4531816
Russia,2021-04-03,"Sputnik V, EpiVacCorona",https://gogov.ru/articles/covid-v-stats,12038859,7445035,4593824
Russia,2021-04-04,"Sputnik V, EpiVacCorona",https://gogov.ru/articles/covid-v-stats,12120810,7505764,4615046
Russia,2021-04-05,"Sputnik V, EpiVacCorona",https://gogov.ru/articles/covid-v-stats,12215342,7576640,4638702
Russia,2021-04-06,"Sputnik V, EpiVacCorona",https://gogov.ru/articles/covid-v-stats,12474954,7753876,4721078
Russia,2021-04-07,"Sputnik V, EpiVacCorona",https://gogov.ru/articles/covid-v-stats,13047800,7908918,5138882
Russia,2021-04-08,"Sputnik V, EpiVacCorona",https://gogov.ru/articles/covid-v-stats,13354502,8146598,5207904
Russia,2021-04-09,"Sputnik V, EpiVacCorona",https://gogov.ru/articles/covid-v-stats,13628879,8333331,5295548
Russia,2021-04-10,"Sputnik V, EpiVacCorona",https://gogov.ru/articles/covid-v-stats,13977397,8575951,5401446
Russia,2021-04-11,"Sputnik V, EpiVacCorona",https://gogov.ru/articles/covid-v-stats,14108341,8692848,5415493
Russia,2021-04-12,"Sputnik V, EpiVacCorona",https://gogov.ru/articles/covid-v-stats,14269543,8808044,5461499
Russia,2021-04-13,"Sputnik V, EpiVacCorona",https://gogov.ru/articles/covid-v-stats,14583881,9037705,5546176
Russia,2021-04-14,"Sputnik V, EpiVacCorona",https://gogov.ru/articles/covid-v-stats,14967802,9343939,5623863
Russia,2021-04-15,"Sputnik V, EpiVacCorona",https://gogov.ru/articles/covid-v-stats,15164099,9473241,5690858
Russia,2021-04-16,"Sputnik V, EpiVacCorona",https://gogov.ru/articles/covid-v-stats,15469617,9731470,5738147
Russia,2021-04-17,"Sputnik V, EpiVacCorona",https://gogov.ru/articles/covid-v-stats,15700803,9918665,5782138
Russia,2021-04-18,"Sputnik V, EpiVacCorona",https://gogov.ru/articles/covid-v-stats,16167151,10019885,6147266
Russia,2021-04-19,"Sputnik V, EpiVacCorona",https://gogov.ru/articles/covid-v-stats,16237319,10077017,6160302
Russia,2021-04-20,"Sputnik V, EpiVacCorona",https://gogov.ru/articles/covid-v-stats,16567842,10341593,6226249
Russia,2021-04-21,"Sputnik V, EpiVacCorona",https://gogov.ru/articles/covid-v-stats,16821267,10520393,6300874
Russia,2021-04-22,"Sputnik V, EpiVacCorona",https://gogov.ru/articles/covid-v-stats,17218313,10787419,6430894
Russia,2021-04-23,"Sputnik V, EpiVacCorona",https://gogov.ru/articles/covid-v-stats,17535826,10997801,6538025
Russia,2021-04-24,"Sputnik V, EpiVacCorona",https://gogov.ru/articles/covid-v-stats,18080498,11312625,6767873
Russia,2021-04-25,"Sputnik V, EpiVacCorona",https://gogov.ru/articles/covid-v-stats,18152707,11362893,6789814
Russia,2021-04-26,"Sputnik V, EpiVacCorona",https://gogov.ru/articles/covid-v-stats,18315316,11445394,6869922
Russia,2021-04-27,"Sputnik V, EpiVacCorona",https://gogov.ru/articles/covid-v-stats,18557064,11599037,6958027
Russia,2021-04-28,"Sputnik V, EpiVacCorona",https://gogov.ru/articles/covid-v-stats,19043771,11913555,7130216
Russia,2021-04-29,"Sputnik V, EpiVacCorona",https://gogov.ru/articles/covid-v-stats,19523861,12152170,7371691
Russia,2021-04-30,"Sputnik V, EpiVacCorona",https://gogov.ru/articles/covid-v-stats,19834392,12299770,7534622
Russia,2021-05-01,"Sputnik V, EpiVacCorona",https://gogov.ru/articles/covid-v-stats,19934399,12377978,7556421
Russia,2021-05-02,"Sputnik V, EpiVacCorona",https://gogov.ru/articles/covid-v-stats,20070743,12431003,7639740
Russia,2021-05-03,"Sputnik V, EpiVacCorona",https://gogov.ru/articles/covid-v-stats,20110554,12449156,7661398
Russia,2021-05-04,"Sputnik V, EpiVacCorona",https://gogov.ru/articles/covid-v-stats,20168443,12478994,7689449
Russia,2021-05-05,"Sputnik V, EpiVacCorona",https://gogov.ru/articles/covid-v-stats,20720147,12704207,8015940
Russia,2021-05-06,"Sputnik V, EpiVacCorona",https://gogov.ru/articles/covid-v-stats,21177713,12893563,8284150
Russia,2021-05-07,"Sputnik V, EpiVacCorona",https://gogov.ru/articles/covid-v-stats,21296747,12940465,8356282
Russia,2021-05-08,"Sputnik V, EpiVacCorona",https://gogov.ru/articles/covid-v-stats,21597074,13056228,8540846
Russia,2021-05-10,"Sputnik V, EpiVacCorona",https://gogov.ru/articles/covid-v-stats,21786131,13165465,8620666
Russia,2021-05-11,"Sputnik V, EpiVacCorona",https://gogov.ru/articles/covid-v-stats,21844382,13205698,8638684
Russia,2021-05-12,"Sputnik V, EpiVacCorona",https://gogov.ru/articles/covid-v-stats,22575945,13566658,9009287
Russia,2021-05-13,"Sputnik V, EpiVacCorona",https://gogov.ru/articles/covid-v-stats,22782931,13653498,9129433
Russia,2021-05-14,"Sputnik V, EpiVacCorona",https://gogov.ru/articles/covid-v-stats,23292045,13856566,9435479
Russia,2021-05-15,"Sputnik V, EpiVacCorona",https://gogov.ru/articles/covid-v-stats,23858201,14265642,9592559
Russia,2021-05-16,"Sputnik V, EpiVacCorona",https://gogov.ru/articles/covid-v-stats,23970334,14313416,9656918
Russia,2021-05-17,"Sputnik V, EpiVacCorona",https://gogov.ru/articles/covid-v-stats,24087535,14361832,9725703
Russia,2021-05-18,"Sputnik V, EpiVacCorona",https://gogov.ru/articles/covid-v-stats,24519227,14592957,9926270
Russia,2021-05-19,"Sputnik V, EpiVacCorona",https://gogov.ru/articles/covid-v-stats,24862902,14718070,10144832
Russia,2021-05-20,"Sputnik V, EpiVacCorona",https://gogov.ru/articles/covid-v-stats,25166959,14888987,10277972
Russia,2021-05-21,"Sputnik V, EpiVacCorona",https://gogov.ru/articles/covid-v-stats,25468057,15031015,10437042
Russia,2021-05-22,"Sputnik V, EpiVacCorona",https://gogov.ru/articles/covid-v-stats,26419720,15325919,11093801
Russia,2021-05-23,"Sputnik V, EpiVacCorona",https://gogov.ru/articles/covid-v-stats,26472510,15360666,11111844
Russia,2021-05-24,"Sputnik V, EpiVacCorona",https://gogov.ru/articles/covid-v-stats,26802324,15610238,11192086
Russia,2021-05-25,"Sputnik V, EpiVacCorona",https://gogov.ru/articles/covid-v-stats,27026797,15768938,11257859
Russia,2021-05-26,"Sputnik V, EpiVacCorona",https://gogov.ru/articles/covid-v-stats,27611859,16159658,11452201
Russia,2021-05-27,"Sputnik V, EpiVacCorona",https://gogov.ru/articles/covid-v-stats,27739956,16225813,11514143
Russia,2021-05-28,"Sputnik V, EpiVacCorona",https://gogov.ru/articles/covid-v-stats,28112894,16331436,11781458
Russia,2021-05-29,"Sputnik V, EpiVacCorona",https://gogov.ru/articles/covid-v-stats,28365082,16470154,11894928
Russia,2021-05-30,"Sputnik V, EpiVacCorona",https://gogov.ru/articles/covid-v-stats,28449552,16528341,11921211
Russia,2021-05-31,"Sputnik V, EpiVacCorona",https://gogov.ru/articles/covid-v-stats,28501637,16576370,11925267
Russia,2021-06-01,"Sputnik V, EpiVacCorona",https://gogov.ru/articles/covid-v-stats,29325191,16708973,12616218
Russia,2021-06-02,"Sputnik V, EpiVacCorona",https://gogov.ru/articles/covid-v-stats,29792970,16995885,12797085
Russia,2021-06-03,"Sputnik V, EpiVacCorona",https://gogov.ru/articles/covid-v-stats,30001530,17136365,12865165
Russia,2021-06-04,"Sputnik V, EpiVacCorona",https://gogov.ru/articles/covid-v-stats,30501660,17426711,13074949
Russia,2021-06-05,"Sputnik V, EpiVacCorona",https://gogov.ru/articles/covid-v-stats,30606544,17490525,13116019
Russia,2021-06-06,"Sputnik V, EpiVacCorona",https://gogov.ru/articles/covid-v-stats,30708050,17556908,13151142
Russia,2021-06-07,"Sputnik V, EpiVacCorona",https://gogov.ru/articles/covid-v-stats,31050172,17673241,13376931
Russia,2021-06-08,"Sputnik V, EpiVacCorona",https://gogov.ru/articles/covid-v-stats,31295788,17782159,13513629
Russia,2021-06-09,"Sputnik V, EpiVacCorona",https://gogov.ru/articles/covid-v-stats,31605719,17954601,13651118
Russia,2021-06-10,"Sputnik V, EpiVacCorona",https://gogov.ru/articles/covid-v-stats,31953145,18119483,13833662
Russia,2021-06-11,"Sputnik V, EpiVacCorona",https://gogov.ru/articles/covid-v-stats,32267143,18274820,13992323
Russia,2021-06-12,"Sputnik V, EpiVacCorona",https://gogov.ru/articles/covid-v-stats,32734213,18462055,14272158
Russia,2021-06-13,"Sputnik V, EpiVacCorona",https://gogov.ru/articles/covid-v-stats,32831196,18514644,14316552
Russia,2021-06-14,"Sputnik V, EpiVacCorona",https://gogov.ru/articles/covid-v-stats,32865706,18533629,14332077
Russia,2021-06-15,"Sputnik V, EpiVacCorona",https://gogov.ru/articles/covid-v-stats,32907158,18550270,14356888
Russia,2021-06-16,"Sputnik V, EpiVacCorona",https://gogov.ru/articles/covid-v-stats,33220101,18712820,14507281
Russia,2021-06-17,"Sputnik V, EpiVacCorona",https://gogov.ru/articles/covid-v-stats,33923089,19213483,14709606
Russia,2021-06-18,"Sputnik V, EpiVacCorona",https://gogov.ru/articles/covid-v-stats,34337450,19436102,14901348
Russia,2021-06-19,"Sputnik V, EpiVacCorona",https://gogov.ru/articles/covid-v-stats,34768902,19558487,15210415
Russia,2021-06-20,"Sputnik V, EpiVacCorona",https://gogov.ru/articles/covid-v-stats,34901304,19657314,15243990
Russia,2021-06-21,"Sputnik V, EpiVacCorona",https://gogov.ru/articles/covid-v-stats,35237844,19861002,15376842
Russia,2021-06-22,"Sputnik V, EpiVacCorona",https://gogov.ru/articles/covid-v-stats,35983165,20345332,15637833
Russia,2021-06-23,"Sputnik V, EpiVacCorona",https://gogov.ru/articles/covid-v-stats,36044137,20390788,15653349
Russia,2021-06-24,"Sputnik V, EpiVacCorona",https://gogov.ru/articles/covid-v-stats,36970273,20682043,16288230
Russia,2021-06-25,"Sputnik V, EpiVacCorona",https://gogov.ru/articles/covid-v-stats,37603085,21096764,16506321
Russia,2021-06-26,"Sputnik V, EpiVacCorona",https://gogov.ru/articles/covid-v-stats,38098213,21461833,16636380
Russia,2021-06-27,"Sputnik V, EpiVacCorona",https://gogov.ru/articles/covid-v-stats,38440164,21614318,16825846
Russia,2021-06-28,"Sputnik V, EpiVacCorona",https://gogov.ru/articles/covid-v-stats,38773378,21790363,16983015
Russia,2021-06-29,"Sputnik V, EpiVacCorona",https://gogov.ru/articles/covid-v-stats,39328425,22194585,17133840
Russia,2021-06-30,"Sputnik V, EpiVacCorona",https://gogov.ru/articles/covid-v-stats,40027944,22691596,17336348
Russia,2021-07-01,"Sputnik V, EpiVacCorona",https://gogov.ru/articles/covid-v-stats,40875355,23352344,17523011
Russia,2021-07-02,"Sputnik V, EpiVacCorona",https://gogov.ru/articles/covid-v-stats,41821794,24221641,17600153
Russia,2021-07-03,"Sputnik V, EpiVacCorona",https://gogov.ru/articles/covid-v-stats,42450067,24647625,17802442
Russia,2021-07-04,"Sputnik V, EpiVacCorona",https://gogov.ru/articles/covid-v-stats,42830589,24969023,17861566
Russia,2021-07-05,"Sputnik V, EpiVacCorona",https://gogov.ru/articles/covid-v-stats,43033292,25134026,17899266
Russia,2021-07-06,"Sputnik V, EpiVacCorona",https://gogov.ru/articles/covid-v-stats,44317901,26086927,18230974
Russia,2021-07-07,"Sputnik V, EpiVacCorona",https://gogov.ru/articles/covid-v-stats,45061139,26676560,18384579
Russia,2021-07-08,"Sputnik V, EpiVacCorona",https://gogov.ru/articles/covid-v-stats,45570931,27056132,18514799
Russia,2021-07-09,"Sputnik V, EpiVacCorona",https://gogov.ru/articles/covid-v-stats,46626243,27899062,18727181
Russia,2021-07-10,"Sputnik V, EpiVacCorona",https://gogov.ru/articles/covid-v-stats,47334968,28443712,18891256
Russia,2021-07-11,"Sputnik V, EpiVacCorona",https://gogov.ru/articles/covid-v-stats,47572228,28645936,18926292
