location,date,vaccine,source_url,total_vaccinations,people_vaccinated,people_fully_vaccinated
Sao Tome and Principe,2021-03-15,Oxford/AstraZeneca,https://www.facebook.com/MSaudeSTeP/photos/pcb.3764121173707955/3764120233708049,0,0,0
Sao Tome and Principe,2021-03-22,Oxford/AstraZeneca,https://www.facebook.com/MSaudeSTeP/photos/pcb.3764121173707955/3764120233708049,3965,3965,0
Sao Tome and Principe,2021-03-29,Oxford/AstraZeneca,https://www.facebook.com/MSaudeSTeP/photos/pcb.3764121173707955/3764120233708049,9724,9724,0
Sao Tome and Principe,2021-05-18,Oxford/AstraZeneca,https://covid19.who.int/,12374,12374,0
Sao Tome and Principe,2021-05-26,Oxford/AstraZeneca,https://covid19.who.int/,14509,12374,2135
Sao Tome and Principe,2021-05-31,Oxford/AstraZeneca,https://covid19.who.int/,18888,12374,6514
Sao Tome and Principe,2021-06-08,Oxford/AstraZeneca,https://covid19.who.int/,23027,12374,10653
Sao Tome and Principe,2021-06-10,Oxford/AstraZeneca,https://covid19.who.int/,23644,12374,11270
Sao Tome and Principe,2021-06-14,Oxford/AstraZeneca,https://covid19.who.int/,23918,,
Sao Tome and Principe,2021-06-24,Oxford/AstraZeneca,https://covid19.who.int/,24908,,
Sao Tome and Principe,2021-06-28,Oxford/AstraZeneca,https://covid19.who.int/,27986,16453,11533
Sao Tome and Principe,2021-07-05,Oxford/AstraZeneca,https://covid19.who.int/,33996,22463,11533
