location,date,vaccine,source_url,total_vaccinations,people_vaccinated,people_fully_vaccinated
Slovakia,2021-01-04,Pfizer/BioNTech,https://github.com/Institut-Zdravotnych-Analyz/covid19-data,0,0,
Slovakia,2021-01-05,Pfizer/BioNTech,https://github.com/Institut-Zdravotnych-Analyz/covid19-data,425,425,
Slovakia,2021-01-06,Pfizer/BioNTech,https://github.com/Institut-Zdravotnych-Analyz/covid19-data,6618,6618,
Slovakia,2021-01-07,Pfizer/BioNTech,https://github.com/Institut-Zdravotnych-Analyz/covid19-data,13707,13707,
Slovakia,2021-01-08,Pfizer/BioNTech,https://github.com/Institut-Zdravotnych-Analyz/covid19-data,20742,20742,
Slovakia,2021-01-09,Pfizer/BioNTech,https://github.com/Institut-Zdravotnych-Analyz/covid19-data,22351,22351,
Slovakia,2021-01-10,Pfizer/BioNTech,https://github.com/Institut-Zdravotnych-Analyz/covid19-data,25396,25396,
Slovakia,2021-01-11,Pfizer/BioNTech,https://github.com/Institut-Zdravotnych-Analyz/covid19-data,29451,29451,
Slovakia,2021-01-12,Pfizer/BioNTech,https://github.com/Institut-Zdravotnych-Analyz/covid19-data,40131,40131,
Slovakia,2021-01-13,Pfizer/BioNTech,https://github.com/Institut-Zdravotnych-Analyz/covid19-data,46887,46887,
Slovakia,2021-01-14,Pfizer/BioNTech,https://github.com/Institut-Zdravotnych-Analyz/covid19-data,54349,54349,
Slovakia,2021-01-15,Pfizer/BioNTech,https://github.com/Institut-Zdravotnych-Analyz/covid19-data,62197,62197,
Slovakia,2021-01-16,Pfizer/BioNTech,https://github.com/Institut-Zdravotnych-Analyz/covid19-data,63439,63439,
Slovakia,2021-01-17,Pfizer/BioNTech,https://github.com/Institut-Zdravotnych-Analyz/covid19-data,63493,63493,
Slovakia,2021-01-18,Pfizer/BioNTech,https://github.com/Institut-Zdravotnych-Analyz/covid19-data,72025,71341,684
Slovakia,2021-01-19,Pfizer/BioNTech,https://github.com/Institut-Zdravotnych-Analyz/covid19-data,80102,78957,1145
Slovakia,2021-01-20,Pfizer/BioNTech,https://github.com/Institut-Zdravotnych-Analyz/covid19-data,87984,85975,2009
Slovakia,2021-01-21,Pfizer/BioNTech,https://github.com/Institut-Zdravotnych-Analyz/covid19-data,95303,92646,2657
Slovakia,2021-01-22,Pfizer/BioNTech,https://github.com/Institut-Zdravotnych-Analyz/covid19-data,102073,99283,2790
Slovakia,2021-01-23,Pfizer/BioNTech,https://github.com/Institut-Zdravotnych-Analyz/covid19-data,102349,99559,2790
Slovakia,2021-01-24,Pfizer/BioNTech,https://github.com/Institut-Zdravotnych-Analyz/covid19-data,102349,99559,2790
Slovakia,2021-01-25,Pfizer/BioNTech,https://github.com/Institut-Zdravotnych-Analyz/covid19-data,111310,106227,5083
Slovakia,2021-01-26,Pfizer/BioNTech,https://github.com/Institut-Zdravotnych-Analyz/covid19-data,118538,113199,5339
Slovakia,2021-01-27,"Moderna, Pfizer/BioNTech",https://github.com/Institut-Zdravotnych-Analyz/covid19-data,125601,119990,5611
Slovakia,2021-01-28,"Moderna, Pfizer/BioNTech",https://github.com/Institut-Zdravotnych-Analyz/covid19-data,135473,128340,7133
Slovakia,2021-01-29,"Moderna, Pfizer/BioNTech",https://github.com/Institut-Zdravotnych-Analyz/covid19-data,147272,137805,9467
Slovakia,2021-01-30,"Moderna, Pfizer/BioNTech",https://github.com/Institut-Zdravotnych-Analyz/covid19-data,148664,139194,9470
Slovakia,2021-01-31,"Moderna, Pfizer/BioNTech",https://github.com/Institut-Zdravotnych-Analyz/covid19-data,148945,139307,9638
Slovakia,2021-02-01,"Moderna, Pfizer/BioNTech",https://github.com/Institut-Zdravotnych-Analyz/covid19-data,160705,148158,12547
Slovakia,2021-02-02,"Moderna, Pfizer/BioNTech",https://github.com/Institut-Zdravotnych-Analyz/covid19-data,172914,156922,15992
Slovakia,2021-02-03,"Moderna, Pfizer/BioNTech",https://github.com/Institut-Zdravotnych-Analyz/covid19-data,184619,166295,18324
Slovakia,2021-02-04,"Moderna, Pfizer/BioNTech",https://github.com/Institut-Zdravotnych-Analyz/covid19-data,199040,175120,23920
Slovakia,2021-02-05,"Moderna, Pfizer/BioNTech",https://github.com/Institut-Zdravotnych-Analyz/covid19-data,214085,183500,30585
Slovakia,2021-02-06,"Moderna, Pfizer/BioNTech",https://github.com/Institut-Zdravotnych-Analyz/covid19-data,216869,185588,31281
Slovakia,2021-02-07,"Moderna, Pfizer/BioNTech",https://github.com/Institut-Zdravotnych-Analyz/covid19-data,217049,185768,31281
Slovakia,2021-02-08,"Moderna, Pfizer/BioNTech",https://github.com/Institut-Zdravotnych-Analyz/covid19-data,228331,193164,35167
Slovakia,2021-02-09,"Moderna, Pfizer/BioNTech",https://github.com/Institut-Zdravotnych-Analyz/covid19-data,243190,200483,42707
Slovakia,2021-02-10,"Moderna, Pfizer/BioNTech",https://github.com/Institut-Zdravotnych-Analyz/covid19-data,256149,206828,49321
Slovakia,2021-02-11,"Moderna, Pfizer/BioNTech",https://github.com/Institut-Zdravotnych-Analyz/covid19-data,269939,214017,55922
Slovakia,2021-02-12,"Moderna, Pfizer/BioNTech",https://github.com/Institut-Zdravotnych-Analyz/covid19-data,284027,221712,62315
Slovakia,2021-02-13,"Moderna, Oxford/AstraZeneca, Pfizer/BioNTech",https://github.com/Institut-Zdravotnych-Analyz/covid19-data,288336,225602,62734
Slovakia,2021-02-14,"Moderna, Oxford/AstraZeneca, Pfizer/BioNTech",https://github.com/Institut-Zdravotnych-Analyz/covid19-data,299144,236205,62939
Slovakia,2021-02-15,"Moderna, Oxford/AstraZeneca, Pfizer/BioNTech",https://github.com/Institut-Zdravotnych-Analyz/covid19-data,312667,242931,69736
Slovakia,2021-02-16,"Moderna, Oxford/AstraZeneca, Pfizer/BioNTech",https://github.com/Institut-Zdravotnych-Analyz/covid19-data,323999,247915,76084
Slovakia,2021-02-17,"Moderna, Oxford/AstraZeneca, Pfizer/BioNTech",https://github.com/Institut-Zdravotnych-Analyz/covid19-data,335617,253475,82142
Slovakia,2021-02-18,"Moderna, Oxford/AstraZeneca, Pfizer/BioNTech",https://github.com/Institut-Zdravotnych-Analyz/covid19-data,346808,258069,88739
Slovakia,2021-02-19,"Moderna, Oxford/AstraZeneca, Pfizer/BioNTech",https://github.com/Institut-Zdravotnych-Analyz/covid19-data,359985,264402,95583
Slovakia,2021-02-20,"Moderna, Oxford/AstraZeneca, Pfizer/BioNTech",https://github.com/Institut-Zdravotnych-Analyz/covid19-data,366628,270762,95866
Slovakia,2021-02-21,"Moderna, Oxford/AstraZeneca, Pfizer/BioNTech",https://github.com/Institut-Zdravotnych-Analyz/covid19-data,372944,277078,95866
Slovakia,2021-02-22,"Moderna, Oxford/AstraZeneca, Pfizer/BioNTech",https://github.com/Institut-Zdravotnych-Analyz/covid19-data,385460,282704,102756
Slovakia,2021-02-23,"Moderna, Oxford/AstraZeneca, Pfizer/BioNTech",https://github.com/Institut-Zdravotnych-Analyz/covid19-data,398172,288855,109317
Slovakia,2021-02-24,"Moderna, Oxford/AstraZeneca, Pfizer/BioNTech",https://github.com/Institut-Zdravotnych-Analyz/covid19-data,411140,295003,116137
Slovakia,2021-02-25,"Moderna, Oxford/AstraZeneca, Pfizer/BioNTech",https://github.com/Institut-Zdravotnych-Analyz/covid19-data,422221,298225,123996
Slovakia,2021-02-26,"Moderna, Oxford/AstraZeneca, Pfizer/BioNTech",https://github.com/Institut-Zdravotnych-Analyz/covid19-data,435205,302146,133059
Slovakia,2021-02-27,"Moderna, Oxford/AstraZeneca, Pfizer/BioNTech",https://github.com/Institut-Zdravotnych-Analyz/covid19-data,443413,309470,133943
Slovakia,2021-02-28,"Moderna, Oxford/AstraZeneca, Pfizer/BioNTech",https://github.com/Institut-Zdravotnych-Analyz/covid19-data,448979,315036,133943
Slovakia,2021-03-01,"Moderna, Oxford/AstraZeneca, Pfizer/BioNTech",https://github.com/Institut-Zdravotnych-Analyz/covid19-data,464116,320968,143148
Slovakia,2021-03-02,"Moderna, Oxford/AstraZeneca, Pfizer/BioNTech",https://github.com/Institut-Zdravotnych-Analyz/covid19-data,479388,326558,152830
Slovakia,2021-03-03,"Moderna, Oxford/AstraZeneca, Pfizer/BioNTech",https://github.com/Institut-Zdravotnych-Analyz/covid19-data,492888,330879,162009
Slovakia,2021-03-04,"Moderna, Oxford/AstraZeneca, Pfizer/BioNTech",https://github.com/Institut-Zdravotnych-Analyz/covid19-data,506053,335294,170759
Slovakia,2021-03-05,"Moderna, Oxford/AstraZeneca, Pfizer/BioNTech",https://github.com/Institut-Zdravotnych-Analyz/covid19-data,519046,340983,178063
Slovakia,2021-03-06,"Moderna, Oxford/AstraZeneca, Pfizer/BioNTech",https://github.com/Institut-Zdravotnych-Analyz/covid19-data,536451,356557,179894
Slovakia,2021-03-07,"Moderna, Oxford/AstraZeneca, Pfizer/BioNTech",https://github.com/Institut-Zdravotnych-Analyz/covid19-data,546075,365989,180086
Slovakia,2021-03-08,"Moderna, Oxford/AstraZeneca, Pfizer/BioNTech",https://github.com/Institut-Zdravotnych-Analyz/covid19-data,559876,371134,188742
Slovakia,2021-03-09,"Moderna, Oxford/AstraZeneca, Pfizer/BioNTech",https://github.com/Institut-Zdravotnych-Analyz/covid19-data,570266,374420,195846
Slovakia,2021-03-10,"Moderna, Oxford/AstraZeneca, Pfizer/BioNTech",https://github.com/Institut-Zdravotnych-Analyz/covid19-data,580720,378353,202367
Slovakia,2021-03-11,"Moderna, Oxford/AstraZeneca, Pfizer/BioNTech",https://github.com/Institut-Zdravotnych-Analyz/covid19-data,599095,389749,209346
Slovakia,2021-03-12,"Moderna, Oxford/AstraZeneca, Pfizer/BioNTech",https://github.com/Institut-Zdravotnych-Analyz/covid19-data,619482,403835,215647
Slovakia,2021-03-13,"Moderna, Oxford/AstraZeneca, Pfizer/BioNTech",https://github.com/Institut-Zdravotnych-Analyz/covid19-data,639592,421813,217779
Slovakia,2021-03-14,"Moderna, Oxford/AstraZeneca, Pfizer/BioNTech",https://github.com/Institut-Zdravotnych-Analyz/covid19-data,653776,435821,217955
Slovakia,2021-03-15,"Moderna, Oxford/AstraZeneca, Pfizer/BioNTech",https://github.com/Institut-Zdravotnych-Analyz/covid19-data,672251,450340,221911
Slovakia,2021-03-16,"Moderna, Oxford/AstraZeneca, Pfizer/BioNTech",https://github.com/Institut-Zdravotnych-Analyz/covid19-data,691439,466167,225272
Slovakia,2021-03-17,"Moderna, Oxford/AstraZeneca, Pfizer/BioNTech",https://github.com/Institut-Zdravotnych-Analyz/covid19-data,711548,482385,229163
Slovakia,2021-03-18,"Moderna, Oxford/AstraZeneca, Pfizer/BioNTech",https://github.com/Institut-Zdravotnych-Analyz/covid19-data,732226,499295,232931
Slovakia,2021-03-19,"Moderna, Oxford/AstraZeneca, Pfizer/BioNTech",https://github.com/Institut-Zdravotnych-Analyz/covid19-data,752451,513161,239290
Slovakia,2021-03-20,"Moderna, Oxford/AstraZeneca, Pfizer/BioNTech",https://github.com/Institut-Zdravotnych-Analyz/covid19-data,772875,532179,240696
Slovakia,2021-03-21,"Moderna, Oxford/AstraZeneca, Pfizer/BioNTech",https://github.com/Institut-Zdravotnych-Analyz/covid19-data,787904,546451,241453
Slovakia,2021-03-22,"Moderna, Oxford/AstraZeneca, Pfizer/BioNTech",https://github.com/Institut-Zdravotnych-Analyz/covid19-data,809240,564448,244792
Slovakia,2021-03-23,"Moderna, Oxford/AstraZeneca, Pfizer/BioNTech",https://github.com/Institut-Zdravotnych-Analyz/covid19-data,832038,582669,249369
Slovakia,2021-03-24,"Moderna, Oxford/AstraZeneca, Pfizer/BioNTech",https://github.com/Institut-Zdravotnych-Analyz/covid19-data,854916,601340,253576
Slovakia,2021-03-25,"Moderna, Oxford/AstraZeneca, Pfizer/BioNTech",https://github.com/Institut-Zdravotnych-Analyz/covid19-data,875448,618996,256452
Slovakia,2021-03-26,"Moderna, Oxford/AstraZeneca, Pfizer/BioNTech",https://github.com/Institut-Zdravotnych-Analyz/covid19-data,894572,636171,258401
Slovakia,2021-03-27,"Moderna, Oxford/AstraZeneca, Pfizer/BioNTech",https://github.com/Institut-Zdravotnych-Analyz/covid19-data,909721,651155,258566
Slovakia,2021-03-28,"Moderna, Oxford/AstraZeneca, Pfizer/BioNTech",https://github.com/Institut-Zdravotnych-Analyz/covid19-data,918871,660304,258567
Slovakia,2021-03-29,"Moderna, Oxford/AstraZeneca, Pfizer/BioNTech",https://github.com/Institut-Zdravotnych-Analyz/covid19-data,939390,679503,259887
Slovakia,2021-03-30,"Moderna, Oxford/AstraZeneca, Pfizer/BioNTech",https://github.com/Institut-Zdravotnych-Analyz/covid19-data,960501,698711,261790
Slovakia,2021-03-31,"Moderna, Oxford/AstraZeneca, Pfizer/BioNTech",https://github.com/Institut-Zdravotnych-Analyz/covid19-data,983211,719532,263679
Slovakia,2021-04-01,"Moderna, Oxford/AstraZeneca, Pfizer/BioNTech",https://github.com/Institut-Zdravotnych-Analyz/covid19-data,1005513,740106,265407
Slovakia,2021-04-02,"Moderna, Oxford/AstraZeneca, Pfizer/BioNTech",https://github.com/Institut-Zdravotnych-Analyz/covid19-data,1010043,744534,265509
Slovakia,2021-04-03,"Moderna, Oxford/AstraZeneca, Pfizer/BioNTech",https://github.com/Institut-Zdravotnych-Analyz/covid19-data,1021491,755818,265673
Slovakia,2021-04-04,"Moderna, Oxford/AstraZeneca, Pfizer/BioNTech",https://github.com/Institut-Zdravotnych-Analyz/covid19-data,1025587,759914,265673
Slovakia,2021-04-05,"Moderna, Oxford/AstraZeneca, Pfizer/BioNTech",https://github.com/Institut-Zdravotnych-Analyz/covid19-data,1025960,760283,265677
Slovakia,2021-04-06,"Moderna, Oxford/AstraZeneca, Pfizer/BioNTech",https://github.com/Institut-Zdravotnych-Analyz/covid19-data,1046081,776905,269176
Slovakia,2021-04-07,"Moderna, Oxford/AstraZeneca, Pfizer/BioNTech",https://github.com/Institut-Zdravotnych-Analyz/covid19-data,1069042,797644,271398
Slovakia,2021-04-08,"Moderna, Oxford/AstraZeneca, Pfizer/BioNTech",https://github.com/Institut-Zdravotnych-Analyz/covid19-data,1092418,812900,279518
Slovakia,2021-04-09,"Moderna, Oxford/AstraZeneca, Pfizer/BioNTech",https://github.com/Institut-Zdravotnych-Analyz/covid19-data,1117947,829406,288541
Slovakia,2021-04-10,"Moderna, Oxford/AstraZeneca, Pfizer/BioNTech",https://github.com/Institut-Zdravotnych-Analyz/covid19-data,1139057,849694,289363
Slovakia,2021-04-11,"Moderna, Oxford/AstraZeneca, Pfizer/BioNTech",https://github.com/Institut-Zdravotnych-Analyz/covid19-data,1160118,869487,290631
Slovakia,2021-04-12,"Moderna, Oxford/AstraZeneca, Pfizer/BioNTech",https://github.com/Institut-Zdravotnych-Analyz/covid19-data,1182401,881318,301083
Slovakia,2021-04-13,"Moderna, Oxford/AstraZeneca, Pfizer/BioNTech",https://github.com/Institut-Zdravotnych-Analyz/covid19-data,1204460,892007,312453
Slovakia,2021-04-14,"Moderna, Oxford/AstraZeneca, Pfizer/BioNTech",https://github.com/Institut-Zdravotnych-Analyz/covid19-data,1225779,902322,323457
Slovakia,2021-04-15,"Moderna, Oxford/AstraZeneca, Pfizer/BioNTech",https://github.com/Institut-Zdravotnych-Analyz/covid19-data,1250337,914460,335877
Slovakia,2021-04-16,"Moderna, Oxford/AstraZeneca, Pfizer/BioNTech",https://github.com/Institut-Zdravotnych-Analyz/covid19-data,1276617,928719,347898
Slovakia,2021-04-17,"Moderna, Oxford/AstraZeneca, Pfizer/BioNTech",https://github.com/Institut-Zdravotnych-Analyz/covid19-data,1303378,955111,348267
Slovakia,2021-04-18,"Moderna, Oxford/AstraZeneca, Pfizer/BioNTech",https://github.com/Institut-Zdravotnych-Analyz/covid19-data,1315785,967422,348363
Slovakia,2021-04-19,"Moderna, Oxford/AstraZeneca, Pfizer/BioNTech",https://github.com/Institut-Zdravotnych-Analyz/covid19-data,1336957,976901,360056
Slovakia,2021-04-20,"Moderna, Oxford/AstraZeneca, Pfizer/BioNTech",https://github.com/Institut-Zdravotnych-Analyz/covid19-data,1359371,985078,374293
Slovakia,2021-04-21,"Moderna, Oxford/AstraZeneca, Pfizer/BioNTech",https://github.com/Institut-Zdravotnych-Analyz/covid19-data,1380764,992526,388238
Slovakia,2021-04-22,"Moderna, Oxford/AstraZeneca, Pfizer/BioNTech",https://github.com/Institut-Zdravotnych-Analyz/covid19-data,1403467,1001432,402035
Slovakia,2021-04-23,"Moderna, Oxford/AstraZeneca, Pfizer/BioNTech",https://github.com/Institut-Zdravotnych-Analyz/covid19-data,1426381,1009570,416811
Slovakia,2021-04-24,"Moderna, Oxford/AstraZeneca, Pfizer/BioNTech",https://github.com/Institut-Zdravotnych-Analyz/covid19-data,1447718,1024150,423568
Slovakia,2021-04-25,"Moderna, Oxford/AstraZeneca, Pfizer/BioNTech",https://github.com/Institut-Zdravotnych-Analyz/covid19-data,1466736,1037388,429348
Slovakia,2021-04-26,"Moderna, Oxford/AstraZeneca, Pfizer/BioNTech",https://github.com/Institut-Zdravotnych-Analyz/covid19-data,1491922,1044360,447562
Slovakia,2021-04-27,"Moderna, Oxford/AstraZeneca, Pfizer/BioNTech",https://github.com/Institut-Zdravotnych-Analyz/covid19-data,1513228,1049807,463421
Slovakia,2021-04-28,"Moderna, Oxford/AstraZeneca, Pfizer/BioNTech",https://github.com/Institut-Zdravotnych-Analyz/covid19-data,1535474,1056032,479442
Slovakia,2021-04-29,"Moderna, Oxford/AstraZeneca, Pfizer/BioNTech",https://github.com/Institut-Zdravotnych-Analyz/covid19-data,1559705,1063503,496202
Slovakia,2021-04-30,"Moderna, Oxford/AstraZeneca, Pfizer/BioNTech",https://github.com/Institut-Zdravotnych-Analyz/covid19-data,1587690,1084510,503180
Slovakia,2021-05-01,"Moderna, Oxford/AstraZeneca, Pfizer/BioNTech",https://github.com/Institut-Zdravotnych-Analyz/covid19-data,1617873,1110465,507408
Slovakia,2021-05-02,"Moderna, Oxford/AstraZeneca, Pfizer/BioNTech",https://github.com/Institut-Zdravotnych-Analyz/covid19-data,1638416,1127720,510696
Slovakia,2021-05-03,"Moderna, Oxford/AstraZeneca, Pfizer/BioNTech",https://github.com/Institut-Zdravotnych-Analyz/covid19-data,1661142,1147486,513656
Slovakia,2021-05-04,"Moderna, Oxford/AstraZeneca, Pfizer/BioNTech",https://github.com/Institut-Zdravotnych-Analyz/covid19-data,1685984,1157448,528536
Slovakia,2021-05-05,"Moderna, Oxford/AstraZeneca, Pfizer/BioNTech",https://github.com/Institut-Zdravotnych-Analyz/covid19-data,1710136,1163620,546516
Slovakia,2021-05-06,"Moderna, Oxford/AstraZeneca, Pfizer/BioNTech",https://github.com/Institut-Zdravotnych-Analyz/covid19-data,1736098,1175935,560163
Slovakia,2021-05-07,"Moderna, Oxford/AstraZeneca, Pfizer/BioNTech",https://github.com/Institut-Zdravotnych-Analyz/covid19-data,1765860,1190909,574951
Slovakia,2021-05-08,"Moderna, Oxford/AstraZeneca, Pfizer/BioNTech",https://github.com/Institut-Zdravotnych-Analyz/covid19-data,1809904,1224674,585230
Slovakia,2021-05-09,"Moderna, Oxford/AstraZeneca, Pfizer/BioNTech",https://github.com/Institut-Zdravotnych-Analyz/covid19-data,1842250,1254058,588192
Slovakia,2021-05-10,"Moderna, Oxford/AstraZeneca, Pfizer/BioNTech",https://github.com/Institut-Zdravotnych-Analyz/covid19-data,1874006,1278432,595574
Slovakia,2021-05-11,"Moderna, Oxford/AstraZeneca, Pfizer/BioNTech",https://github.com/Institut-Zdravotnych-Analyz/covid19-data,1905260,1301332,603928
Slovakia,2021-05-12,"Moderna, Oxford/AstraZeneca, Pfizer/BioNTech",https://github.com/Institut-Zdravotnych-Analyz/covid19-data,1936059,1321193,614866
Slovakia,2021-05-13,"Moderna, Oxford/AstraZeneca, Pfizer/BioNTech",https://github.com/Institut-Zdravotnych-Analyz/covid19-data,1970123,1342967,627156
Slovakia,2021-05-14,"Moderna, Oxford/AstraZeneca, Pfizer/BioNTech",https://github.com/Institut-Zdravotnych-Analyz/covid19-data,2006414,1364674,641740
Slovakia,2021-05-15,"Moderna, Oxford/AstraZeneca, Pfizer/BioNTech",https://github.com/Institut-Zdravotnych-Analyz/covid19-data,2050789,1390427,660362
Slovakia,2021-05-16,"Moderna, Oxford/AstraZeneca, Pfizer/BioNTech",https://github.com/Institut-Zdravotnych-Analyz/covid19-data,2082982,1413397,669585
Slovakia,2021-05-17,"Moderna, Oxford/AstraZeneca, Pfizer/BioNTech",https://github.com/Institut-Zdravotnych-Analyz/covid19-data,2116884,1435392,681492
Slovakia,2021-05-18,"Moderna, Oxford/AstraZeneca, Pfizer/BioNTech",https://github.com/Institut-Zdravotnych-Analyz/covid19-data,2147188,1455520,691668
Slovakia,2021-05-19,"Moderna, Oxford/AstraZeneca, Pfizer/BioNTech",https://github.com/Institut-Zdravotnych-Analyz/covid19-data,2178110,1477201,700909
Slovakia,2021-05-20,"Moderna, Oxford/AstraZeneca, Pfizer/BioNTech",https://github.com/Institut-Zdravotnych-Analyz/covid19-data,2213528,1498947,714581
Slovakia,2021-05-21,"Moderna, Oxford/AstraZeneca, Pfizer/BioNTech",https://github.com/Institut-Zdravotnych-Analyz/covid19-data,2252188,1527977,724211
Slovakia,2021-05-22,"Moderna, Oxford/AstraZeneca, Pfizer/BioNTech",https://github.com/Institut-Zdravotnych-Analyz/covid19-data,2299987,1553921,746066
Slovakia,2021-05-23,"Moderna, Oxford/AstraZeneca, Pfizer/BioNTech",https://github.com/Institut-Zdravotnych-Analyz/covid19-data,2333700,1578051,755649
Slovakia,2021-05-24,"Moderna, Oxford/AstraZeneca, Pfizer/BioNTech",https://github.com/Institut-Zdravotnych-Analyz/covid19-data,2367005,1603435,763570
Slovakia,2021-05-25,"Moderna, Oxford/AstraZeneca, Pfizer/BioNTech",https://github.com/Institut-Zdravotnych-Analyz/covid19-data,2397592,1628875,768717
Slovakia,2021-05-26,"Moderna, Oxford/AstraZeneca, Pfizer/BioNTech",https://github.com/Institut-Zdravotnych-Analyz/covid19-data,2426640,1649349,777291
Slovakia,2021-05-27,"Moderna, Oxford/AstraZeneca, Pfizer/BioNTech",https://github.com/Institut-Zdravotnych-Analyz/covid19-data,2462989,1673346,789643
Slovakia,2021-05-28,"Moderna, Oxford/AstraZeneca, Pfizer/BioNTech",https://github.com/Institut-Zdravotnych-Analyz/covid19-data,2497810,1690371,807439
Slovakia,2021-05-29,"Moderna, Oxford/AstraZeneca, Pfizer/BioNTech",https://github.com/Institut-Zdravotnych-Analyz/covid19-data,2547612,1716471,831141
Slovakia,2021-05-30,"Moderna, Oxford/AstraZeneca, Pfizer/BioNTech",https://github.com/Institut-Zdravotnych-Analyz/covid19-data,2584582,1730541,854041
Slovakia,2021-05-31,"Moderna, Oxford/AstraZeneca, Pfizer/BioNTech",https://github.com/Institut-Zdravotnych-Analyz/covid19-data,2619457,1744202,875255
Slovakia,2021-06-01,"Moderna, Oxford/AstraZeneca, Pfizer/BioNTech",https://github.com/Institut-Zdravotnych-Analyz/covid19-data,2648525,1762787,885738
Slovakia,2021-06-02,"Moderna, Oxford/AstraZeneca, Pfizer/BioNTech",https://github.com/Institut-Zdravotnych-Analyz/covid19-data,2676204,1781223,894981
Slovakia,2021-06-03,"Moderna, Oxford/AstraZeneca, Pfizer/BioNTech",https://github.com/Institut-Zdravotnych-Analyz/covid19-data,2709874,1798703,911171
Slovakia,2021-06-04,"Moderna, Oxford/AstraZeneca, Pfizer/BioNTech",https://github.com/Institut-Zdravotnych-Analyz/covid19-data,2743927,1815801,928126
Slovakia,2021-06-05,"Moderna, Oxford/AstraZeneca, Pfizer/BioNTech",https://github.com/Institut-Zdravotnych-Analyz/covid19-data,2791355,1827356,963999
Slovakia,2021-06-06,"Moderna, Oxford/AstraZeneca, Pfizer/BioNTech",https://github.com/Institut-Zdravotnych-Analyz/covid19-data,2826985,1834121,992864
Slovakia,2021-06-07,"Moderna, Oxford/AstraZeneca, Pfizer/BioNTech",https://github.com/Institut-Zdravotnych-Analyz/covid19-data,2861339,1843714,1017625
Slovakia,2021-06-08,"Moderna, Oxford/AstraZeneca, Pfizer/BioNTech",https://github.com/Institut-Zdravotnych-Analyz/covid19-data,2891429,1853389,1038040
Slovakia,2021-06-09,"Moderna, Oxford/AstraZeneca, Pfizer/BioNTech",https://github.com/Institut-Zdravotnych-Analyz/covid19-data,2919857,1862373,1057484
Slovakia,2021-06-10,"Moderna, Oxford/AstraZeneca, Pfizer/BioNTech",https://github.com/Institut-Zdravotnych-Analyz/covid19-data,2954608,1871440,1083168
Slovakia,2021-06-11,"Moderna, Oxford/AstraZeneca, Pfizer/BioNTech",https://github.com/Institut-Zdravotnych-Analyz/covid19-data,2990494,1880652,1109842
Slovakia,2021-06-12,"Moderna, Oxford/AstraZeneca, Pfizer/BioNTech",https://github.com/Institut-Zdravotnych-Analyz/covid19-data,3035371,1891549,1143822
Slovakia,2021-06-13,"Moderna, Oxford/AstraZeneca, Pfizer/BioNTech",https://github.com/Institut-Zdravotnych-Analyz/covid19-data,3073509,1904343,1169166
Slovakia,2021-06-14,"Moderna, Oxford/AstraZeneca, Pfizer/BioNTech",https://github.com/Institut-Zdravotnych-Analyz/covid19-data,3103873,1914996,1188877
Slovakia,2021-06-15,"Moderna, Oxford/AstraZeneca, Pfizer/BioNTech",https://github.com/Institut-Zdravotnych-Analyz/covid19-data,3132713,1924819,1207894
Slovakia,2021-06-16,"Moderna, Oxford/AstraZeneca, Pfizer/BioNTech",https://github.com/Institut-Zdravotnych-Analyz/covid19-data,3161097,1931804,1229293
Slovakia,2021-06-17,"Moderna, Oxford/AstraZeneca, Pfizer/BioNTech",https://github.com/Institut-Zdravotnych-Analyz/covid19-data,3197166,1938809,1258357
Slovakia,2021-06-18,"Moderna, Oxford/AstraZeneca, Pfizer/BioNTech",https://github.com/Institut-Zdravotnych-Analyz/covid19-data,3235228,1945478,1289750
Slovakia,2021-06-19,"Moderna, Oxford/AstraZeneca, Pfizer/BioNTech",https://github.com/Institut-Zdravotnych-Analyz/covid19-data,3284864,1956239,1328625
Slovakia,2021-06-20,"Moderna, Oxford/AstraZeneca, Pfizer/BioNTech",https://github.com/Institut-Zdravotnych-Analyz/covid19-data,3323336,1961572,1361764
Slovakia,2021-06-21,"Moderna, Oxford/AstraZeneca, Pfizer/BioNTech",https://github.com/Institut-Zdravotnych-Analyz/covid19-data,3357289,1968211,1389078
Slovakia,2021-06-22,"Moderna, Oxford/AstraZeneca, Pfizer/BioNTech",https://github.com/Institut-Zdravotnych-Analyz/covid19-data,3390716,1975663,1415053
Slovakia,2021-06-23,"Moderna, Oxford/AstraZeneca, Pfizer/BioNTech",https://github.com/Institut-Zdravotnych-Analyz/covid19-data,3420077,1983798,1436279
Slovakia,2021-06-24,"Moderna, Oxford/AstraZeneca, Pfizer/BioNTech",https://github.com/Institut-Zdravotnych-Analyz/covid19-data,3456640,1990699,1465941
Slovakia,2021-06-25,"Moderna, Oxford/AstraZeneca, Pfizer/BioNTech",https://github.com/Institut-Zdravotnych-Analyz/covid19-data,3493489,1999879,1493610
Slovakia,2021-06-26,"Moderna, Oxford/AstraZeneca, Pfizer/BioNTech",https://github.com/Institut-Zdravotnych-Analyz/covid19-data,3535419,2006277,1529142
Slovakia,2021-06-27,"Moderna, Oxford/AstraZeneca, Pfizer/BioNTech",https://github.com/Institut-Zdravotnych-Analyz/covid19-data,3565556,2013277,1552279
Slovakia,2021-06-28,"Moderna, Oxford/AstraZeneca, Pfizer/BioNTech",https://github.com/Institut-Zdravotnych-Analyz/covid19-data,3591690,2021955,1569735
Slovakia,2021-06-29,"Moderna, Oxford/AstraZeneca, Pfizer/BioNTech",https://github.com/Institut-Zdravotnych-Analyz/covid19-data,3619710,2030950,1588760
Slovakia,2021-06-30,"Moderna, Oxford/AstraZeneca, Pfizer/BioNTech",https://github.com/Institut-Zdravotnych-Analyz/covid19-data,3647478,2038698,1608780
Slovakia,2021-07-01,"Moderna, Oxford/AstraZeneca, Pfizer/BioNTech",https://github.com/Institut-Zdravotnych-Analyz/covid19-data,3680390,2046365,1634025
Slovakia,2021-07-02,"Moderna, Oxford/AstraZeneca, Pfizer/BioNTech",https://github.com/Institut-Zdravotnych-Analyz/covid19-data,3711463,2056836,1654627
Slovakia,2021-07-03,"Moderna, Oxford/AstraZeneca, Pfizer/BioNTech",https://github.com/Institut-Zdravotnych-Analyz/covid19-data,3749880,2068703,1681177
Slovakia,2021-07-04,"Moderna, Oxford/AstraZeneca, Pfizer/BioNTech",https://github.com/Institut-Zdravotnych-Analyz/covid19-data,3775233,2081235,1693998
Slovakia,2021-07-05,"Moderna, Oxford/AstraZeneca, Pfizer/BioNTech",https://github.com/Institut-Zdravotnych-Analyz/covid19-data,3782683,2085497,1697186
Slovakia,2021-07-06,"Moderna, Oxford/AstraZeneca, Pfizer/BioNTech",https://github.com/Institut-Zdravotnych-Analyz/covid19-data,3809953,2096289,1713664
Slovakia,2021-07-07,"Moderna, Oxford/AstraZeneca, Pfizer/BioNTech",https://github.com/Institut-Zdravotnych-Analyz/covid19-data,3833304,2105553,1727751
Slovakia,2021-07-08,"Moderna, Oxford/AstraZeneca, Pfizer/BioNTech",https://github.com/Institut-Zdravotnych-Analyz/covid19-data,3855630,2116210,1739420
Slovakia,2021-07-09,"Moderna, Oxford/AstraZeneca, Pfizer/BioNTech",https://github.com/Institut-Zdravotnych-Analyz/covid19-data,3881320,2126212,1755108
Slovakia,2021-07-10,"Moderna, Oxford/AstraZeneca, Pfizer/BioNTech",https://github.com/Institut-Zdravotnych-Analyz/covid19-data,3899070,2132938,1766132
Slovakia,2021-07-11,"Moderna, Oxford/AstraZeneca, Pfizer/BioNTech",https://github.com/Institut-Zdravotnych-Analyz/covid19-data,3919426,2140531,1778895
