location,date,vaccine,source_url,total_vaccinations,people_vaccinated,people_fully_vaccinated
Switzerland,2021-01-24,Pfizer/BioNTech,https://www.covid19.admin.ch/en/epidemiologic/vacc-doses?detGeo=CH,195764,,
Switzerland,2021-01-25,Pfizer/BioNTech,https://www.covid19.admin.ch/en/epidemiologic/vacc-doses?detGeo=CH,212975,,
Switzerland,2021-01-26,Pfizer/BioNTech,https://www.covid19.admin.ch/en/epidemiologic/vacc-doses?detGeo=CH,237978,,
Switzerland,2021-01-27,Pfizer/BioNTech,https://www.covid19.admin.ch/en/epidemiologic/vacc-doses?detGeo=CH,262545,,
Switzerland,2021-01-28,Pfizer/BioNTech,https://www.covid19.admin.ch/en/epidemiologic/vacc-doses?detGeo=CH,289221,,
Switzerland,2021-01-29,"Moderna, Pfizer/BioNTech",https://www.covid19.admin.ch/en/epidemiologic/vacc-doses?detGeo=CH,306856,,
Switzerland,2021-01-30,"Moderna, Pfizer/BioNTech",https://www.covid19.admin.ch/en/epidemiologic/vacc-doses?detGeo=CH,306856,,
Switzerland,2021-01-31,"Moderna, Pfizer/BioNTech",https://www.covid19.admin.ch/en/epidemiologic/vacc-doses?detGeo=CH,307146,,
Switzerland,2021-02-01,"Moderna, Pfizer/BioNTech",https://www.covid19.admin.ch/en/epidemiologic/vacc-doses?detGeo=CH,323219,,
Switzerland,2021-02-02,"Moderna, Pfizer/BioNTech",https://www.covid19.admin.ch/en/epidemiologic/vacc-doses?detGeo=CH,342784,,
Switzerland,2021-02-03,"Moderna, Pfizer/BioNTech",https://www.covid19.admin.ch/en/epidemiologic/vacc-doses?detGeo=CH,362071,,
Switzerland,2021-02-04,"Moderna, Pfizer/BioNTech",https://www.covid19.admin.ch/en/epidemiologic/vacc-doses?detGeo=CH,382607,,
Switzerland,2021-02-05,"Moderna, Pfizer/BioNTech",https://www.covid19.admin.ch/en/epidemiologic/vacc-doses?detGeo=CH,401950,,
Switzerland,2021-02-06,"Moderna, Pfizer/BioNTech",https://www.covid19.admin.ch/en/epidemiologic/vacc-doses?detGeo=CH,405263,,
Switzerland,2021-02-07,"Moderna, Pfizer/BioNTech",https://www.covid19.admin.ch/en/epidemiologic/vacc-doses?detGeo=CH,406458,,
Switzerland,2021-02-08,"Moderna, Pfizer/BioNTech",https://www.covid19.admin.ch/en/epidemiologic/vacc-doses?detGeo=CH,424909,,
Switzerland,2021-02-09,"Moderna, Pfizer/BioNTech",https://www.covid19.admin.ch/en/epidemiologic/vacc-doses?detGeo=CH,450310,,
Switzerland,2021-02-10,"Moderna, Pfizer/BioNTech",https://www.covid19.admin.ch/en/epidemiologic/vacc-doses?detGeo=CH,477351,,
Switzerland,2021-02-11,"Moderna, Pfizer/BioNTech",https://www.covid19.admin.ch/en/epidemiologic/vacc-doses?detGeo=CH,505264,,
Switzerland,2021-02-12,"Moderna, Pfizer/BioNTech",https://www.covid19.admin.ch/en/epidemiologic/vacc-doses?detGeo=CH,531588,,
Switzerland,2021-02-13,"Moderna, Pfizer/BioNTech",https://www.covid19.admin.ch/en/epidemiologic/vacc-doses?detGeo=CH,538516,,
Switzerland,2021-02-14,"Moderna, Pfizer/BioNTech",https://www.covid19.admin.ch/en/epidemiologic/vacc-doses?detGeo=CH,540994,438009,102985
Switzerland,2021-02-15,"Moderna, Pfizer/BioNTech",https://www.covid19.admin.ch/en/epidemiologic/vacc-doses?detGeo=CH,559655,447781,111874
Switzerland,2021-02-16,"Moderna, Pfizer/BioNTech",https://www.covid19.admin.ch/en/epidemiologic/vacc-doses?detGeo=CH,584251,460133,124118
Switzerland,2021-02-17,"Moderna, Pfizer/BioNTech",https://www.covid19.admin.ch/en/epidemiologic/vacc-doses?detGeo=CH,608528,470639,137889
Switzerland,2021-02-18,"Moderna, Pfizer/BioNTech",https://www.covid19.admin.ch/en/epidemiologic/vacc-doses?detGeo=CH,636876,482418,154458
Switzerland,2021-02-19,"Moderna, Pfizer/BioNTech",https://www.covid19.admin.ch/en/epidemiologic/vacc-doses?detGeo=CH,661138,492123,169015
Switzerland,2021-02-20,"Moderna, Pfizer/BioNTech",https://www.covid19.admin.ch/en/epidemiologic/vacc-doses?detGeo=CH,668349,494830,173519
Switzerland,2021-02-21,"Moderna, Pfizer/BioNTech",https://www.covid19.admin.ch/en/epidemiologic/vacc-doses?detGeo=CH,670152,495637,174515
Switzerland,2021-02-22,"Moderna, Pfizer/BioNTech",https://www.covid19.admin.ch/en/epidemiologic/vacc-doses?detGeo=CH,689990,502619,187371
Switzerland,2021-02-23,"Moderna, Pfizer/BioNTech",https://www.covid19.admin.ch/en/epidemiologic/vacc-doses?detGeo=CH,716468,512449,204019
Switzerland,2021-02-24,"Moderna, Pfizer/BioNTech",https://www.covid19.admin.ch/en/epidemiologic/vacc-doses?detGeo=CH,744961,522452,222509
Switzerland,2021-02-25,"Moderna, Pfizer/BioNTech",https://www.covid19.admin.ch/en/epidemiologic/vacc-doses?detGeo=CH,774124,532507,241617
Switzerland,2021-02-26,"Moderna, Pfizer/BioNTech",https://www.covid19.admin.ch/en/epidemiologic/vacc-doses?detGeo=CH,798718,540928,257790
Switzerland,2021-02-27,"Moderna, Pfizer/BioNTech",https://www.covid19.admin.ch/en/epidemiologic/vacc-doses?detGeo=CH,805149,543113,262036
Switzerland,2021-02-28,"Moderna, Pfizer/BioNTech",https://www.covid19.admin.ch/en/epidemiologic/vacc-doses?detGeo=CH,807134,543725,263409
Switzerland,2021-03-01,"Moderna, Pfizer/BioNTech",https://www.covid19.admin.ch/en/epidemiologic/vacc-doses?detGeo=CH,829268,554274,274994
Switzerland,2021-03-02,"Moderna, Pfizer/BioNTech",https://www.covid19.admin.ch/en/epidemiologic/vacc-doses?detGeo=CH,855135,565787,289348
Switzerland,2021-03-03,"Moderna, Pfizer/BioNTech",https://www.covid19.admin.ch/en/epidemiologic/vacc-doses?detGeo=CH,887504,581664,305840
Switzerland,2021-03-04,"Moderna, Pfizer/BioNTech",https://www.covid19.admin.ch/en/epidemiologic/vacc-doses?detGeo=CH,920714,599023,321691
Switzerland,2021-03-05,"Moderna, Pfizer/BioNTech",https://www.covid19.admin.ch/en/epidemiologic/vacc-doses?detGeo=CH,949689,613682,336007
Switzerland,2021-03-06,"Moderna, Pfizer/BioNTech",https://www.covid19.admin.ch/en/epidemiologic/vacc-doses?detGeo=CH,955984,617122,338862
Switzerland,2021-03-07,"Moderna, Pfizer/BioNTech",https://www.covid19.admin.ch/en/epidemiologic/vacc-doses?detGeo=CH,958149,618358,339791
Switzerland,2021-03-08,"Moderna, Pfizer/BioNTech",https://www.covid19.admin.ch/en/epidemiologic/vacc-doses?detGeo=CH,981526,631398,350128
Switzerland,2021-03-09,"Moderna, Pfizer/BioNTech",https://www.covid19.admin.ch/en/epidemiologic/vacc-doses?detGeo=CH,1011893,648751,363142
Switzerland,2021-03-10,"Moderna, Pfizer/BioNTech",https://www.covid19.admin.ch/en/epidemiologic/vacc-doses?detGeo=CH,1042186,667764,374422
Switzerland,2021-03-11,"Moderna, Pfizer/BioNTech",https://www.covid19.admin.ch/en/epidemiologic/vacc-doses?detGeo=CH,1074158,686742,387416
Switzerland,2021-03-12,"Moderna, Pfizer/BioNTech",https://www.covid19.admin.ch/en/epidemiologic/vacc-doses?detGeo=CH,1101530,702725,398805
Switzerland,2021-03-13,"Moderna, Pfizer/BioNTech",https://www.covid19.admin.ch/en/epidemiologic/vacc-doses?detGeo=CH,1107531,706485,401046
Switzerland,2021-03-14,"Moderna, Pfizer/BioNTech",https://www.covid19.admin.ch/en/epidemiologic/vacc-doses?detGeo=CH,1108969,707464,401505
Switzerland,2021-03-15,"Moderna, Pfizer/BioNTech",https://www.covid19.admin.ch/en/epidemiologic/vacc-doses?detGeo=CH,1130007,718271,411736
Switzerland,2021-03-16,"Moderna, Pfizer/BioNTech",https://www.covid19.admin.ch/en/epidemiologic/vacc-doses?detGeo=CH,1158855,733289,425566
Switzerland,2021-03-17,"Moderna, Pfizer/BioNTech",https://www.covid19.admin.ch/en/epidemiologic/vacc-doses?detGeo=CH,1190907,749141,441766
Switzerland,2021-03-18,"Moderna, Pfizer/BioNTech",https://www.covid19.admin.ch/en/epidemiologic/vacc-doses?detGeo=CH,1224363,765866,458497
Switzerland,2021-03-19,"Moderna, Pfizer/BioNTech",https://www.covid19.admin.ch/en/epidemiologic/vacc-doses?detGeo=CH,1252024,780578,471446
Switzerland,2021-03-20,"Moderna, Pfizer/BioNTech",https://www.covid19.admin.ch/en/epidemiologic/vacc-doses?detGeo=CH,1258125,783880,474245
Switzerland,2021-03-21,"Moderna, Pfizer/BioNTech",https://www.covid19.admin.ch/en/epidemiologic/vacc-doses?detGeo=CH,1259473,784838,474635
Switzerland,2021-03-22,"Moderna, Pfizer/BioNTech",https://www.covid19.admin.ch/en/epidemiologic/vacc-doses?detGeo=CH,1284300,798464,485836
Switzerland,2021-03-23,"Moderna, Pfizer/BioNTech",https://www.covid19.admin.ch/en/epidemiologic/vacc-doses?detGeo=CH,1316420,816968,499452
Switzerland,2021-03-24,"Moderna, Pfizer/BioNTech",https://www.covid19.admin.ch/en/epidemiologic/vacc-doses?detGeo=CH,1351788,838480,513308
Switzerland,2021-03-25,"Moderna, Pfizer/BioNTech",https://www.covid19.admin.ch/en/epidemiologic/vacc-doses?detGeo=CH,1390507,863631,526876
Switzerland,2021-03-26,"Moderna, Pfizer/BioNTech",https://www.covid19.admin.ch/en/epidemiologic/vacc-doses?detGeo=CH,1426431,887041,539390
Switzerland,2021-03-27,"Moderna, Pfizer/BioNTech",https://www.covid19.admin.ch/en/epidemiologic/vacc-doses?detGeo=CH,1436410,894525,541885
Switzerland,2021-03-28,"Moderna, Pfizer/BioNTech",https://www.covid19.admin.ch/en/epidemiologic/vacc-doses?detGeo=CH,1440737,898149,542588
Switzerland,2021-03-29,"Moderna, Pfizer/BioNTech",https://www.covid19.admin.ch/en/epidemiologic/vacc-doses?detGeo=CH,1473704,918929,554775
Switzerland,2021-03-30,"Moderna, Pfizer/BioNTech",https://www.covid19.admin.ch/en/epidemiologic/vacc-doses?detGeo=CH,1514785,946790,567995
Switzerland,2021-03-31,"Moderna, Pfizer/BioNTech",https://www.covid19.admin.ch/en/epidemiologic/vacc-doses?detGeo=CH,1553646,970722,582924
Switzerland,2021-04-01,"Moderna, Pfizer/BioNTech",https://www.covid19.admin.ch/en/epidemiologic/vacc-doses?detGeo=CH,1594728,994320,600408
Switzerland,2021-04-02,"Moderna, Pfizer/BioNTech",https://www.covid19.admin.ch/en/epidemiologic/vacc-doses?detGeo=CH,1605138,1000432,604706
Switzerland,2021-04-03,"Moderna, Pfizer/BioNTech",https://www.covid19.admin.ch/en/epidemiologic/vacc-doses?detGeo=CH,1611593,1004393,607200
Switzerland,2021-04-04,"Moderna, Pfizer/BioNTech",https://www.covid19.admin.ch/en/epidemiologic/vacc-doses?detGeo=CH,1613325,1005462,607863
Switzerland,2021-04-05,"Moderna, Pfizer/BioNTech",https://www.covid19.admin.ch/en/epidemiologic/vacc-doses?detGeo=CH,1619215,1009192,610023
Switzerland,2021-04-06,"Moderna, Pfizer/BioNTech",https://www.covid19.admin.ch/en/epidemiologic/vacc-doses?detGeo=CH,1657396,1028082,629314
Switzerland,2021-04-07,"Moderna, Pfizer/BioNTech",https://www.covid19.admin.ch/en/epidemiologic/vacc-doses?detGeo=CH,1703977,1054454,649523
Switzerland,2021-04-08,"Moderna, Pfizer/BioNTech",https://www.covid19.admin.ch/en/epidemiologic/vacc-doses?detGeo=CH,1755653,1085315,670338
Switzerland,2021-04-09,"Moderna, Pfizer/BioNTech",https://www.covid19.admin.ch/en/epidemiologic/vacc-doses?detGeo=CH,1803192,1115522,687670
Switzerland,2021-04-10,"Moderna, Pfizer/BioNTech",https://www.covid19.admin.ch/en/epidemiologic/vacc-doses?detGeo=CH,1817711,1125880,691831
Switzerland,2021-04-11,"Moderna, Pfizer/BioNTech",https://www.covid19.admin.ch/en/epidemiologic/vacc-doses?detGeo=CH,1822789,1128737,694052
Switzerland,2021-04-12,"Moderna, Pfizer/BioNTech",https://www.covid19.admin.ch/en/epidemiologic/vacc-doses?detGeo=CH,1867162,1160448,706714
Switzerland,2021-04-13,"Moderna, Pfizer/BioNTech",https://www.covid19.admin.ch/en/epidemiologic/vacc-doses?detGeo=CH,1921296,1198287,723009
Switzerland,2021-04-14,"Moderna, Pfizer/BioNTech",https://www.covid19.admin.ch/en/epidemiologic/vacc-doses?detGeo=CH,1978241,1239045,739196
Switzerland,2021-04-15,"Moderna, Pfizer/BioNTech",https://www.covid19.admin.ch/en/epidemiologic/vacc-doses?detGeo=CH,2036293,1280701,755592
Switzerland,2021-04-16,"Moderna, Pfizer/BioNTech",https://www.covid19.admin.ch/en/epidemiologic/vacc-doses?detGeo=CH,2090819,1319539,771280
Switzerland,2021-04-17,"Moderna, Pfizer/BioNTech",https://www.covid19.admin.ch/en/epidemiologic/vacc-doses?detGeo=CH,2108788,1334042,774746
Switzerland,2021-04-18,"Moderna, Pfizer/BioNTech",https://www.covid19.admin.ch/en/epidemiologic/vacc-doses?detGeo=CH,2115451,1339557,775894
Switzerland,2021-04-19,"Moderna, Pfizer/BioNTech",https://www.covid19.admin.ch/en/epidemiologic/vacc-doses?detGeo=CH,2167141,1376516,790625
Switzerland,2021-04-20,"Moderna, Pfizer/BioNTech",https://www.covid19.admin.ch/en/epidemiologic/vacc-doses?detGeo=CH,2230969,1421230,809739
Switzerland,2021-04-21,"Moderna, Pfizer/BioNTech",https://www.covid19.admin.ch/en/epidemiologic/vacc-doses?detGeo=CH,2298803,1468764,830039
Switzerland,2021-04-22,"Moderna, Pfizer/BioNTech",https://www.covid19.admin.ch/en/epidemiologic/vacc-doses?detGeo=CH,2373086,1520185,852901
Switzerland,2021-04-23,"Moderna, Pfizer/BioNTech",https://www.covid19.admin.ch/en/epidemiologic/vacc-doses?detGeo=CH,2439569,1567152,872417
Switzerland,2021-04-24,"Moderna, Pfizer/BioNTech",https://www.covid19.admin.ch/en/epidemiologic/vacc-doses?detGeo=CH,2466791,1588572,878219
Switzerland,2021-04-25,"Moderna, Pfizer/BioNTech",https://www.covid19.admin.ch/en/epidemiologic/vacc-doses?detGeo=CH,2479266,1598480,880786
Switzerland,2021-04-26,"Moderna, Pfizer/BioNTech",https://www.covid19.admin.ch/en/epidemiologic/vacc-doses?detGeo=CH,2536278,1637060,899218
Switzerland,2021-04-27,"Moderna, Pfizer/BioNTech",https://www.covid19.admin.ch/en/epidemiologic/vacc-doses?detGeo=CH,2610580,1687688,922892
Switzerland,2021-04-28,"Moderna, Pfizer/BioNTech",https://www.covid19.admin.ch/en/epidemiologic/vacc-doses?detGeo=CH,2685087,1741378,943709
Switzerland,2021-04-29,"Moderna, Pfizer/BioNTech",https://www.covid19.admin.ch/en/epidemiologic/vacc-doses?detGeo=CH,2757696,1792107,965589
Switzerland,2021-04-30,"Moderna, Pfizer/BioNTech",https://www.covid19.admin.ch/en/epidemiologic/vacc-doses?detGeo=CH,2821893,1845308,976585
Switzerland,2021-05-01,"Moderna, Pfizer/BioNTech",https://www.covid19.admin.ch/en/epidemiologic/vacc-doses?detGeo=CH,2852037,1872181,979856
Switzerland,2021-05-02,"Moderna, Pfizer/BioNTech",https://www.covid19.admin.ch/en/epidemiologic/vacc-doses?detGeo=CH,2864657,1884162,980495
Switzerland,2021-05-03,"Moderna, Pfizer/BioNTech",https://www.covid19.admin.ch/en/epidemiologic/vacc-doses?detGeo=CH,2925292,1936197,989095
Switzerland,2021-05-04,"Moderna, Pfizer/BioNTech",https://www.covid19.admin.ch/en/epidemiologic/vacc-doses?detGeo=CH,3001104,1991857,1009247
Switzerland,2021-05-05,"Moderna, Pfizer/BioNTech",https://www.covid19.admin.ch/en/epidemiologic/vacc-doses?detGeo=CH,3080654,2046185,1034469
Switzerland,2021-05-06,"Moderna, Pfizer/BioNTech",https://www.covid19.admin.ch/en/epidemiologic/vacc-doses?detGeo=CH,3170444,2106008,1064436
Switzerland,2021-05-07,"Moderna, Pfizer/BioNTech",https://www.covid19.admin.ch/en/epidemiologic/vacc-doses?detGeo=CH,3255525,2162329,1093196
Switzerland,2021-05-08,"Moderna, Pfizer/BioNTech",https://www.covid19.admin.ch/en/epidemiologic/vacc-doses?detGeo=CH,3295966,2193077,1102889
Switzerland,2021-05-09,"Moderna, Pfizer/BioNTech",https://www.covid19.admin.ch/en/epidemiologic/vacc-doses?detGeo=CH,3313608,2206959,1106649
Switzerland,2021-05-10,"Moderna, Pfizer/BioNTech",https://www.covid19.admin.ch/en/epidemiologic/vacc-doses?detGeo=CH,3394460,2255002,1139458
Switzerland,2021-05-11,"Moderna, Pfizer/BioNTech",https://www.covid19.admin.ch/en/epidemiologic/vacc-doses?detGeo=CH,3490091,2311577,1178514
Switzerland,2021-05-12,"Moderna, Pfizer/BioNTech",https://www.covid19.admin.ch/en/epidemiologic/vacc-doses?detGeo=CH,3589352,2368762,1220590
Switzerland,2021-05-13,"Moderna, Pfizer/BioNTech",https://www.covid19.admin.ch/en/epidemiologic/vacc-doses?detGeo=CH,3635311,2399806,1235505
Switzerland,2021-05-14,"Moderna, Pfizer/BioNTech",https://www.covid19.admin.ch/en/epidemiologic/vacc-doses?detGeo=CH,3716551,2445756,1270795
Switzerland,2021-05-15,"Moderna, Pfizer/BioNTech",https://www.covid19.admin.ch/en/epidemiologic/vacc-doses?detGeo=CH,3760656,2477622,1283034
Switzerland,2021-05-16,"Moderna, Pfizer/BioNTech",https://www.covid19.admin.ch/en/epidemiologic/vacc-doses?detGeo=CH,3780069,2492721,1287348
Switzerland,2021-05-17,"Moderna, Pfizer/BioNTech",https://www.covid19.admin.ch/en/epidemiologic/vacc-doses?detGeo=CH,3864250,2536191,1328059
Switzerland,2021-05-18,"Moderna, Pfizer/BioNTech",https://www.covid19.admin.ch/en/epidemiologic/vacc-doses?detGeo=CH,3964333,2589641,1374692
Switzerland,2021-05-19,"Moderna, Pfizer/BioNTech",https://www.covid19.admin.ch/en/epidemiologic/vacc-doses?detGeo=CH,4069058,2648572,1420486
Switzerland,2021-05-20,"Moderna, Pfizer/BioNTech",https://www.covid19.admin.ch/en/epidemiologic/vacc-doses?detGeo=CH,4178311,2707706,1470605
Switzerland,2021-05-21,"Moderna, Pfizer/BioNTech",https://www.covid19.admin.ch/en/epidemiologic/vacc-doses?detGeo=CH,4279801,2764661,1515140
Switzerland,2021-05-22,"Moderna, Pfizer/BioNTech",https://www.covid19.admin.ch/en/epidemiologic/vacc-doses?detGeo=CH,4327469,2796379,1531090
Switzerland,2021-05-23,"Moderna, Pfizer/BioNTech",https://www.covid19.admin.ch/en/epidemiologic/vacc-doses?detGeo=CH,4346513,2809496,1537017
Switzerland,2021-05-24,"Moderna, Pfizer/BioNTech",https://www.covid19.admin.ch/en/epidemiologic/vacc-doses?detGeo=CH,4397064,2841257,1555807
Switzerland,2021-05-25,"Moderna, Pfizer/BioNTech",https://www.covid19.admin.ch/en/epidemiologic/vacc-doses?detGeo=CH,4498620,2892057,1606563
Switzerland,2021-05-26,"Moderna, Pfizer/BioNTech",https://www.covid19.admin.ch/en/epidemiologic/vacc-doses?detGeo=CH,4606230,2948031,1658199
Switzerland,2021-05-27,"Moderna, Pfizer/BioNTech",https://www.covid19.admin.ch/en/epidemiologic/vacc-doses?detGeo=CH,4714088,3005700,1708388
Switzerland,2021-05-28,"Moderna, Pfizer/BioNTech",https://www.covid19.admin.ch/en/epidemiologic/vacc-doses?detGeo=CH,4818768,3058574,1760194
Switzerland,2021-05-29,"Moderna, Pfizer/BioNTech",https://www.covid19.admin.ch/en/epidemiologic/vacc-doses?detGeo=CH,4873301,3087628,1785673
Switzerland,2021-05-30,"Moderna, Pfizer/BioNTech",https://www.covid19.admin.ch/en/epidemiologic/vacc-doses?detGeo=CH,4898282,3101760,1796522
Switzerland,2021-05-31,"Moderna, Pfizer/BioNTech",https://www.covid19.admin.ch/en/epidemiologic/vacc-doses?detGeo=CH,4991359,3147318,1844040
Switzerland,2021-06-01,"Moderna, Pfizer/BioNTech",https://www.covid19.admin.ch/en/epidemiologic/vacc-doses?detGeo=CH,5099376,3203747,1895628
Switzerland,2021-06-02,"Moderna, Pfizer/BioNTech",https://www.covid19.admin.ch/en/epidemiologic/vacc-doses?detGeo=CH,5213740,3264502,1949237
Switzerland,2021-06-03,"Moderna, Pfizer/BioNTech",https://www.covid19.admin.ch/en/epidemiologic/vacc-doses?detGeo=CH,5316555,3320489,1996065
Switzerland,2021-06-04,"Moderna, Pfizer/BioNTech",https://www.covid19.admin.ch/en/epidemiologic/vacc-doses?detGeo=CH,5427169,3377633,2049535
Switzerland,2021-06-05,"Moderna, Pfizer/BioNTech",https://www.covid19.admin.ch/en/epidemiologic/vacc-doses?detGeo=CH,5500752,3422611,2078140
Switzerland,2021-06-06,"Moderna, Pfizer/BioNTech",https://www.covid19.admin.ch/en/epidemiologic/vacc-doses?detGeo=CH,5529008,3439249,2089758
Switzerland,2021-06-07,"Moderna, Pfizer/BioNTech",https://www.covid19.admin.ch/en/epidemiologic/vacc-doses?detGeo=CH,5630346,3493048,2137297
Switzerland,2021-06-08,"Moderna, Pfizer/BioNTech",https://www.covid19.admin.ch/en/epidemiologic/vacc-doses?detGeo=CH,5742084,3550416,2191667
Switzerland,2021-06-09,"Moderna, Pfizer/BioNTech",https://www.covid19.admin.ch/en/epidemiologic/vacc-doses?detGeo=CH,5855374,3611027,2244346
Switzerland,2021-06-10,"Moderna, Pfizer/BioNTech",https://www.covid19.admin.ch/en/epidemiologic/vacc-doses?detGeo=CH,5960515,3675106,2285408
Switzerland,2021-06-11,"Moderna, Pfizer/BioNTech",https://www.covid19.admin.ch/en/epidemiologic/vacc-doses?detGeo=CH,6067944,3736592,2331351
Switzerland,2021-06-12,"Moderna, Pfizer/BioNTech",https://www.covid19.admin.ch/en/epidemiologic/vacc-doses?detGeo=CH,6139048,3779418,2359629
Switzerland,2021-06-13,"Moderna, Pfizer/BioNTech",https://www.covid19.admin.ch/en/epidemiologic/vacc-doses?detGeo=CH,6166237,3791901,2374335
Switzerland,2021-06-14,"Moderna, Pfizer/BioNTech",https://www.covid19.admin.ch/en/epidemiologic/vacc-doses?detGeo=CH,6263582,3847637,2415943
Switzerland,2021-06-15,"Moderna, Pfizer/BioNTech",https://www.covid19.admin.ch/en/epidemiologic/vacc-doses?detGeo=CH,6367218,3902054,2465162
Switzerland,2021-06-16,"Moderna, Pfizer/BioNTech",https://www.covid19.admin.ch/en/epidemiologic/vacc-doses?detGeo=CH,6471157,3953688,2517467
Switzerland,2021-06-17,"Moderna, Pfizer/BioNTech",https://www.covid19.admin.ch/en/epidemiologic/vacc-doses?detGeo=CH,6577047,4005339,2571706
Switzerland,2021-06-18,"Moderna, Pfizer/BioNTech",https://www.covid19.admin.ch/en/epidemiologic/vacc-doses?detGeo=CH,6678712,4053674,2625035
Switzerland,2021-06-19,"Moderna, Pfizer/BioNTech",https://www.covid19.admin.ch/en/epidemiologic/vacc-doses?detGeo=CH,6741902,4088786,2653113
Switzerland,2021-06-20,"Moderna, Pfizer/BioNTech",https://www.covid19.admin.ch/en/epidemiologic/vacc-doses?detGeo=CH,6763847,4098600,2665244
Switzerland,2021-06-21,"Moderna, Pfizer/BioNTech",https://www.covid19.admin.ch/en/epidemiologic/vacc-doses?detGeo=CH,6851588,4145571,2706014
Switzerland,2021-06-22,"Moderna, Pfizer/BioNTech",https://www.covid19.admin.ch/en/epidemiologic/vacc-doses?detGeo=CH,6942961,4187429,2755529
Switzerland,2021-06-23,"Moderna, Pfizer/BioNTech",https://www.covid19.admin.ch/en/epidemiologic/vacc-doses?detGeo=CH,7033198,4227081,2806114
Switzerland,2021-06-24,"Moderna, Pfizer/BioNTech",https://www.covid19.admin.ch/en/epidemiologic/vacc-doses?detGeo=CH,7121101,4262416,2858682
Switzerland,2021-06-25,"Moderna, Pfizer/BioNTech",https://www.covid19.admin.ch/en/epidemiologic/vacc-doses?detGeo=CH,7207661,4298860,2908798
Switzerland,2021-06-26,"Moderna, Pfizer/BioNTech",https://www.covid19.admin.ch/en/epidemiologic/vacc-doses?detGeo=CH,7258395,4323684,2934708
Switzerland,2021-06-27,"Moderna, Pfizer/BioNTech",https://www.covid19.admin.ch/en/epidemiologic/vacc-doses?detGeo=CH,7276835,4328757,2948075
Switzerland,2021-06-28,"Moderna, Pfizer/BioNTech",https://www.covid19.admin.ch/en/epidemiologic/vacc-doses?detGeo=CH,7351056,4354399,2996654
Switzerland,2021-06-29,"Moderna, Pfizer/BioNTech",https://www.covid19.admin.ch/en/epidemiologic/vacc-doses?detGeo=CH,7429418,4378888,3050527
Switzerland,2021-06-30,"Moderna, Pfizer/BioNTech",https://www.covid19.admin.ch/en/epidemiologic/vacc-doses?detGeo=CH,7513465,4403285,3110177
Switzerland,2021-07-01,"Moderna, Pfizer/BioNTech",https://www.covid19.admin.ch/en/epidemiologic/vacc-doses?detGeo=CH,7585325,4423010,3162312
Switzerland,2021-07-02,"Moderna, Pfizer/BioNTech",https://www.covid19.admin.ch/en/epidemiologic/vacc-doses?detGeo=CH,7658156,4442781,3215372
Switzerland,2021-07-03,"Moderna, Pfizer/BioNTech",https://www.covid19.admin.ch/en/epidemiologic/vacc-doses?detGeo=CH,7705310,4452901,3252406
Switzerland,2021-07-04,"Moderna, Pfizer/BioNTech",https://www.covid19.admin.ch/en/epidemiologic/vacc-doses?detGeo=CH,7720232,4455605,3264624
Switzerland,2021-07-05,"Moderna, Pfizer/BioNTech",https://www.covid19.admin.ch/en/epidemiologic/vacc-doses?detGeo=CH,7791066,4471312,3319749
Switzerland,2021-07-06,"Moderna, Pfizer/BioNTech",https://www.covid19.admin.ch/en/epidemiologic/vacc-doses?detGeo=CH,7863367,4489666,3373696
Switzerland,2021-07-07,"Moderna, Pfizer/BioNTech",https://www.covid19.admin.ch/en/epidemiologic/vacc-doses?detGeo=CH,7932912,4505620,3427287
