location,date,vaccine,source_url,total_vaccinations,people_vaccinated,people_fully_vaccinated
Thailand,2021-02-27,Sinovac,https://www.bangkokpost.com/thailand/general/2076339/thailand-adds-80-covid-cases-monday,0,0,0
Thailand,2021-03-01,Sinovac,https://www.bangkokpost.com/thailand/general/2076339/thailand-adds-80-covid-cases-monday,319,319,0
Thailand,2021-03-02,Sinovac,https://thestandard.co/people-who-have-been-vaccinated-against-covid-19-in-thailand/,7262,7262,0
Thailand,2021-03-10,Sinovac,https://www.rfa.org/english/news/myanmar/vaccinate-03102021170611.html,33621,33621,0
Thailand,2021-03-13,"Oxford/AstraZeneca, Sinovac",https://thethaiger.com/coronavirus/thailands-private-hospitals-planning-to-profit-off-covid-19-vaccine,53842,53842,0
Thailand,2021-03-24,"Oxford/AstraZeneca, Sinovac",https://www.archyde.com/update-96188-cumulative-covid-vaccination-new-lot-which-province-get-how-much-check-now/,102050,96188,5862
Thailand,2021-03-30,"Oxford/AstraZeneca, Sinovac",https://www.facebook.com/OICDDC/posts/3823323381121560,180477,151413,29064
Thailand,2021-04-01,"Oxford/AstraZeneca, Sinovac",https://ddc.moph.go.th/uploads/ckeditor2//files/Daily%20report%202021-04-02.pdf,204642,167235,37407
Thailand,2021-04-02,"Oxford/AstraZeneca, Sinovac",https://www.facebook.com/OICDDC/posts/3837210029732895,231882,189666,42216
Thailand,2021-04-03,"Oxford/AstraZeneca, Sinovac",https://ddc.moph.go.th/uploads/ckeditor2//files/Daily%20report%202021-04-04.pdf,244254,201864,42390
Thailand,2021-04-04,"Oxford/AstraZeneca, Sinovac",https://ddc.moph.go.th/uploads/ckeditor2//files/Daily%20report%202021-04-05.pdf,257484,213948,43536
Thailand,2021-04-05,"Oxford/AstraZeneca, Sinovac",https://ddc.moph.go.th/uploads/ckeditor2//files/Dialy%20report%202021-04-06.pdf,294881,247850,47031
Thailand,2021-04-06,"Oxford/AstraZeneca, Sinovac",https://ddc.moph.go.th/uploads/ckeditor2//files/Dialy%20report%202021-04-07.pdf,323989,274354,49635
Thailand,2021-04-07,"Oxford/AstraZeneca, Sinovac",https://ddc.moph.go.th/uploads/ckeditor2//files/Dialy%20report%202021-04-08.pdf,391752,336808,54944
Thailand,2021-04-08,"Oxford/AstraZeneca, Sinovac",https://ddc.moph.go.th/uploads/ckeditor2//files/Dialy%20report%202021-04-09.pdf,466374,405911,60463
Thailand,2021-04-09,"Oxford/AstraZeneca, Sinovac",https://ddc.moph.go.th/uploads/ckeditor2//files/Dialy%20report%202021-04-10.pdf,537380,470301,67079
Thailand,2021-04-10,"Oxford/AstraZeneca, Sinovac",https://ddc.moph.go.th/uploads/ckeditor2//files/Dialy%20report%202021-04-11.pdf,555396,485957,69439
Thailand,2021-04-11,"Oxford/AstraZeneca, Sinovac",https://ddc.moph.go.th/uploads/ckeditor2//files/Dialy%20report%202021-04-12.pdf,570052,498791,71261
Thailand,2021-04-12,"Oxford/AstraZeneca, Sinovac",https://ddc.moph.go.th/uploads/ckeditor2//files/Dialy%20report%202021-04-13.pdf,578532,505215,73317
Thailand,2021-04-13,"Oxford/AstraZeneca, Sinovac",https://ddc.moph.go.th/uploads/ckeditor2//files/Daily%20report%202021-04-14.pdf,579305,505744,73561
Thailand,2021-04-15,"Oxford/AstraZeneca, Sinovac",https://ddc.moph.go.th/uploads/ckeditor2//files/Daily%20report%202021-04-16.pdf,586032,510456,75576
Thailand,2021-04-16,"Oxford/AstraZeneca, Sinovac",https://ddc.moph.go.th/uploads/ckeditor2//files/Daily%20report%202021-04-17.pdf,605259,523830,81429
Thailand,2021-04-17,"Oxford/AstraZeneca, Sinovac",https://ddc.moph.go.th/uploads/ckeditor2//files/Daily%20report%202021-04-18.pdf,608521,526706,81815
Thailand,2021-04-18,"Oxford/AstraZeneca, Sinovac",https://ddc.moph.go.th/uploads/ckeditor2//files/Daily%20report%202021-04-19.pdf,618583,535925,82658
Thailand,2021-04-19,"Oxford/AstraZeneca, Sinovac",https://ddc.moph.go.th/uploads/ckeditor2//files/Daily%20report%202021-04-20.pdf,666210,571825,94385
Thailand,2021-04-20,"Oxford/AstraZeneca, Sinovac",https://ddc.moph.go.th/uploads/ckeditor2//files/Daily%20report%202021-04-21.pdf,712610,604947,107663
Thailand,2021-04-21,"Oxford/AstraZeneca, Sinovac",https://ddc.moph.go.th/uploads/ckeditor2//files/Daily%20report%202021-04-22.pdf,864840,746617,118223
Thailand,2021-04-22,"Oxford/AstraZeneca, Sinovac",https://ddc.moph.go.th/uploads/ckeditor2//files/Daily%20report%202021-04-23.pdf,964825,834082,130743
Thailand,2021-04-23,"Oxford/AstraZeneca, Sinovac",https://ddc.moph.go.th/uploads/ckeditor2//files/Dialy%20report%202021-2021-04-24.pdf,1095445,934449,160996
Thailand,2021-04-24,"Oxford/AstraZeneca, Sinovac",https://ddc.moph.go.th/uploads/ckeditor2//files/Daily%20report%202021-04-25.pdf,1124153,949124,175029
Thailand,2021-04-25,"Oxford/AstraZeneca, Sinovac",https://ddc.moph.go.th/uploads/ckeditor2//files/daily%20report%202021-04-26.pdf,1149666,972204,177462
Thailand,2021-04-26,"Oxford/AstraZeneca, Sinovac",https://ddc.moph.go.th/uploads/ckeditor2//files/Daily%20report%202021-04-27.pdf,1227032,1012388,214644
Thailand,2021-04-27,"Oxford/AstraZeneca, Sinovac",https://ddc.moph.go.th/uploads/ckeditor2//files/Daily%20report%202021-04-28.pdf,1279713,1038960,240753
Thailand,2021-04-28,"Oxford/AstraZeneca, Sinovac",https://ddc.moph.go.th/uploads/ckeditor2//files/Daily%20report%202021-04-29.pdf,1344646,1059721,284925
Thailand,2021-04-29,"Oxford/AstraZeneca, Sinovac",https://ddc.moph.go.th/uploads/ckeditor2//files/Daily%20report%202021-04-30.pdf,1411614,1075756,335858
Thailand,2021-04-30,"Oxford/AstraZeneca, Sinovac",https://ddc.moph.go.th/uploads/ckeditor2//files/Daily%20report%202021-05-01.pdf,1477078,1095230,381848
Thailand,2021-05-01,"Oxford/AstraZeneca, Sinovac",https://ddc.moph.go.th/uploads/ckeditor2//files/Daily%20report%202021-05-02.pdf,1484565,1097862,386703
Thailand,2021-05-02,"Oxford/AstraZeneca, Sinovac",https://ddc.moph.go.th/uploads/ckeditor2//files/Daily%20report%202021-05-03.pdf,1486907,1099460,387447
Thailand,2021-05-03,"Oxford/AstraZeneca, Sinovac",https://ddc.moph.go.th/uploads/ckeditor2//files/Daily%20report%202021-05-04.pdf,1498617,1106071,392546
Thailand,2021-05-04,"Oxford/AstraZeneca, Sinovac",https://ddc.moph.go.th/uploads/ckeditor2//files/Daily%20report%202021-05-04.pdf,1573075,1150564,422511
Thailand,2021-05-05,"Oxford/AstraZeneca, Sinovac",https://ddc.moph.go.th/uploads/ckeditor2//files/Daily%20report%202021-05-06.pdf,1601833,1167719,434114
Thailand,2021-05-06,"Oxford/AstraZeneca, Sinovac",https://ddc.moph.go.th/uploads/ckeditor2//files/Daily%20report%202021-05-07.pdf,1651782,1201258,450524
Thailand,2021-05-07,"Oxford/AstraZeneca, Sinovac",https://ddc.moph.go.th/uploads/ckeditor2//files/Daily%20report%202021-05-08.pdf,1730488,1262703,467785
Thailand,2021-05-08,"Oxford/AstraZeneca, Sinovac",https://ddc.moph.go.th/uploads/ckeditor2//files/Daily%20report%202021-05-09.pdf,1743720,1273666,470054
Thailand,2021-05-09,"Oxford/AstraZeneca, Sinovac",https://ddc.moph.go.th/uploads/ckeditor2//files/Daily%20report%202021-05-10.pdf,1809894,1296440,513454
Thailand,2021-05-10,"Oxford/AstraZeneca, Sinovac",https://ddc.moph.go.th/uploads/ckeditor2//files/Daily%20report%202021-05-11.pdf,1898454,1365992,532462
Thailand,2021-05-11,"Oxford/AstraZeneca, Sinovac",https://ddc.moph.go.th/uploads/ckeditor2//files/Daily%20report%202021-05-12.pdf,1935565,1372013,563552
Thailand,2021-05-12,"Oxford/AstraZeneca, Sinovac",https://ddc.moph.go.th/uploads/ckeditor2//files/Daily%20report%202021-05-13.pdf,2040363,1395130,645233
Thailand,2021-05-13,"Oxford/AstraZeneca, Sinovac",https://ddc.moph.go.th/uploads/ckeditor2//files/Daily%20report%202021-05-14.pdf,2124732,1416732,708300
Thailand,2021-05-16,"Oxford/AstraZeneca, Sinovac",https://ddc.moph.go.th/uploads/ckeditor2//files/Daily%20report%202021-05-17.pdf,2264308,1482702,781606
Thailand,2021-05-17,"Oxford/AstraZeneca, Sinovac",https://ddc.moph.go.th/uploads/ckeditor2//files/Daily%20report%202021-05-18(1).pdf,2340995,1521034,819961
Thailand,2021-05-18,"Oxford/AstraZeneca, Sinovac",https://ddc.moph.go.th/uploads/ckeditor2//files/Daily%20report%202021-05-19.pdf,2445645,1585773,859872
Thailand,2021-05-19,"Oxford/AstraZeneca, Sinovac",https://ddc.moph.go.th/uploads/ckeditor2//files/Daily%20report%202021-05-20.pdf,2540116,1647871,892245
Thailand,2021-05-20,"Oxford/AstraZeneca, Sinovac",https://ddc.moph.go.th/uploads/ckeditor2//files/Daily%20report%202021-05-21.pdf,2648256,1726431,921825
Thailand,2021-05-21,"Oxford/AstraZeneca, Sinovac",https://ddc.moph.go.th/uploads/ckeditor2//files/Daily%20report%202021-05-22.pdf,2811549,1849393,962156
Thailand,2021-05-22,"Oxford/AstraZeneca, Sinovac",https://ddc.moph.go.th/uploads/ckeditor2//files/Daily%20report%202021-05-23.pdf,2865091,1898332,966759
Thailand,2021-05-23,"Oxford/AstraZeneca, Sinovac",https://ddc.moph.go.th/uploads/ckeditor2//files/Daily%20report%202021-05-24.pdf,2910664,1941565,969099
Thailand,2021-05-24,"Oxford/AstraZeneca, Sinovac",https://ddc.moph.go.th/uploads/ckeditor2//files/Daily%20report%202021-05-25.pdf,3024313,2044123,980190
Thailand,2021-05-25,"Oxford/AstraZeneca, Sinovac",https://ddc.moph.go.th/uploads/ckeditor2//files/Daily%20report%202021-05-26.pdf,3147227,2157609,989618
Thailand,2021-05-26,"Oxford/AstraZeneca, Sinovac",https://ddc.moph.go.th/uploads/ckeditor2//files/Daily%20report%202021-05-27.pdf,3208882,2214721,994161
Thailand,2021-05-27,"Oxford/AstraZeneca, Sinovac",https://ddc.moph.go.th/uploads/ckeditor2//files/Daily%20report%202021-05-28.pdf,3347050,2319304,1027746
Thailand,2021-05-28,"Oxford/AstraZeneca, Sinovac",https://ddc.moph.go.th/uploads/ckeditor2//files/Daily%20report%202021-05-29%20.pdf,3504125,2415903,1088222
Thailand,2021-05-29,"Oxford/AstraZeneca, Sinovac",https://ddc.moph.go.th/uploads/ckeditor2//files/Daily%20report%202021-05-30.pdf,3548330,2453807,1094523
Thailand,2021-05-30,"Oxford/AstraZeneca, Sinovac",https://ddc.moph.go.th/uploads/ckeditor2//files/Daily%20report%202021-05-31.pdf,3609882,2498929,1110953
Thailand,2021-05-31,"Oxford/AstraZeneca, Sinovac",https://ddc.moph.go.th/uploads/ckeditor2//files/Daily%20report%202021-06-01.pdf,3664859,2539491,1125368
Thailand,2021-06-01,"Oxford/AstraZeneca, Sinovac",https://ddc.moph.go.th/uploads/ckeditor2//files/Daily%20report%202021-06-02.pdf,3753718,2591372,1162346
Thailand,2021-06-03,"Oxford/AstraZeneca, Sinovac",https://ddc.moph.go.th/uploads/ckeditor2//files/Daily%20report%202021-06-04.pdf,3961589,2727759,1233830
Thailand,2021-06-04,"Oxford/AstraZeneca, Sinovac",https://ddc.moph.go.th/uploads/ckeditor2//files/Daily%20report%202021-06-05.pdf,4142944,2818676,1324268
Thailand,2021-06-05,"Oxford/AstraZeneca, Sinovac",https://ddc.moph.go.th/uploads/ckeditor2//files/Daily%20report%202021-06-06.pdf,4190503,2845287,1345216
Thailand,2021-06-06,"Oxford/AstraZeneca, Sinovac",https://ddc.moph.go.th/uploads/ckeditor2//files/Daily%20report%202021-06-07.pdf,4218094,2855041,1363053
Thailand,2021-06-07,"Oxford/AstraZeneca, Sinovac",https://ddc.moph.go.th/uploads/ckeditor2//files/Daily%20report%202021-06-08.pdf,4634941,3243913,1391028
Thailand,2021-06-08,"Oxford/AstraZeneca, Sinovac",https://ddc.moph.go.th/uploads/ckeditor2//files/Daily%20report%202021-06-09.pdf,5107069,3672372,1434697
Thailand,2021-06-09,"Oxford/AstraZeneca, Sinovac",https://ddc.moph.go.th/uploads/ckeditor2//files/Daily%20report%202021-06-10.pdf,5443743,3966091,1477652
Thailand,2021-06-10,"Oxford/AstraZeneca, Sinovac",https://ddc.moph.go.th/uploads/ckeditor2//files/Daily%20report%202021-06-11v2.pdf,5667058,4143444,1523614
Thailand,2021-06-11,"Oxford/AstraZeneca, Sinovac",https://ddc.moph.go.th/uploads/ckeditor2//files/Daily%20report%202021-06-12.pdf,5975070,4362685,1612835
Thailand,2021-06-12,"Oxford/AstraZeneca, Sinovac",https://ddc.moph.go.th/uploads/ckeditor2//files/Daily%20report%202021-06-13.pdf,6081242,4456786,1624456
Thailand,2021-06-13,"Oxford/AstraZeneca, Sinovac",https://ddc.moph.go.th/uploads/ckeditor2//files/Daily%20report%202021-06-14.pdf,6188124,4531914,1656210
Thailand,2021-06-14,"Oxford/AstraZeneca, Sinovac",https://ddc.moph.go.th/uploads/ckeditor2//files/Daily%20report%202021-06-15.pdf,6511184,4762063,1749121
Thailand,2021-06-15,"Oxford/AstraZeneca, Sinovac",https://ddc.moph.go.th/uploads/ckeditor2//files/Daily%20report%202021-06-16.pdf,6780816,4948227,1832589
Thailand,2021-06-16,"Oxford/AstraZeneca, Sinovac",https://ddc.moph.go.th/uploads/ckeditor2//files/Daily%20report%202021-06-17.pdf,7003783,5114755,1889028
Thailand,2021-06-17,"Oxford/AstraZeneca, Sinovac",https://ddc.moph.go.th/uploads/ckeditor2//files/Daily%20report%202021-06-18.pdf,7219668,5252531,1967137
Thailand,2021-06-18,"Oxford/AstraZeneca, Sinovac",https://ddc.moph.go.th/uploads/ckeditor2//files/Daily%20report%202021-06-19.pdf,7483083,5434119,2048964
Thailand,2021-06-19,"Oxford/AstraZeneca, Sinovac",https://ddc.moph.go.th/uploads/ckeditor2//files/Daily%20report%202021-06-20.pdf,7587178,5486092,2101086
Thailand,2021-06-20,"Oxford/AstraZeneca, Sinovac",https://ddc.moph.go.th/vaccine-covid19/getFiles/9/1624263263473.pdf,7679057,5526039,2153018
Thailand,2021-06-21,"Oxford/AstraZeneca, Sinovac",https://ddc.moph.go.th/uploads/ckeditor2//files/Daily%20report%202021-06-22.pdf,7906696,5678848,2227848
Thailand,2021-06-22,"Oxford/AstraZeneca, Sinovac",https://ddc.moph.go.th/uploads/ckeditor2//files/Daily%20report%202021-06-23.pdf,8148335,5844521,2303814
Thailand,2021-06-23,"Oxford/AstraZeneca, Sinovac",https://ddc.moph.go.th/uploads/ckeditor2//files/Daily%20report%202021-06-24.pdf,8400320,6017424,2382896
Thailand,2021-06-24,"Oxford/AstraZeneca, Sinovac",https://ddc.moph.go.th/uploads/ckeditor2//files/Daily%20Report%202021-06-25.pdf,8657423,6206353,2451070
Thailand,2021-06-25,"Oxford/AstraZeneca, Sinopharm/Beijing, Sinovac",https://ddc.moph.go.th/uploads/ckeditor2//files/Daily%20report%202021-06-26.pdf,8981478,6435308,2546170
Thailand,2021-06-26,"Oxford/AstraZeneca, Sinopharm/Beijing, Sinovac",https://ddc.moph.go.th/uploads/ckeditor2//files/Daily%20report%202021-06-27.pdf,9055141,6475826,2579315
Thailand,2021-06-27,"Oxford/AstraZeneca, Sinopharm/Beijing, Sinovac",https://ddc.moph.go.th/uploads/ckeditor2//files/Daily%20report%202021-06-28.pdf,9147513,6537852,2609661
Thailand,2021-06-28,"Oxford/AstraZeneca, Sinopharm/Beijing, Sinovac",https://ddc.moph.go.th/uploads/ckeditor2//files/Daily%20report%202021-06-29.pdf,9416972,6721038,2695394
Thailand,2021-06-29,"Oxford/AstraZeneca, Sinopharm/Beijing, Sinovac",https://ddc.moph.go.th/uploads/ckeditor2//files/Daily%20report%202021-06-30.pdf,9672706,6910169,2762537
Thailand,2021-06-30,"Oxford/AstraZeneca, Sinopharm/Beijing, Sinovac",https://ddc.moph.go.th/uploads/ckeditor2//files/Daily%20report%202021-07-01.pdf,9927698,7110854,2816844
Thailand,2021-07-01,"Oxford/AstraZeneca, Sinopharm/Beijing, Sinovac",https://ddc.moph.go.th/uploads/ckeditor2//files/Daily%20report%202021-07-02.pdf,10227183,7364585,2862598
Thailand,2021-07-02,"Oxford/AstraZeneca, Sinopharm/Beijing, Sinovac",https://ddc.moph.go.th/vaccine-covid19/getFiles/10/1625377983773.pdf,10572292,7640118,2932174
Thailand,2021-07-03,"Oxford/AstraZeneca, Sinopharm/Beijing, Sinovac",https://ddc.moph.go.th/uploads/ckeditor2//files/Daily%20report%202021-07-04.pdf,10670897,7721150,2949747
Thailand,2021-07-04,"Oxford/AstraZeneca, Sinopharm/Beijing, Sinovac",https://ddc.moph.go.th/uploads/ckeditor2//files/Daily%20report%202021-07-05.pdf,10777748,7804654,2973094
Thailand,2021-07-05,"Oxford/AstraZeneca, Sinopharm/Beijing, Sinovac",https://ddc.moph.go.th/uploads/ckeditor2//files/Daily%20report%202021-07-06.pdf,11058390,8022029,3036361
Thailand,2021-07-06,"Oxford/AstraZeneca, Sinovac",https://ddc.moph.go.th/uploads/ckeditor2//files/Daily%20report%202021-07-07.pdf,11328043,8245297,3082746
Thailand,2021-07-07,"Oxford/AstraZeneca, Sinovac",https://ddc.moph.go.th/uploads/ckeditor2//files/Daily%20report%202021-07-08.pdf,11619618,8494230,3125388
Thailand,2021-07-08,"Oxford/AstraZeneca, Sinovac",https://ddc.moph.go.th/uploads/ckeditor2//files/Daily%20report%202021-07-09.pdf,11975996,8800155,3175841
Thailand,2021-07-09,"Oxford/AstraZeneca, Sinovac",https://ddc.moph.go.th/uploads/ckeditor2//files/Daily%20report%202021-07-10.pdf,12375904,9130526,3245378
Thailand,2021-07-10,"Oxford/AstraZeneca, Sinovac",https://ddc.moph.go.th/uploads/ckeditor2//files/Daily%20report%202021-07-11.pdf,12469188,9213598,3255590
Thailand,2021-07-11,"Oxford/AstraZeneca, Sinovac",https://ddc.moph.go.th/uploads/ckeditor2//files/Daily%20report%202021-07-12.pdf,12569213,9301407,3267806
