location,date,vaccine,source_url,total_vaccinations,people_vaccinated,people_fully_vaccinated
Turks and Caicos Islands,2021-01-10,Pfizer/BioNTech,https://www.visittci.com/travel-info/turks-and-caicos-coronavirus-covid-19-vaccine,0,0,
Turks and Caicos Islands,2021-02-08,Pfizer/BioNTech,https://www.facebook.com/tcihealthpromotions/posts/1892840824219198,,6433,
Turks and Caicos Islands,2021-03-14,Pfizer/BioNTech,https://www.facebook.com/tcihealthpromotions/photos/1923854537784493,,11283,
Turks and Caicos Islands,2021-03-21,Pfizer/BioNTech,https://www.facebook.com/tcihealthpromotions/posts/1929025373934076,,12935,
Turks and Caicos Islands,2021-03-28,Pfizer/BioNTech,https://www.facebook.com/tcihealthpromotions/posts/1933293346840612,,13841,
Turks and Caicos Islands,2021-03-29,Pfizer/BioNTech,https://www.youtube.com/watch?v=N9-Kc2-CZdc,24300,14300,10000
Turks and Caicos Islands,2021-04-11,Pfizer/BioNTech,https://www.facebook.com/tcihealthpromotions/photos/1945783578924922,25039,15039,10000
Turks and Caicos Islands,2021-05-16,Pfizer/BioNTech,https://www.facebook.com/tcihealthpromotions/photos/1974299556073324,30760,20760,10000
Turks and Caicos Islands,2021-05-28,Pfizer/BioNTech,https://covid19.who.int/,36170,20760,15410
Turks and Caicos Islands,2021-06-18,Pfizer/BioNTech,https://covid19.who.int/,38110,22700,15410
Turks and Caicos Islands,2021-07-02,Pfizer/BioNTech,https://covid19.who.int/,45342,23846,21496
