location,date,vaccine,source_url,total_vaccinations,people_vaccinated,people_fully_vaccinated
United Kingdom,2020-12-13,Pfizer/BioNTech,https://coronavirus.data.gov.uk/details/vaccinations,86465,86465,
United Kingdom,2020-12-20,Pfizer/BioNTech,https://coronavirus.data.gov.uk/details/vaccinations,675286,675286,
United Kingdom,2020-12-27,Pfizer/BioNTech,https://coronavirus.data.gov.uk/details/vaccinations,1005073,1005073,
United Kingdom,2021-01-03,Pfizer/BioNTech,https://coronavirus.data.gov.uk/details/vaccinations,1380430,1380430,
United Kingdom,2021-01-10,"Oxford/AstraZeneca, Pfizer/BioNTech",https://coronavirus.data.gov.uk/details/vaccinations,2677971,2286572,391399
United Kingdom,2021-01-11,"Oxford/AstraZeneca, Pfizer/BioNTech",https://coronavirus.data.gov.uk/details/vaccinations,2843815,2431648,412167
United Kingdom,2021-01-12,"Oxford/AstraZeneca, Pfizer/BioNTech",https://coronavirus.data.gov.uk/details/vaccinations,3067541,2639309,428232
United Kingdom,2021-01-13,"Oxford/AstraZeneca, Pfizer/BioNTech",https://coronavirus.data.gov.uk/details/vaccinations,3356229,2918252,437977
United Kingdom,2021-01-14,"Oxford/AstraZeneca, Pfizer/BioNTech",https://coronavirus.data.gov.uk/details/vaccinations,3678180,3234946,443234
United Kingdom,2021-01-15,"Oxford/AstraZeneca, Pfizer/BioNTech",https://coronavirus.data.gov.uk/details/vaccinations,4023705,3576263,447442
United Kingdom,2021-01-16,"Oxford/AstraZeneca, Pfizer/BioNTech",https://coronavirus.data.gov.uk/details/vaccinations,4322456,3872394,450062
United Kingdom,2021-01-17,"Oxford/AstraZeneca, Pfizer/BioNTech",https://coronavirus.data.gov.uk/details/vaccinations,4514802,4062501,452301
United Kingdom,2021-01-18,"Oxford/AstraZeneca, Pfizer/BioNTech",https://coronavirus.data.gov.uk/details/vaccinations,4723443,4266577,456866
United Kingdom,2021-01-19,"Oxford/AstraZeneca, Pfizer/BioNTech",https://coronavirus.data.gov.uk/details/vaccinations,5070365,4609740,460625
United Kingdom,2021-01-20,"Oxford/AstraZeneca, Pfizer/BioNTech",https://coronavirus.data.gov.uk/details/vaccinations,5437284,4973248,464036
United Kingdom,2021-01-21,"Oxford/AstraZeneca, Pfizer/BioNTech",https://coronavirus.data.gov.uk/details/vaccinations,5849899,5383103,466796
United Kingdom,2021-01-22,"Oxford/AstraZeneca, Pfizer/BioNTech",https://coronavirus.data.gov.uk/details/vaccinations,6329968,5861351,468617
United Kingdom,2021-01-23,"Oxford/AstraZeneca, Pfizer/BioNTech",https://coronavirus.data.gov.uk/details/vaccinations,6822981,6353321,469660
United Kingdom,2021-01-24,"Oxford/AstraZeneca, Pfizer/BioNTech",https://coronavirus.data.gov.uk/details/vaccinations,7044048,6573570,470478
United Kingdom,2021-01-25,"Oxford/AstraZeneca, Pfizer/BioNTech",https://coronavirus.data.gov.uk/details/vaccinations,7325773,6853327,472446
United Kingdom,2021-01-26,"Oxford/AstraZeneca, Pfizer/BioNTech",https://coronavirus.data.gov.uk/details/vaccinations,7638543,7164387,474156
United Kingdom,2021-01-27,"Oxford/AstraZeneca, Pfizer/BioNTech",https://coronavirus.data.gov.uk/details/vaccinations,7953250,7476765,476485
United Kingdom,2021-01-28,"Oxford/AstraZeneca, Pfizer/BioNTech",https://coronavirus.data.gov.uk/details/vaccinations,8369438,7891184,478254
United Kingdom,2021-01-29,"Oxford/AstraZeneca, Pfizer/BioNTech",https://coronavirus.data.gov.uk/details/vaccinations,8859372,8378940,480432
United Kingdom,2021-01-30,"Oxford/AstraZeneca, Pfizer/BioNTech",https://coronavirus.data.gov.uk/details/vaccinations,9468382,8977329,491053
United Kingdom,2021-01-31,"Oxford/AstraZeneca, Pfizer/BioNTech",https://coronavirus.data.gov.uk/details/vaccinations,9790576,9296367,494209
United Kingdom,2021-02-01,"Oxford/AstraZeneca, Pfizer/BioNTech",https://coronavirus.data.gov.uk/details/vaccinations,10143511,9646715,496796
United Kingdom,2021-02-02,"Oxford/AstraZeneca, Pfizer/BioNTech",https://coronavirus.data.gov.uk/details/vaccinations,10520433,10021471,498962
United Kingdom,2021-02-03,"Oxford/AstraZeneca, Pfizer/BioNTech",https://coronavirus.data.gov.uk/details/vaccinations,10992444,10490487,501957
United Kingdom,2021-02-04,"Oxford/AstraZeneca, Pfizer/BioNTech",https://coronavirus.data.gov.uk/details/vaccinations,11477040,10971047,505993
United Kingdom,2021-02-05,"Oxford/AstraZeneca, Pfizer/BioNTech",https://coronavirus.data.gov.uk/details/vaccinations,11975267,11465210,510057
United Kingdom,2021-02-06,"Oxford/AstraZeneca, Pfizer/BioNTech",https://coronavirus.data.gov.uk/details/vaccinations,12526737,12015018,511719
United Kingdom,2021-02-07,"Oxford/AstraZeneca, Pfizer/BioNTech",https://coronavirus.data.gov.uk/details/vaccinations,12806587,12294006,512581
United Kingdom,2021-02-08,"Oxford/AstraZeneca, Pfizer/BioNTech",https://coronavirus.data.gov.uk/details/vaccinations,13162878,12646486,516392
United Kingdom,2021-02-09,"Oxford/AstraZeneca, Pfizer/BioNTech",https://coronavirus.data.gov.uk/details/vaccinations,13577851,13058298,519553
United Kingdom,2021-02-10,"Oxford/AstraZeneca, Pfizer/BioNTech",https://coronavirus.data.gov.uk/details/vaccinations,14033555,13509108,524447
United Kingdom,2021-02-11,"Oxford/AstraZeneca, Pfizer/BioNTech",https://coronavirus.data.gov.uk/details/vaccinations,14542318,14012224,530094
United Kingdom,2021-02-12,"Oxford/AstraZeneca, Pfizer/BioNTech",https://coronavirus.data.gov.uk/details/vaccinations,15091696,14556827,534869
United Kingdom,2021-02-13,"Oxford/AstraZeneca, Pfizer/BioNTech",https://coronavirus.data.gov.uk/details/vaccinations,15599904,15062189,537715
United Kingdom,2021-02-14,"Oxford/AstraZeneca, Pfizer/BioNTech",https://coronavirus.data.gov.uk/details/vaccinations,15839781,15300151,539630
United Kingdom,2021-02-15,"Oxford/AstraZeneca, Pfizer/BioNTech",https://coronavirus.data.gov.uk/details/vaccinations,16122272,15576107,546165
United Kingdom,2021-02-16,"Oxford/AstraZeneca, Pfizer/BioNTech",https://coronavirus.data.gov.uk/details/vaccinations,16499549,15940972,558577
United Kingdom,2021-02-17,"Oxford/AstraZeneca, Pfizer/BioNTech",https://coronavirus.data.gov.uk/details/vaccinations,16996806,16423082,573724
United Kingdom,2021-02-18,"Oxford/AstraZeneca, Pfizer/BioNTech",https://coronavirus.data.gov.uk/details/vaccinations,17465127,16875536,589591
United Kingdom,2021-02-19,"Oxford/AstraZeneca, Pfizer/BioNTech",https://coronavirus.data.gov.uk/details/vaccinations,17852327,17247442,604885
United Kingdom,2021-02-20,"Oxford/AstraZeneca, Pfizer/BioNTech",https://coronavirus.data.gov.uk/details/vaccinations,18197269,17582121,615148
United Kingdom,2021-02-21,"Oxford/AstraZeneca, Pfizer/BioNTech",https://coronavirus.data.gov.uk/details/vaccinations,18348165,17723840,624325
United Kingdom,2021-02-22,"Oxford/AstraZeneca, Pfizer/BioNTech",https://coronavirus.data.gov.uk/details/vaccinations,18558969,17916181,642788
United Kingdom,2021-02-23,"Oxford/AstraZeneca, Pfizer/BioNTech",https://coronavirus.data.gov.uk/details/vaccinations,18911978,18242873,669105
United Kingdom,2021-02-24,"Oxford/AstraZeneca, Pfizer/BioNTech",https://coronavirus.data.gov.uk/details/vaccinations,19392553,18691835,700718
United Kingdom,2021-02-25,"Oxford/AstraZeneca, Pfizer/BioNTech",https://coronavirus.data.gov.uk/details/vaccinations,19913592,19177555,736037
United Kingdom,2021-02-26,"Oxford/AstraZeneca, Pfizer/BioNTech",https://coronavirus.data.gov.uk/details/vaccinations,20450858,19682048,768810
United Kingdom,2021-02-27,"Oxford/AstraZeneca, Pfizer/BioNTech",https://coronavirus.data.gov.uk/details/vaccinations,20885683,20089551,796132
United Kingdom,2021-02-28,"Oxford/AstraZeneca, Pfizer/BioNTech",https://coronavirus.data.gov.uk/details/vaccinations,21091267,20275451,815816
United Kingdom,2021-03-01,"Oxford/AstraZeneca, Pfizer/BioNTech",https://coronavirus.data.gov.uk/details/vaccinations,21322717,20478619,844098
United Kingdom,2021-03-02,"Oxford/AstraZeneca, Pfizer/BioNTech",https://coronavirus.data.gov.uk/details/vaccinations,21599027,20703615,895412
United Kingdom,2021-03-03,"Oxford/AstraZeneca, Pfizer/BioNTech",https://coronavirus.data.gov.uk/details/vaccinations,21946433,20982571,963862
United Kingdom,2021-03-04,"Oxford/AstraZeneca, Pfizer/BioNTech",https://coronavirus.data.gov.uk/details/vaccinations,22392883,21358815,1034068
United Kingdom,2021-03-05,"Oxford/AstraZeneca, Pfizer/BioNTech",https://coronavirus.data.gov.uk/details/vaccinations,22887118,21796278,1090840
United Kingdom,2021-03-06,"Oxford/AstraZeneca, Pfizer/BioNTech",https://coronavirus.data.gov.uk/details/vaccinations,23335514,22213112,1122402
United Kingdom,2021-03-07,"Oxford/AstraZeneca, Pfizer/BioNTech",https://coronavirus.data.gov.uk/details/vaccinations,23519898,22377255,1142643
United Kingdom,2021-03-08,"Oxford/AstraZeneca, Pfizer/BioNTech",https://coronavirus.data.gov.uk/details/vaccinations,23773959,22592528,1181431
United Kingdom,2021-03-09,"Oxford/AstraZeneca, Pfizer/BioNTech",https://coronavirus.data.gov.uk/details/vaccinations,24064182,22809829,1254353
United Kingdom,2021-03-10,"Oxford/AstraZeneca, Pfizer/BioNTech",https://coronavirus.data.gov.uk/details/vaccinations,24405231,23053716,1351515
United Kingdom,2021-03-11,"Oxford/AstraZeneca, Pfizer/BioNTech",https://coronavirus.data.gov.uk/details/vaccinations,24759603,23314525,1445078
United Kingdom,2021-03-12,"Oxford/AstraZeneca, Pfizer/BioNTech",https://coronavirus.data.gov.uk/details/vaccinations,25216857,23684103,1532754
United Kingdom,2021-03-13,"Oxford/AstraZeneca, Pfizer/BioNTech",https://coronavirus.data.gov.uk/details/vaccinations,25781120,24196211,1584909
United Kingdom,2021-03-14,"Oxford/AstraZeneca, Pfizer/BioNTech",https://coronavirus.data.gov.uk/details/vaccinations,26063501,24453221,1610280
United Kingdom,2021-03-15,"Oxford/AstraZeneca, Pfizer/BioNTech",https://coronavirus.data.gov.uk/details/vaccinations,26503552,24839906,1663646
United Kingdom,2021-03-16,"Oxford/AstraZeneca, Pfizer/BioNTech",https://coronavirus.data.gov.uk/details/vaccinations,27032671,25273226,1759445
United Kingdom,2021-03-17,"Oxford/AstraZeneca, Pfizer/BioNTech",https://coronavirus.data.gov.uk/details/vaccinations,27614526,25735472,1879054
United Kingdom,2021-03-18,"Oxford/AstraZeneca, Pfizer/BioNTech",https://coronavirus.data.gov.uk/details/vaccinations,28274802,26263732,2011070
United Kingdom,2021-03-19,"Oxford/AstraZeneca, Pfizer/BioNTech",https://coronavirus.data.gov.uk/details/vaccinations,29015457,26878662,2136795
United Kingdom,2021-03-20,"Oxford/AstraZeneca, Pfizer/BioNTech",https://coronavirus.data.gov.uk/details/vaccinations,29859742,27630970,2228772
United Kingdom,2021-03-21,"Oxford/AstraZeneca, Pfizer/BioNTech",https://coronavirus.data.gov.uk/details/vaccinations,30279360,27997976,2281384
United Kingdom,2021-03-22,"Oxford/AstraZeneca, Pfizer/BioNTech",https://coronavirus.data.gov.uk/details/vaccinations,30691557,28327873,2363684
United Kingdom,2021-03-23,"Oxford/AstraZeneca, Pfizer/BioNTech",https://coronavirus.data.gov.uk/details/vaccinations,31186362,28653523,2532839
United Kingdom,2021-03-24,"Oxford/AstraZeneca, Pfizer/BioNTech",https://coronavirus.data.gov.uk/details/vaccinations,31766669,28991188,2775481
United Kingdom,2021-03-25,"Oxford/AstraZeneca, Pfizer/BioNTech",https://coronavirus.data.gov.uk/details/vaccinations,32325993,29316130,3009863
United Kingdom,2021-03-26,"Oxford/AstraZeneca, Pfizer/BioNTech",https://coronavirus.data.gov.uk/details/vaccinations,33020952,29727435,3293517
United Kingdom,2021-03-27,"Oxford/AstraZeneca, Pfizer/BioNTech",https://coronavirus.data.gov.uk/details/vaccinations,33684114,30151736,3532378
United Kingdom,2021-03-28,"Oxford/AstraZeneca, Pfizer/BioNTech",https://coronavirus.data.gov.uk/details/vaccinations,34125256,30445284,3679972
United Kingdom,2021-03-29,"Oxford/AstraZeneca, Pfizer/BioNTech",https://coronavirus.data.gov.uk/details/vaccinations,34530295,30682093,3848202
United Kingdom,2021-03-30,"Oxford/AstraZeneca, Pfizer/BioNTech",https://coronavirus.data.gov.uk/details/vaccinations,35033894,30908010,4125884
United Kingdom,2021-03-31,"Oxford/AstraZeneca, Pfizer/BioNTech",https://coronavirus.data.gov.uk/details/vaccinations,35660902,31147444,4513458
United Kingdom,2021-04-01,"Oxford/AstraZeneca, Pfizer/BioNTech",https://coronavirus.data.gov.uk/details/vaccinations,36277136,31318262,4958874
United Kingdom,2021-04-02,"Oxford/AstraZeneca, Pfizer/BioNTech",https://coronavirus.data.gov.uk/details/vaccinations,36631187,31425682,5205505
United Kingdom,2021-04-03,"Oxford/AstraZeneca, Pfizer/BioNTech",https://coronavirus.data.gov.uk/details/vaccinations,36917986,31533568,5384418
United Kingdom,2021-04-04,"Oxford/AstraZeneca, Pfizer/BioNTech",https://coronavirus.data.gov.uk/details/vaccinations,37013749,31581623,5432126
United Kingdom,2021-04-05,"Oxford/AstraZeneca, Pfizer/BioNTech",https://coronavirus.data.gov.uk/details/vaccinations,37119083,31622367,5496716
United Kingdom,2021-04-06,"Oxford/AstraZeneca, Pfizer/BioNTech",https://coronavirus.data.gov.uk/details/vaccinations,37391103,31707594,5683509
United Kingdom,2021-04-07,"Moderna, Oxford/AstraZeneca, Pfizer/BioNTech",https://coronavirus.data.gov.uk/details/vaccinations,37899029,31807124,6091905
United Kingdom,2021-04-08,"Moderna, Oxford/AstraZeneca, Pfizer/BioNTech",https://coronavirus.data.gov.uk/details/vaccinations,38444540,31903366,6541174
United Kingdom,2021-04-09,"Moderna, Oxford/AstraZeneca, Pfizer/BioNTech",https://coronavirus.data.gov.uk/details/vaccinations,39001554,32010244,6991310
United Kingdom,2021-04-10,"Moderna, Oxford/AstraZeneca, Pfizer/BioNTech",https://coronavirus.data.gov.uk/details/vaccinations,39587893,32121353,7466540
United Kingdom,2021-04-11,"Moderna, Oxford/AstraZeneca, Pfizer/BioNTech",https://coronavirus.data.gov.uk/details/vaccinations,39846781,32190576,7656205
United Kingdom,2021-04-12,"Moderna, Oxford/AstraZeneca, Pfizer/BioNTech",https://coronavirus.data.gov.uk/details/vaccinations,40107877,32250481,7857396
United Kingdom,2021-04-13,"Moderna, Oxford/AstraZeneca, Pfizer/BioNTech",https://coronavirus.data.gov.uk/details/vaccinations,40496685,32326604,8170081
United Kingdom,2021-04-14,"Moderna, Oxford/AstraZeneca, Pfizer/BioNTech",https://coronavirus.data.gov.uk/details/vaccinations,40958303,32444439,8513864
United Kingdom,2021-04-15,"Moderna, Oxford/AstraZeneca, Pfizer/BioNTech",https://coronavirus.data.gov.uk/details/vaccinations,41505768,32574221,8931547
United Kingdom,2021-04-16,"Moderna, Oxford/AstraZeneca, Pfizer/BioNTech",https://coronavirus.data.gov.uk/details/vaccinations,42140989,32709778,9431211
United Kingdom,2021-04-17,"Moderna, Oxford/AstraZeneca, Pfizer/BioNTech",https://coronavirus.data.gov.uk/details/vaccinations,42780069,32849223,9930846
United Kingdom,2021-04-18,"Moderna, Oxford/AstraZeneca, Pfizer/BioNTech",https://coronavirus.data.gov.uk/details/vaccinations,43084487,32932448,10152039
United Kingdom,2021-04-19,"Moderna, Oxford/AstraZeneca, Pfizer/BioNTech",https://coronavirus.data.gov.uk/details/vaccinations,43457910,33032120,10425790
United Kingdom,2021-04-20,"Moderna, Oxford/AstraZeneca, Pfizer/BioNTech",https://coronavirus.data.gov.uk/details/vaccinations,43915559,33139742,10775817
United Kingdom,2021-04-21,"Moderna, Oxford/AstraZeneca, Pfizer/BioNTech",https://coronavirus.data.gov.uk/details/vaccinations,44450252,33257651,11192601
United Kingdom,2021-04-22,"Moderna, Oxford/AstraZeneca, Pfizer/BioNTech",https://coronavirus.data.gov.uk/details/vaccinations,45012308,33388637,11623671
United Kingdom,2021-04-23,"Moderna, Oxford/AstraZeneca, Pfizer/BioNTech",https://coronavirus.data.gov.uk/details/vaccinations,45613109,33524423,12088686
United Kingdom,2021-04-24,"Moderna, Oxford/AstraZeneca, Pfizer/BioNTech",https://coronavirus.data.gov.uk/details/vaccinations,46309512,33673190,12636322
United Kingdom,2021-04-25,"Moderna, Oxford/AstraZeneca, Pfizer/BioNTech",https://coronavirus.data.gov.uk/details/vaccinations,46650008,33752885,12897123
United Kingdom,2021-04-26,"Moderna, Oxford/AstraZeneca, Pfizer/BioNTech",https://coronavirus.data.gov.uk/details/vaccinations,47045391,33843580,13201811
United Kingdom,2021-04-27,"Moderna, Oxford/AstraZeneca, Pfizer/BioNTech",https://coronavirus.data.gov.uk/details/vaccinations,47540984,33959908,13581076
United Kingdom,2021-04-28,"Moderna, Oxford/AstraZeneca, Pfizer/BioNTech",https://coronavirus.data.gov.uk/details/vaccinations,48138009,34094048,14043961
United Kingdom,2021-04-29,"Moderna, Oxford/AstraZeneca, Pfizer/BioNTech",https://coronavirus.data.gov.uk/details/vaccinations,48752144,34216616,14535528
United Kingdom,2021-04-30,"Moderna, Oxford/AstraZeneca, Pfizer/BioNTech",https://coronavirus.data.gov.uk/details/vaccinations,49319518,34362205,14957313
United Kingdom,2021-05-01,"Moderna, Oxford/AstraZeneca, Pfizer/BioNTech",https://coronavirus.data.gov.uk/details/vaccinations,49834997,34505380,15329617
United Kingdom,2021-05-02,"Moderna, Oxford/AstraZeneca, Pfizer/BioNTech",https://coronavirus.data.gov.uk/details/vaccinations,50097812,34595304,15502508
United Kingdom,2021-05-03,"Moderna, Oxford/AstraZeneca, Pfizer/BioNTech",https://coronavirus.data.gov.uk/details/vaccinations,50297911,34667904,15630007
United Kingdom,2021-05-04,"Moderna, Oxford/AstraZeneca, Pfizer/BioNTech",https://coronavirus.data.gov.uk/details/vaccinations,50682567,34795074,15887493
United Kingdom,2021-05-05,"Moderna, Oxford/AstraZeneca, Pfizer/BioNTech",https://coronavirus.data.gov.uk/details/vaccinations,51225890,34934171,16291719
United Kingdom,2021-05-06,"Moderna, Oxford/AstraZeneca, Pfizer/BioNTech",https://coronavirus.data.gov.uk/details/vaccinations,51834361,35069641,16764720
United Kingdom,2021-05-07,"Moderna, Oxford/AstraZeneca, Pfizer/BioNTech",https://coronavirus.data.gov.uk/details/vaccinations,52433184,35202642,17230542
United Kingdom,2021-05-08,"Moderna, Oxford/AstraZeneca, Pfizer/BioNTech",https://coronavirus.data.gov.uk/details/vaccinations,53041048,35371669,17669379
United Kingdom,2021-05-09,"Moderna, Oxford/AstraZeneca, Pfizer/BioNTech",https://coronavirus.data.gov.uk/details/vaccinations,53328845,35472295,17856550
United Kingdom,2021-05-10,"Moderna, Oxford/AstraZeneca, Pfizer/BioNTech",https://coronavirus.data.gov.uk/details/vaccinations,53675733,35587348,18088385
United Kingdom,2021-05-11,"Moderna, Oxford/AstraZeneca, Pfizer/BioNTech",https://coronavirus.data.gov.uk/details/vaccinations,54160993,35722461,18438532
United Kingdom,2021-05-12,"Moderna, Oxford/AstraZeneca, Pfizer/BioNTech",https://coronavirus.data.gov.uk/details/vaccinations,54797640,35906671,18890969
United Kingdom,2021-05-13,"Moderna, Oxford/AstraZeneca, Pfizer/BioNTech",https://coronavirus.data.gov.uk/details/vaccinations,55434965,36115955,19319010
United Kingdom,2021-05-14,"Moderna, Oxford/AstraZeneca, Pfizer/BioNTech",https://coronavirus.data.gov.uk/details/vaccinations,56048435,36336023,19712412
United Kingdom,2021-05-15,"Moderna, Oxford/AstraZeneca, Pfizer/BioNTech",https://coronavirus.data.gov.uk/details/vaccinations,56677012,36573354,20103658
United Kingdom,2021-05-16,"Moderna, Oxford/AstraZeneca, Pfizer/BioNTech",https://coronavirus.data.gov.uk/details/vaccinations,56992075,36704672,20287403
United Kingdom,2021-05-17,"Moderna, Oxford/AstraZeneca, Pfizer/BioNTech",https://coronavirus.data.gov.uk/details/vaccinations,57357857,36811405,20546452
United Kingdom,2021-05-18,"Moderna, Oxford/AstraZeneca, Pfizer/BioNTech",https://coronavirus.data.gov.uk/details/vaccinations,57855958,36985505,20870453
United Kingdom,2021-05-19,"Moderna, Oxford/AstraZeneca, Pfizer/BioNTech",https://coronavirus.data.gov.uk/details/vaccinations,58489834,37250363,21239471
United Kingdom,2021-05-20,"Moderna, Oxford/AstraZeneca, Pfizer/BioNTech",https://coronavirus.data.gov.uk/details/vaccinations,59178397,37518614,21659783
United Kingdom,2021-05-21,"Moderna, Oxford/AstraZeneca, Pfizer/BioNTech",https://coronavirus.data.gov.uk/details/vaccinations,59824737,37738271,22086466
United Kingdom,2021-05-22,"Moderna, Oxford/AstraZeneca, Pfizer/BioNTech",https://coronavirus.data.gov.uk/details/vaccinations,60587098,37943681,22643417
United Kingdom,2021-05-23,"Moderna, Oxford/AstraZeneca, Pfizer/BioNTech",https://coronavirus.data.gov.uk/details/vaccinations,60965594,38070038,22895556
United Kingdom,2021-05-24,"Moderna, Oxford/AstraZeneca, Pfizer/BioNTech",https://coronavirus.data.gov.uk/details/vaccinations,61420928,38192417,23228511
United Kingdom,2021-05-25,"Moderna, Oxford/AstraZeneca, Pfizer/BioNTech",https://coronavirus.data.gov.uk/details/vaccinations,61995062,38378564,23616498
United Kingdom,2021-05-26,"Moderna, Oxford/AstraZeneca, Pfizer/BioNTech",https://coronavirus.data.gov.uk/details/vaccinations,62658639,38614683,24043956
United Kingdom,2021-05-27,"Moderna, Oxford/AstraZeneca, Pfizer/BioNTech",https://coronavirus.data.gov.uk/details/vaccinations,63349252,38871200,24478052
United Kingdom,2021-05-28,"Moderna, Oxford/AstraZeneca, Pfizer/BioNTech",https://coronavirus.data.gov.uk/details/vaccinations,63989645,39075642,24914003
United Kingdom,2021-05-29,"Moderna, Oxford/AstraZeneca, Pfizer/BioNTech",https://coronavirus.data.gov.uk/details/vaccinations,64592019,39259168,25332851
United Kingdom,2021-05-30,"Moderna, Oxford/AstraZeneca, Pfizer/BioNTech",https://coronavirus.data.gov.uk/details/vaccinations,64923228,39384055,25539173
United Kingdom,2021-05-31,"Moderna, Oxford/AstraZeneca, Pfizer/BioNTech",https://coronavirus.data.gov.uk/details/vaccinations,65211877,39477158,25734719
United Kingdom,2021-06-01,"Moderna, Oxford/AstraZeneca, Pfizer/BioNTech",https://coronavirus.data.gov.uk/details/vaccinations,65658949,39585665,26073284
United Kingdom,2021-06-02,"Moderna, Oxford/AstraZeneca, Pfizer/BioNTech",https://coronavirus.data.gov.uk/details/vaccinations,66180731,39758428,26422303
United Kingdom,2021-06-03,"Moderna, Oxford/AstraZeneca, Pfizer/BioNTech",https://coronavirus.data.gov.uk/details/vaccinations,66749638,39949694,26799944
United Kingdom,2021-06-04,"Moderna, Oxford/AstraZeneca, Pfizer/BioNTech",https://coronavirus.data.gov.uk/details/vaccinations,67317593,40129618,27187975
United Kingdom,2021-06-05,"Moderna, Oxford/AstraZeneca, Pfizer/BioNTech",https://coronavirus.data.gov.uk/details/vaccinations,67994584,40333231,27661353
United Kingdom,2021-06-06,"Moderna, Oxford/AstraZeneca, Pfizer/BioNTech",https://coronavirus.data.gov.uk/details/vaccinations,68381870,40460576,27921294
United Kingdom,2021-06-07,"Moderna, Oxford/AstraZeneca, Pfizer/BioNTech",https://coronavirus.data.gov.uk/details/vaccinations,68800879,40573517,28227362
United Kingdom,2021-06-08,"Moderna, Oxford/AstraZeneca, Pfizer/BioNTech",https://coronavirus.data.gov.uk/details/vaccinations,69251163,40710319,28540844
United Kingdom,2021-06-09,"Moderna, Oxford/AstraZeneca, Pfizer/BioNTech",https://coronavirus.data.gov.uk/details/vaccinations,69743980,40886878,28857102
United Kingdom,2021-06-10,"Moderna, Oxford/AstraZeneca, Pfizer/BioNTech",https://coronavirus.data.gov.uk/details/vaccinations,70253625,41088485,29165140
United Kingdom,2021-06-11,"Moderna, Oxford/AstraZeneca, Pfizer/BioNTech",https://coronavirus.data.gov.uk/details/vaccinations,70769348,41297016,29472332
United Kingdom,2021-06-12,"Moderna, Oxford/AstraZeneca, Pfizer/BioNTech",https://coronavirus.data.gov.uk/details/vaccinations,71343859,41551201,29792658
United Kingdom,2021-06-13,"Moderna, Oxford/AstraZeneca, Pfizer/BioNTech",https://coronavirus.data.gov.uk/details/vaccinations,71672208,41698429,29973779
United Kingdom,2021-06-14,"Moderna, Oxford/AstraZeneca, Pfizer/BioNTech",https://coronavirus.data.gov.uk/details/vaccinations,72040763,41831056,30209707
United Kingdom,2021-06-15,"Moderna, Oxford/AstraZeneca, Pfizer/BioNTech",https://coronavirus.data.gov.uk/details/vaccinations,72461462,42021089,30440373
United Kingdom,2021-06-16,"Moderna, Oxford/AstraZeneca, Pfizer/BioNTech",https://coronavirus.data.gov.uk/details/vaccinations,72891861,42216654,30675207
United Kingdom,2021-06-17,"Moderna, Oxford/AstraZeneca, Pfizer/BioNTech",https://coronavirus.data.gov.uk/details/vaccinations,73359099,42460632,30898467
United Kingdom,2021-06-18,"Moderna, Oxford/AstraZeneca, Pfizer/BioNTech",https://coronavirus.data.gov.uk/details/vaccinations,73787916,42683772,31104144
United Kingdom,2021-06-19,"Moderna, Oxford/AstraZeneca, Pfizer/BioNTech",https://coronavirus.data.gov.uk/details/vaccinations,74304520,42964013,31340507
United Kingdom,2021-06-20,"Moderna, Oxford/AstraZeneca, Pfizer/BioNTech",https://coronavirus.data.gov.uk/details/vaccinations,74577678,43127763,31449915
United Kingdom,2021-06-21,"Moderna, Oxford/AstraZeneca, Pfizer/BioNTech",https://coronavirus.data.gov.uk/details/vaccinations,74638083,43148843,31489240
United Kingdom,2021-06-22,"Moderna, Oxford/AstraZeneca, Pfizer/BioNTech",https://coronavirus.data.gov.uk/details/vaccinations,75188795,43448680,31740115
United Kingdom,2021-06-23,"Moderna, Oxford/AstraZeneca, Pfizer/BioNTech",https://coronavirus.data.gov.uk/details/vaccinations,75564430,43656327,31908103
United Kingdom,2021-06-24,"Moderna, Oxford/AstraZeneca, Pfizer/BioNTech",https://coronavirus.data.gov.uk/details/vaccinations,75963777,43877861,32085916
United Kingdom,2021-06-25,"Moderna, Oxford/AstraZeneca, Pfizer/BioNTech",https://coronavirus.data.gov.uk/details/vaccinations,76341044,44080358,32260686
United Kingdom,2021-06-26,"Moderna, Oxford/AstraZeneca, Pfizer/BioNTech",https://coronavirus.data.gov.uk/details/vaccinations,76774990,44314799,32460191
United Kingdom,2021-06-27,"Moderna, Oxford/AstraZeneca, Pfizer/BioNTech",https://coronavirus.data.gov.uk/details/vaccinations,77038257,44454511,32583746
United Kingdom,2021-06-28,"Moderna, Oxford/AstraZeneca, Pfizer/BioNTech",https://coronavirus.data.gov.uk/details/vaccinations,77303533,44581771,32721762
United Kingdom,2021-06-29,"Moderna, Oxford/AstraZeneca, Pfizer/BioNTech",https://coronavirus.data.gov.uk/details/vaccinations,77592212,44719762,32872450
United Kingdom,2021-06-30,"Moderna, Oxford/AstraZeneca, Pfizer/BioNTech",https://coronavirus.data.gov.uk/details/vaccinations,77909177,44860978,33048199
United Kingdom,2021-07-01,"Moderna, Oxford/AstraZeneca, Pfizer/BioNTech",https://coronavirus.data.gov.uk/details/vaccinations,78254768,45013503,33241265
United Kingdom,2021-07-02,"Moderna, Oxford/AstraZeneca, Pfizer/BioNTech",https://coronavirus.data.gov.uk/details/vaccinations,78555851,45137108,33418743
United Kingdom,2021-07-03,"Moderna, Oxford/AstraZeneca, Pfizer/BioNTech",https://coronavirus.data.gov.uk/details/vaccinations,78889449,45274497,33614952
United Kingdom,2021-07-04,"Moderna, Oxford/AstraZeneca, Pfizer/BioNTech",https://coronavirus.data.gov.uk/details/vaccinations,79078081,45351719,33726362
United Kingdom,2021-07-05,"Moderna, Oxford/AstraZeneca, Pfizer/BioNTech",https://coronavirus.data.gov.uk/details/vaccinations,79302857,45428681,33874176
United Kingdom,2021-07-06,"Moderna, Oxford/AstraZeneca, Pfizer/BioNTech",https://coronavirus.data.gov.uk/details/vaccinations,79541794,45514492,34027302
United Kingdom,2021-07-07,"Moderna, Oxford/AstraZeneca, Pfizer/BioNTech",https://coronavirus.data.gov.uk/details/vaccinations,79800224,45601445,34198779
United Kingdom,2021-07-08,"Moderna, Oxford/AstraZeneca, Pfizer/BioNTech",https://coronavirus.data.gov.uk/details/vaccinations,80072121,45697875,34374246
United Kingdom,2021-07-09,"Moderna, Oxford/AstraZeneca, Pfizer/BioNTech",https://coronavirus.data.gov.uk/details/vaccinations,80341023,45787958,34553065
United Kingdom,2021-07-10,"Moderna, Oxford/AstraZeneca, Pfizer/BioNTech",https://coronavirus.data.gov.uk/details/vaccinations,80646232,45881721,34764511
