location,date,vaccine,source_url,total_vaccinations,people_vaccinated,people_fully_vaccinated
Uruguay,2021-02-27,Sinovac,https://monitor.uruguaysevacuna.gub.uy/,372,372,0
Uruguay,2021-02-28,Sinovac,https://monitor.uruguaysevacuna.gub.uy/,373,373,0
Uruguay,2021-03-01,Sinovac,https://monitor.uruguaysevacuna.gub.uy/,18396,18396,0
Uruguay,2021-03-02,Sinovac,https://monitor.uruguaysevacuna.gub.uy/,33128,33128,0
Uruguay,2021-03-03,Sinovac,https://monitor.uruguaysevacuna.gub.uy/,54429,54429,0
Uruguay,2021-03-04,Sinovac,https://monitor.uruguaysevacuna.gub.uy/,63410,63410,0
Uruguay,2021-03-05,Sinovac,https://monitor.uruguaysevacuna.gub.uy/,72600,72600,0
Uruguay,2021-03-06,Sinovac,https://monitor.uruguaysevacuna.gub.uy/,72602,72602,0
Uruguay,2021-03-07,Sinovac,https://monitor.uruguaysevacuna.gub.uy/,72604,72604,0
Uruguay,2021-03-08,Sinovac,https://monitor.uruguaysevacuna.gub.uy/,100743,100743,0
Uruguay,2021-03-09,Sinovac,https://monitor.uruguaysevacuna.gub.uy/,122572,122572,0
Uruguay,2021-03-10,Sinovac,https://monitor.uruguaysevacuna.gub.uy/,147747,147747,0
Uruguay,2021-03-11,Sinovac,https://monitor.uruguaysevacuna.gub.uy/,170156,170156,0
Uruguay,2021-03-12,"Sinovac, Pfizer/BioNTech",https://monitor.uruguaysevacuna.gub.uy/,192865,192865,0
Uruguay,2021-03-13,"Sinovac, Pfizer/BioNTech",https://monitor.uruguaysevacuna.gub.uy/,203281,203281,0
Uruguay,2021-03-14,"Sinovac, Pfizer/BioNTech",https://monitor.uruguaysevacuna.gub.uy/,203282,203282,0
Uruguay,2021-03-15,"Sinovac, Pfizer/BioNTech",https://monitor.uruguaysevacuna.gub.uy/,214537,214537,0
Uruguay,2021-03-16,"Sinovac, Pfizer/BioNTech",https://monitor.uruguaysevacuna.gub.uy/,221195,221195,0
Uruguay,2021-03-17,"Sinovac, Pfizer/BioNTech",https://monitor.uruguaysevacuna.gub.uy/,229079,229079,0
Uruguay,2021-03-18,"Sinovac, Pfizer/BioNTech",https://monitor.uruguaysevacuna.gub.uy/,265591,265591,0
Uruguay,2021-03-19,"Sinovac, Pfizer/BioNTech",https://monitor.uruguaysevacuna.gub.uy/,301888,301888,0
Uruguay,2021-03-20,"Sinovac, Pfizer/BioNTech",https://monitor.uruguaysevacuna.gub.uy/,314370,314370,0
Uruguay,2021-03-21,"Sinovac, Pfizer/BioNTech",https://monitor.uruguaysevacuna.gub.uy/,314389,314389,0
Uruguay,2021-03-22,"Sinovac, Pfizer/BioNTech",https://monitor.uruguaysevacuna.gub.uy/,353050,353050,0
Uruguay,2021-03-23,"Sinovac, Pfizer/BioNTech",https://monitor.uruguaysevacuna.gub.uy/,389432,389432,0
Uruguay,2021-03-24,"Sinovac, Pfizer/BioNTech",https://monitor.uruguaysevacuna.gub.uy/,424784,424784,0
Uruguay,2021-03-25,"Sinovac, Pfizer/BioNTech",https://monitor.uruguaysevacuna.gub.uy/,468342,468342,0
Uruguay,2021-03-26,"Sinovac, Pfizer/BioNTech",https://monitor.uruguaysevacuna.gub.uy/,509476,509476,0
Uruguay,2021-03-27,"Sinovac, Pfizer/BioNTech",https://monitor.uruguaysevacuna.gub.uy/,522629,522629,0
Uruguay,2021-03-28,"Sinovac, Pfizer/BioNTech",https://monitor.uruguaysevacuna.gub.uy/,522636,522636,0
Uruguay,2021-03-29,"Sinovac, Pfizer/BioNTech",https://monitor.uruguaysevacuna.gub.uy/,576886,559649,17237
Uruguay,2021-03-30,"Sinovac, Pfizer/BioNTech",https://monitor.uruguaysevacuna.gub.uy/,628932,597779,31153
Uruguay,2021-03-31,"Sinovac, Pfizer/BioNTech",https://monitor.uruguaysevacuna.gub.uy/,686781,635318,51463
Uruguay,2021-04-01,"Sinovac, Pfizer/BioNTech",https://monitor.uruguaysevacuna.gub.uy/,734796,674876,59920
Uruguay,2021-04-02,"Sinovac, Pfizer/BioNTech",https://monitor.uruguaysevacuna.gub.uy/,783866,715267,68599
Uruguay,2021-04-03,"Sinovac, Pfizer/BioNTech",https://monitor.uruguaysevacuna.gub.uy/,796207,727565,68642
Uruguay,2021-04-04,"Sinovac, Pfizer/BioNTech",https://monitor.uruguaysevacuna.gub.uy/,796215,727572,68643
Uruguay,2021-04-05,"Sinovac, Pfizer/BioNTech",https://monitor.uruguaysevacuna.gub.uy/,834503,738323,96180
Uruguay,2021-04-06,"Sinovac, Pfizer/BioNTech",https://monitor.uruguaysevacuna.gub.uy/,878580,761198,117382
Uruguay,2021-04-07,"Sinovac, Pfizer/BioNTech",https://monitor.uruguaysevacuna.gub.uy/,924687,782961,141726
Uruguay,2021-04-08,"Sinovac, Pfizer/BioNTech",https://monitor.uruguaysevacuna.gub.uy/,973397,810431,162966
Uruguay,2021-04-09,"Sinovac, Pfizer/BioNTech",https://monitor.uruguaysevacuna.gub.uy/,1013134,822186,190948
Uruguay,2021-04-10,"Sinovac, Pfizer/BioNTech",https://monitor.uruguaysevacuna.gub.uy/,1040152,840076,200076
Uruguay,2021-04-11,"Sinovac, Pfizer/BioNTech",https://monitor.uruguaysevacuna.gub.uy/,1040517,840435,200082
Uruguay,2021-04-12,"Sinovac, Pfizer/BioNTech",https://monitor.uruguaysevacuna.gub.uy/,1093697,886250,207447
Uruguay,2021-04-13,"Sinovac, Pfizer/BioNTech",https://monitor.uruguaysevacuna.gub.uy/,1150904,933500,217404
Uruguay,2021-04-14,"Sinovac, Pfizer/BioNTech",https://monitor.uruguaysevacuna.gub.uy/,1208615,981361,227254
Uruguay,2021-04-15,"Sinovac, Pfizer/BioNTech",https://monitor.uruguaysevacuna.gub.uy/,1272212,1012208,260004
Uruguay,2021-04-16,"Sinovac, Pfizer/BioNTech",https://monitor.uruguaysevacuna.gub.uy/,1334918,1041765,293153
Uruguay,2021-04-17,"Sinovac, Pfizer/BioNTech, Oxford/AstraZeneca",https://monitor.uruguaysevacuna.gub.uy/,1369845,1067223,302622
Uruguay,2021-04-18,"Sinovac, Pfizer/BioNTech, Oxford/AstraZeneca",https://monitor.uruguaysevacuna.gub.uy/,1385508,1082858,302650
Uruguay,2021-04-19,"Sinovac, Pfizer/BioNTech, Oxford/AstraZeneca",https://monitor.uruguaysevacuna.gub.uy/,1424327,1090747,333580
Uruguay,2021-04-20,"Sinovac, Pfizer/BioNTech, Oxford/AstraZeneca",https://monitor.uruguaysevacuna.gub.uy/,1470017,1100839,369178
Uruguay,2021-04-21,"Sinovac, Pfizer/BioNTech, Oxford/AstraZeneca",https://monitor.uruguaysevacuna.gub.uy/,1516477,1110186,406291
Uruguay,2021-04-22,"Sinovac, Pfizer/BioNTech, Oxford/AstraZeneca",https://monitor.uruguaysevacuna.gub.uy/,1567695,1119213,448482
Uruguay,2021-04-23,"Sinovac, Pfizer/BioNTech, Oxford/AstraZeneca",https://monitor.uruguaysevacuna.gub.uy/,1618813,1131216,487597
Uruguay,2021-04-24,"Sinovac, Pfizer/BioNTech, Oxford/AstraZeneca",https://monitor.uruguaysevacuna.gub.uy/,1641131,1140808,500323
Uruguay,2021-04-25,"Sinovac, Pfizer/BioNTech, Oxford/AstraZeneca",https://monitor.uruguaysevacuna.gub.uy/,1641645,1141301,500344
Uruguay,2021-04-26,"Sinovac, Pfizer/BioNTech, Oxford/AstraZeneca",https://monitor.uruguaysevacuna.gub.uy/,1686817,1149989,536828
Uruguay,2021-04-27,"Sinovac, Pfizer/BioNTech, Oxford/AstraZeneca",https://monitor.uruguaysevacuna.gub.uy/,1731793,1157859,573934
Uruguay,2021-04-28,"Sinovac, Pfizer/BioNTech, Oxford/AstraZeneca",https://monitor.uruguaysevacuna.gub.uy/,1776069,1165570,610499
Uruguay,2021-04-29,"Sinovac, Pfizer/BioNTech, Oxford/AstraZeneca",https://monitor.uruguaysevacuna.gub.uy/,1822177,1173192,648985
Uruguay,2021-04-30,"Sinovac, Pfizer/BioNTech, Oxford/AstraZeneca",https://monitor.uruguaysevacuna.gub.uy/,1869949,1181149,688800
Uruguay,2021-05-01,"Sinovac, Pfizer/BioNTech, Oxford/AstraZeneca",https://monitor.uruguaysevacuna.gub.uy/,1869998,1181169,688829
Uruguay,2021-05-02,"Sinovac, Pfizer/BioNTech, Oxford/AstraZeneca",https://monitor.uruguaysevacuna.gub.uy/,1870172,1181330,688842
Uruguay,2021-05-03,"Sinovac, Pfizer/BioNTech, Oxford/AstraZeneca",https://monitor.uruguaysevacuna.gub.uy/,1902768,1194637,708131
Uruguay,2021-05-04,"Sinovac, Pfizer/BioNTech, Oxford/AstraZeneca",https://monitor.uruguaysevacuna.gub.uy/,1936736,1206739,729997
Uruguay,2021-05-05,"Sinovac, Pfizer/BioNTech, Oxford/AstraZeneca",https://monitor.uruguaysevacuna.gub.uy/,1969141,1217290,751851
Uruguay,2021-05-06,"Sinovac, Pfizer/BioNTech, Oxford/AstraZeneca",https://monitor.uruguaysevacuna.gub.uy/,2005705,1227340,778365
Uruguay,2021-05-07,"Sinovac, Pfizer/BioNTech, Oxford/AstraZeneca",https://monitor.uruguaysevacuna.gub.uy/,2024779,1236649,788130
Uruguay,2021-05-08,"Sinovac, Pfizer/BioNTech, Oxford/AstraZeneca",https://monitor.uruguaysevacuna.gub.uy/,2031889,1240362,791527
Uruguay,2021-05-09,"Sinovac, Pfizer/BioNTech, Oxford/AstraZeneca",https://monitor.uruguaysevacuna.gub.uy/,2032236,1240375,791861
Uruguay,2021-05-10,"Sinovac, Pfizer/BioNTech, Oxford/AstraZeneca",https://monitor.uruguaysevacuna.gub.uy/,2076396,1247847,828549
Uruguay,2021-05-11,"Sinovac, Pfizer/BioNTech, Oxford/AstraZeneca",https://monitor.uruguaysevacuna.gub.uy/,2119407,1254252,865155
Uruguay,2021-05-12,"Sinovac, Pfizer/BioNTech, Oxford/AstraZeneca",https://monitor.uruguaysevacuna.gub.uy/,2163815,1261379,902436
Uruguay,2021-05-13,"Sinovac, Pfizer/BioNTech, Oxford/AstraZeneca",https://monitor.uruguaysevacuna.gub.uy/,2226408,1299263,927145
Uruguay,2021-05-14,"Sinovac, Pfizer/BioNTech, Oxford/AstraZeneca",https://monitor.uruguaysevacuna.gub.uy/,2286780,1340418,946362
Uruguay,2021-05-15,"Sinovac, Pfizer/BioNTech, Oxford/AstraZeneca",https://monitor.uruguaysevacuna.gub.uy/,2308209,1358751,949458
Uruguay,2021-05-16,"Sinovac, Pfizer/BioNTech, Oxford/AstraZeneca",https://monitor.uruguaysevacuna.gub.uy/,2308706,1359223,949483
Uruguay,2021-05-17,"Sinovac, Pfizer/BioNTech, Oxford/AstraZeneca",https://monitor.uruguaysevacuna.gub.uy/,2362013,1407551,954462
Uruguay,2021-05-18,"Sinovac, Pfizer/BioNTech, Oxford/AstraZeneca",https://monitor.uruguaysevacuna.gub.uy/,2413885,1452075,961810
Uruguay,2021-05-19,"Sinovac, Pfizer/BioNTech, Oxford/AstraZeneca",https://monitor.uruguaysevacuna.gub.uy/,2457928,1489649,968279
Uruguay,2021-05-20,"Sinovac, Pfizer/BioNTech, Oxford/AstraZeneca",https://monitor.uruguaysevacuna.gub.uy/,2505708,1530987,974721
Uruguay,2021-05-21,"Sinovac, Pfizer/BioNTech, Oxford/AstraZeneca",https://monitor.uruguaysevacuna.gub.uy/,2555142,1573879,981263
Uruguay,2021-05-22,"Sinovac, Pfizer/BioNTech, Oxford/AstraZeneca",https://monitor.uruguaysevacuna.gub.uy/,2569812,1586094,983718
Uruguay,2021-05-23,"Sinovac, Pfizer/BioNTech, Oxford/AstraZeneca",https://monitor.uruguaysevacuna.gub.uy/,2571282,1587118,984164
Uruguay,2021-05-24,"Sinovac, Pfizer/BioNTech, Oxford/AstraZeneca",https://monitor.uruguaysevacuna.gub.uy/,2612784,1624084,988700
Uruguay,2021-05-25,"Sinovac, Pfizer/BioNTech, Oxford/AstraZeneca",https://monitor.uruguaysevacuna.gub.uy/,2651690,1659299,992391
Uruguay,2021-05-26,"Sinovac, Pfizer/BioNTech, Oxford/AstraZeneca",https://monitor.uruguaysevacuna.gub.uy/,2690119,1694513,995606
Uruguay,2021-05-27,"Sinovac, Pfizer/BioNTech, Oxford/AstraZeneca",https://monitor.uruguaysevacuna.gub.uy/,2729625,1729995,999630
Uruguay,2021-05-28,"Sinovac, Pfizer/BioNTech, Oxford/AstraZeneca",https://monitor.uruguaysevacuna.gub.uy/,2766756,1762281,1004475
Uruguay,2021-05-29,"Sinovac, Pfizer/BioNTech, Oxford/AstraZeneca",https://monitor.uruguaysevacuna.gub.uy/,2791717,1774023,1017694
Uruguay,2021-05-30,"Sinovac, Pfizer/BioNTech, Oxford/AstraZeneca",https://monitor.uruguaysevacuna.gub.uy/,2793097,1775270,1017827
Uruguay,2021-05-31,"Sinovac, Pfizer/BioNTech, Oxford/AstraZeneca",https://monitor.uruguaysevacuna.gub.uy/,2839285,1810969,1028316
Uruguay,2021-06-01,"Sinovac, Pfizer/BioNTech, Oxford/AstraZeneca",https://monitor.uruguaysevacuna.gub.uy/,2885133,1846287,1038846
Uruguay,2021-06-02,"Sinovac, Pfizer/BioNTech, Oxford/AstraZeneca",https://monitor.uruguaysevacuna.gub.uy/,2930076,1880547,1049529
Uruguay,2021-06-03,"Sinovac, Pfizer/BioNTech, Oxford/AstraZeneca",https://monitor.uruguaysevacuna.gub.uy/,2974513,1914592,1059921
Uruguay,2021-06-04,"Sinovac, Pfizer/BioNTech, Oxford/AstraZeneca",https://monitor.uruguaysevacuna.gub.uy/,3018378,1948438,1069940
Uruguay,2021-06-05,"Sinovac, Pfizer/BioNTech, Oxford/AstraZeneca",https://monitor.uruguaysevacuna.gub.uy/,3033121,1960533,1072588
Uruguay,2021-06-06,"Sinovac, Pfizer/BioNTech, Oxford/AstraZeneca",https://monitor.uruguaysevacuna.gub.uy/,3034064,1961470,1072594
Uruguay,2021-06-07,"Sinovac, Pfizer/BioNTech, Oxford/AstraZeneca",https://monitor.uruguaysevacuna.gub.uy/,3074337,1996940,1077397
Uruguay,2021-06-08,"Sinovac, Pfizer/BioNTech, Oxford/AstraZeneca",https://monitor.uruguaysevacuna.gub.uy/,3112165,2031180,1080985
Uruguay,2021-06-09,"Sinovac, Pfizer/BioNTech, Oxford/AstraZeneca",https://monitor.uruguaysevacuna.gub.uy/,3160794,2073540,1087254
Uruguay,2021-06-10,"Sinovac, Pfizer/BioNTech, Oxford/AstraZeneca",https://monitor.uruguaysevacuna.gub.uy/,3204906,2086815,1118091
Uruguay,2021-06-11,"Sinovac, Pfizer/BioNTech, Oxford/AstraZeneca",https://monitor.uruguaysevacuna.gub.uy/,3245003,2093031,1151972
Uruguay,2021-06-12,"Sinovac, Pfizer/BioNTech, Oxford/AstraZeneca",https://monitor.uruguaysevacuna.gub.uy/,3268076,2096768,1171308
Uruguay,2021-06-13,"Sinovac, Pfizer/BioNTech, Oxford/AstraZeneca",https://monitor.uruguaysevacuna.gub.uy/,3269283,2097255,1172028
Uruguay,2021-06-14,"Sinovac, Pfizer/BioNTech, Oxford/AstraZeneca",https://monitor.uruguaysevacuna.gub.uy/,3326536,2110888,1215648
Uruguay,2021-06-15,"Sinovac, Pfizer/BioNTech, Oxford/AstraZeneca",https://monitor.uruguaysevacuna.gub.uy/,3381047,2125671,1255376
Uruguay,2021-06-16,"Sinovac, Pfizer/BioNTech, Oxford/AstraZeneca",https://monitor.uruguaysevacuna.gub.uy/,3434021,2140695,1293326
Uruguay,2021-06-17,"Sinovac, Pfizer/BioNTech, Oxford/AstraZeneca",https://monitor.uruguaysevacuna.gub.uy/,3478187,2143835,1334352
Uruguay,2021-06-18,"Sinovac, Pfizer/BioNTech, Oxford/AstraZeneca",https://monitor.uruguaysevacuna.gub.uy/,3525535,2157064,1368471
Uruguay,2021-06-19,"Sinovac, Pfizer/BioNTech, Oxford/AstraZeneca",https://monitor.uruguaysevacuna.gub.uy/,3539952,2160120,1379832
Uruguay,2021-06-20,"Sinovac, Pfizer/BioNTech, Oxford/AstraZeneca",https://monitor.uruguaysevacuna.gub.uy/,3540930,2160124,1380806
Uruguay,2021-06-21,"Sinovac, Pfizer/BioNTech, Oxford/AstraZeneca",https://monitor.uruguaysevacuna.gub.uy/,3593193,2172150,1421043
Uruguay,2021-06-22,"Sinovac, Pfizer/BioNTech, Oxford/AstraZeneca",https://monitor.uruguaysevacuna.gub.uy/,3639434,2181866,1457568
Uruguay,2021-06-23,"Sinovac, Pfizer/BioNTech, Oxford/AstraZeneca",https://monitor.uruguaysevacuna.gub.uy/,3682051,2190179,1491872
Uruguay,2021-06-24,"Sinovac, Pfizer/BioNTech, Oxford/AstraZeneca",https://monitor.uruguaysevacuna.gub.uy/,3724164,2199961,1524203
Uruguay,2021-06-25,"Sinovac, Pfizer/BioNTech, Oxford/AstraZeneca",https://monitor.uruguaysevacuna.gub.uy/,3763153,2210150,1553003
Uruguay,2021-06-26,"Sinovac, Pfizer/BioNTech, Oxford/AstraZeneca",https://monitor.uruguaysevacuna.gub.uy/,3776070,2211327,1564743
Uruguay,2021-06-27,"Sinovac, Pfizer/BioNTech, Oxford/AstraZeneca",https://monitor.uruguaysevacuna.gub.uy/,3777277,2211333,1565944
Uruguay,2021-06-28,"Sinovac, Pfizer/BioNTech, Oxford/AstraZeneca",https://monitor.uruguaysevacuna.gub.uy/,3831526,2229805,1601721
Uruguay,2021-06-29,"Sinovac, Pfizer/BioNTech, Oxford/AstraZeneca",https://monitor.uruguaysevacuna.gub.uy/,3885997,2249027,1636970
Uruguay,2021-06-30,"Sinovac, Pfizer/BioNTech, Oxford/AstraZeneca",https://monitor.uruguaysevacuna.gub.uy/,3938487,2268082,1670405
Uruguay,2021-07-01,"Sinovac, Pfizer/BioNTech, Oxford/AstraZeneca",https://monitor.uruguaysevacuna.gub.uy/,3991597,2283294,1708303
Uruguay,2021-07-02,"Sinovac, Pfizer/BioNTech, Oxford/AstraZeneca",https://monitor.uruguaysevacuna.gub.uy/,4044974,2295312,1749662
Uruguay,2021-07-03,"Sinovac, Pfizer/BioNTech, Oxford/AstraZeneca",https://monitor.uruguaysevacuna.gub.uy/,4062773,2298399,1764374
Uruguay,2021-07-04,"Sinovac, Pfizer/BioNTech, Oxford/AstraZeneca",https://monitor.uruguaysevacuna.gub.uy/,4063634,2298406,1765228
Uruguay,2021-07-05,"Sinovac, Pfizer/BioNTech, Oxford/AstraZeneca",https://monitor.uruguaysevacuna.gub.uy/,4114031,2310781,1803250
Uruguay,2021-07-06,"Sinovac, Pfizer/BioNTech, Oxford/AstraZeneca",https://monitor.uruguaysevacuna.gub.uy/,4162343,2322467,1839876
Uruguay,2021-07-07,"Sinovac, Pfizer/BioNTech, Oxford/AstraZeneca",https://monitor.uruguaysevacuna.gub.uy/,4213003,2331844,1881159
Uruguay,2021-07-08,"Sinovac, Pfizer/BioNTech, Oxford/AstraZeneca",https://monitor.uruguaysevacuna.gub.uy/,4242499,2343943,1898556
Uruguay,2021-07-09,"Sinovac, Pfizer/BioNTech, Oxford/AstraZeneca",https://monitor.uruguaysevacuna.gub.uy/,4267995,2352683,1915312
Uruguay,2021-07-10,"Sinovac, Pfizer/BioNTech, Oxford/AstraZeneca",https://monitor.uruguaysevacuna.gub.uy/,4273865,2354895,1918970
Uruguay,2021-07-11,"Sinovac, Pfizer/BioNTech, Oxford/AstraZeneca",https://monitor.uruguaysevacuna.gub.uy/,4274165,2354902,1919263
