location,date,vaccine,source_url,total_vaccinations,people_vaccinated,people_fully_vaccinated
Uzbekistan,2021-03-31,"Oxford/AstraZeneca, RBD-Dimer",https://eurasianet.org/dashboard-vaccinating-eurasia-april,0,0,0
Uzbekistan,2021-04-06,"Oxford/AstraZeneca, RBD-Dimer",https://eurasianet.org/dashboard-vaccinating-eurasia-april,35000,35000,0
Uzbekistan,2021-04-11,"Oxford/AstraZeneca, RBD-Dimer",https://www.uzdaily.uz/en/post/64774,148642,148642,0
Uzbekistan,2021-04-14,"Oxford/AstraZeneca, RBD-Dimer",https://uzreport.news/society/almost-257-000-uzbek-citizens-receive-coronavirus-vaccine,256958,256958,0
Uzbekistan,2021-04-15,"Oxford/AstraZeneca, RBD-Dimer",https://www.uzdaily.uz/en/post/64882,335610,335610,0
Uzbekistan,2021-04-20,"Oxford/AstraZeneca, RBD-Dimer",https://tashkenttimes.uz/national/6790-450-thousand-people-vaccinated-as-of-april-21,458555,458555,0
Uzbekistan,2021-04-25,"Oxford/AstraZeneca, RBD-Dimer",https://en.trend.az/casia/uzbekistan/3414814.html,544529,544529,0
Uzbekistan,2021-04-27,"Oxford/AstraZeneca, RBD-Dimer","https://akipress.com/news:657419:Uzbekistan_vaccinates_600,369_against_COVID-19/",600369,600369,0
Uzbekistan,2021-05-10,"Oxford/AstraZeneca, RBD-Dimer, Sputnik V",https://menafn.com/1102063291/Uzbekistan-reveals-number-of-vaccinated-people,1173978,1057094,116884
Uzbekistan,2021-05-12,"Oxford/AstraZeneca, RBD-Dimer, Sputnik V",https://kant.kg/2021-05-14/v-uzbekistane-ispolzovano-pochti-13-milliona-doz-vakcziny-ot-koronavirusa/,1285215,1095112,190103
Uzbekistan,2021-05-18,"Oxford/AstraZeneca, RBD-Dimer, Sputnik V",https://kun.uz/en/news/2021/05/19/uzbekistan-receives-500-thousand-doses-of-sino-uzbek-vaccine,1412312,1125995,286317
Uzbekistan,2021-05-23,"Oxford/AstraZeneca, RBD-Dimer, Sputnik V",http://zamon.uz/en/to-date-1-183-943-people-have-been-vaccinated-in-the-first-stage-and-416-561-people-have-been-vaccinated-in-the-second-stage-in-uzbekistan/,1600504,1183943,416561
Uzbekistan,2021-05-25,"Oxford/AstraZeneca, RBD-Dimer, Sputnik V",https://akipress.com/news:658590:Uzbekistan_vaccinates_over_1_642_million_against_COVID-19/,1642744,1199354,443390
Uzbekistan,2021-06-01,"Oxford/AstraZeneca, RBD-Dimer, Sputnik V",https://menafn.com/1102195511/Uzbekistan-reveals-number-of-vaccinated-citizens,2136423,,
Uzbekistan,2021-06-15,"Oxford/AstraZeneca, RBD-Dimer, Sputnik V",https://akipress.com/news:659485:Uzbekistan_vaccinates_over_1_623_million_against_COVID-19/,2695058,1623764,1002919
Uzbekistan,2021-06-29,"Oxford/AstraZeneca, RBD-Dimer, Sputnik V","https://akipress.com/news:659999:Uzbekistan_vaccinates_over_132,000_against_COVID-19/",3541442,2074701,1199541
