location,date,vaccine,source_url,total_vaccinations,people_vaccinated,people_fully_vaccinated
Argentina,2020-12-29,Sputnik V,https://www.argentina.gob.ar/noticias/ministros-de-salud-del-pais-celebran-el-inicio-de-la-vacunacion-contra-la-covid-19,700,,
Argentina,2020-12-31,Sputnik V,https://www.argentina.gob.ar/sites/default/files/informe_seguridad_en_vacunas_31_12_2020.pdf,32013,,
Argentina,2021-01-04,Sputnik V,https://www.argentina.gob.ar/sites/default/files/informe_seguridad_en_vacunas_04_01_2021.pdf,39599,,
Argentina,2021-01-08,Sputnik V,https://www.argentina.gob.ar/noticias/ya-se-aplicaron-107542-dosis-de-la-vacuna-contra-covid-19-en-el-pais,107542,,
Argentina,2021-01-13,Sputnik V,https://www.argentina.gob.ar/noticias/continua-la-vacunacion-contra-el-virus-sars-cov-2-al-personal-de-salud,166833,,
Argentina,2021-01-15,Sputnik V,https://www.argentina.gob.ar/noticias/ya-se-aplicaron-200759-dosis-de-la-vacuna-contra-la-covid-19-en-argentina,200759,,
Argentina,2021-01-20,Sputnik V,http://datos.salud.gob.ar/dataset/vacunas-contra-covid-19-dosis-aplicadas-en-la-republica-argentina,247933,243539,4394
Argentina,2021-01-21,Sputnik V,http://datos.salud.gob.ar/dataset/vacunas-contra-covid-19-dosis-aplicadas-en-la-republica-argentina,265724,249372,16352
Argentina,2021-01-22,Sputnik V,http://datos.salud.gob.ar/dataset/vacunas-contra-covid-19-dosis-aplicadas-en-la-republica-argentina,279602,254456,25146
Argentina,2021-01-23,Sputnik V,http://datos.salud.gob.ar/dataset/vacunas-contra-covid-19-dosis-aplicadas-en-la-republica-argentina,288064,258876,29188
Argentina,2021-01-24,Sputnik V,http://datos.salud.gob.ar/dataset/vacunas-contra-covid-19-dosis-aplicadas-en-la-republica-argentina,292023,260036,31987
Argentina,2021-01-25,Sputnik V,http://datos.salud.gob.ar/dataset/vacunas-contra-covid-19-dosis-aplicadas-en-la-republica-argentina,292386,260122,32264
Argentina,2021-01-26,Sputnik V,http://datos.salud.gob.ar/dataset/vacunas-contra-covid-19-dosis-aplicadas-en-la-republica-argentina,305880,266969,38911
Argentina,2021-01-27,Sputnik V,http://datos.salud.gob.ar/dataset/vacunas-contra-covid-19-dosis-aplicadas-en-la-republica-argentina,318033,272323,45710
Argentina,2021-01-28,Sputnik V,http://datos.salud.gob.ar/dataset/vacunas-contra-covid-19-dosis-aplicadas-en-la-republica-argentina,327999,276548,51451
Argentina,2021-01-29,Sputnik V,http://datos.salud.gob.ar/dataset/vacunas-contra-covid-19-dosis-aplicadas-en-la-republica-argentina,344034,278451,65583
Argentina,2021-01-30,Sputnik V,http://datos.salud.gob.ar/dataset/vacunas-contra-covid-19-dosis-aplicadas-en-la-republica-argentina,366384,281023,85361
Argentina,2021-02-01,Sputnik V,http://datos.salud.gob.ar/dataset/vacunas-contra-covid-19-dosis-aplicadas-en-la-republica-argentina,375851,281577,94274
Argentina,2021-02-03,Sputnik V,http://datos.salud.gob.ar/dataset/vacunas-contra-covid-19-dosis-aplicadas-en-la-republica-argentina,396562,284196,112366
Argentina,2021-02-04,Sputnik V,http://datos.salud.gob.ar/dataset/vacunas-contra-covid-19-dosis-aplicadas-en-la-republica-argentina,444018,297717,146301
Argentina,2021-02-06,Sputnik V,http://datos.salud.gob.ar/dataset/vacunas-contra-covid-19-dosis-aplicadas-en-la-republica-argentina,471383,307501,163882
Argentina,2021-02-07,Sputnik V,http://datos.salud.gob.ar/dataset/vacunas-contra-covid-19-dosis-aplicadas-en-la-republica-argentina,501152,319316,181836
Argentina,2021-02-08,Sputnik V,http://datos.salud.gob.ar/dataset/vacunas-contra-covid-19-dosis-aplicadas-en-la-republica-argentina,511582,322318,189264
Argentina,2021-02-09,Sputnik V,http://datos.salud.gob.ar/dataset/vacunas-contra-covid-19-dosis-aplicadas-en-la-republica-argentina,513178,322975,190203
Argentina,2021-02-10,Sputnik V,http://datos.salud.gob.ar/dataset/vacunas-contra-covid-19-dosis-aplicadas-en-la-republica-argentina,535303,337772,197531
Argentina,2021-02-11,Sputnik V,http://datos.salud.gob.ar/dataset/vacunas-contra-covid-19-dosis-aplicadas-en-la-republica-argentina,572928,362649,210279
Argentina,2021-02-12,Sputnik V,http://datos.salud.gob.ar/dataset/vacunas-contra-covid-19-dosis-aplicadas-en-la-republica-argentina,591632,368023,223609
Argentina,2021-02-13,Sputnik V,http://datos.salud.gob.ar/dataset/vacunas-contra-covid-19-dosis-aplicadas-en-la-republica-argentina,606245,371629,234616
Argentina,2021-02-14,Sputnik V,http://datos.salud.gob.ar/dataset/vacunas-contra-covid-19-dosis-aplicadas-en-la-republica-argentina,609605,372122,237483
Argentina,2021-02-15,Sputnik V,http://datos.salud.gob.ar/dataset/vacunas-contra-covid-19-dosis-aplicadas-en-la-republica-argentina,609791,372181,237610
Argentina,2021-02-16,Sputnik V,http://datos.salud.gob.ar/dataset/vacunas-contra-covid-19-dosis-aplicadas-en-la-republica-argentina,611169,373253,237916
Argentina,2021-02-17,Sputnik V,http://datos.salud.gob.ar/dataset/vacunas-contra-covid-19-dosis-aplicadas-en-la-republica-argentina,612322,374002,238320
Argentina,2021-02-18,Sputnik V,http://datos.salud.gob.ar/dataset/vacunas-contra-covid-19-dosis-aplicadas-en-la-republica-argentina,635583,392399,243184
Argentina,2021-02-19,Sputnik V,http://datos.salud.gob.ar/dataset/vacunas-contra-covid-19-dosis-aplicadas-en-la-republica-argentina,668654,414958,253696
Argentina,2021-02-20,Sputnik V,http://datos.salud.gob.ar/dataset/vacunas-contra-covid-19-dosis-aplicadas-en-la-republica-argentina,707148,445614,261534
Argentina,2021-02-21,Sputnik V,http://datos.salud.gob.ar/dataset/vacunas-contra-covid-19-dosis-aplicadas-en-la-republica-argentina,720267,456929,263338
Argentina,2021-02-22,Sputnik V,http://datos.salud.gob.ar/dataset/vacunas-contra-covid-19-dosis-aplicadas-en-la-republica-argentina,722234,458822,263412
Argentina,2021-02-23,Sputnik V,http://datos.salud.gob.ar/dataset/vacunas-contra-covid-19-dosis-aplicadas-en-la-republica-argentina,746615,481689,264926
Argentina,2021-02-24,Sputnik V,http://datos.salud.gob.ar/dataset/vacunas-contra-covid-19-dosis-aplicadas-en-la-republica-argentina,780455,513394,267061
Argentina,2021-02-25,Sputnik V,http://datos.salud.gob.ar/dataset/vacunas-contra-covid-19-dosis-aplicadas-en-la-republica-argentina,829832,558831,271001
Argentina,2021-02-26,Sputnik V,http://datos.salud.gob.ar/dataset/vacunas-contra-covid-19-dosis-aplicadas-en-la-republica-argentina,903915,620635,283280
Argentina,2021-02-27,Sputnik V,http://datos.salud.gob.ar/dataset/vacunas-contra-covid-19-dosis-aplicadas-en-la-republica-argentina,984895,694470,290425
Argentina,2021-02-28,Sputnik V,http://datos.salud.gob.ar/dataset/vacunas-contra-covid-19-dosis-aplicadas-en-la-republica-argentina,1025003,731571,293432
Argentina,2021-03-01,Sputnik V,http://datos.salud.gob.ar/dataset/vacunas-contra-covid-19-dosis-aplicadas-en-la-republica-argentina,1049169,755212,293957
Argentina,2021-03-02,Sputnik V,http://datos.salud.gob.ar/dataset/vacunas-contra-covid-19-dosis-aplicadas-en-la-republica-argentina,1126108,823446,302662
Argentina,2021-03-03,Sputnik V,http://datos.salud.gob.ar/dataset/vacunas-contra-covid-19-dosis-aplicadas-en-la-republica-argentina,1181292,874916,306376
Argentina,2021-03-04,Sputnik V,http://datos.salud.gob.ar/dataset/vacunas-contra-covid-19-dosis-aplicadas-en-la-republica-argentina,1252461,941695,310766
Argentina,2021-03-05,Sputnik V,http://datos.salud.gob.ar/dataset/vacunas-contra-covid-19-dosis-aplicadas-en-la-republica-argentina,1357596,1030504,327092
Argentina,2021-03-07,Sputnik V,http://datos.salud.gob.ar/dataset/vacunas-contra-covid-19-dosis-aplicadas-en-la-republica-argentina,1526078,1182874,343204
Argentina,2021-03-08,"Oxford/AstraZeneca, Sinopharm/Beijing, Sputnik V",http://datos.salud.gob.ar/dataset/vacunas-contra-covid-19-dosis-aplicadas-en-la-republica-argentina,1546699,1202998,343701
Argentina,2021-03-09,"Oxford/AstraZeneca, Sinopharm/Beijing, Sputnik V",http://datos.salud.gob.ar/dataset/vacunas-contra-covid-19-dosis-aplicadas-en-la-republica-argentina,1648957,1301787,347170
Argentina,2021-03-10,"Oxford/AstraZeneca, Sinopharm/Beijing, Sputnik V",http://datos.salud.gob.ar/dataset/vacunas-contra-covid-19-dosis-aplicadas-en-la-republica-argentina,1774438,1424984,349454
Argentina,2021-03-11,"Oxford/AstraZeneca, Sinopharm/Beijing, Sputnik V",http://datos.salud.gob.ar/dataset/vacunas-contra-covid-19-dosis-aplicadas-en-la-republica-argentina,1919074,1564555,354519
Argentina,2021-03-12,"Oxford/AstraZeneca, Sinopharm/Beijing, Sputnik V",http://datos.salud.gob.ar/dataset/vacunas-contra-covid-19-dosis-aplicadas-en-la-republica-argentina,2098205,1719543,378662
Argentina,2021-03-13,"Oxford/AstraZeneca, Sinopharm/Beijing, Sputnik V",http://datos.salud.gob.ar/dataset/vacunas-contra-covid-19-dosis-aplicadas-en-la-republica-argentina,2294738,1876113,418625
Argentina,2021-03-14,"Oxford/AstraZeneca, Sinopharm/Beijing, Sputnik V",http://datos.salud.gob.ar/dataset/vacunas-contra-covid-19-dosis-aplicadas-en-la-republica-argentina,2381429,1932696,448733
Argentina,2021-03-15,"Oxford/AstraZeneca, Sinopharm/Beijing, Sputnik V",http://datos.salud.gob.ar/dataset/vacunas-contra-covid-19-dosis-aplicadas-en-la-republica-argentina,2404194,1952883,451311
Argentina,2021-03-16,"Oxford/AstraZeneca, Sinopharm/Beijing, Sputnik V",http://datos.salud.gob.ar/dataset/vacunas-contra-covid-19-dosis-aplicadas-en-la-republica-argentina,2541362,2064529,476833
Argentina,2021-03-17,"Oxford/AstraZeneca, Sinopharm/Beijing, Sputnik V",http://datos.salud.gob.ar/dataset/vacunas-contra-covid-19-dosis-aplicadas-en-la-republica-argentina,2668103,2170116,497987
Argentina,2021-03-18,"Oxford/AstraZeneca, Sinopharm/Beijing, Sputnik V",http://datos.salud.gob.ar/dataset/vacunas-contra-covid-19-dosis-aplicadas-en-la-republica-argentina,2805153,2289249,515904
Argentina,2021-03-19,"Oxford/AstraZeneca, Sinopharm/Beijing, Sputnik V",http://datos.salud.gob.ar/dataset/vacunas-contra-covid-19-dosis-aplicadas-en-la-republica-argentina,2939364,2382859,556505
Argentina,2021-03-20,"Oxford/AstraZeneca, Sinopharm/Beijing, Sputnik V",http://datos.salud.gob.ar/dataset/vacunas-contra-covid-19-dosis-aplicadas-en-la-republica-argentina,3063864,2472426,591438
Argentina,2021-03-21,"Oxford/AstraZeneca, Sinopharm/Beijing, Sputnik V",http://datos.salud.gob.ar/dataset/vacunas-contra-covid-19-dosis-aplicadas-en-la-republica-argentina,3119828,2514480,605348
Argentina,2021-03-22,"Oxford/AstraZeneca, Sinopharm/Beijing, Sputnik V",http://datos.salud.gob.ar/dataset/vacunas-contra-covid-19-dosis-aplicadas-en-la-republica-argentina,3142444,2535054,607390
Argentina,2021-03-23,"Oxford/AstraZeneca, Sinopharm/Beijing, Sputnik V",http://datos.salud.gob.ar/dataset/vacunas-contra-covid-19-dosis-aplicadas-en-la-republica-argentina,3240731,2618750,621981
Argentina,2021-03-24,"Oxford/AstraZeneca, Sinopharm/Beijing, Sputnik V",http://datos.salud.gob.ar/dataset/vacunas-contra-covid-19-dosis-aplicadas-en-la-republica-argentina,3328933,2694454,634479
Argentina,2021-03-25,"Oxford/AstraZeneca, Sinopharm/Beijing, Sputnik V",http://datos.salud.gob.ar/dataset/vacunas-contra-covid-19-dosis-aplicadas-en-la-republica-argentina,3365839,2730260,635579
Argentina,2021-03-26,"Oxford/AstraZeneca, Sinopharm/Beijing, Sputnik V",http://datos.salud.gob.ar/dataset/vacunas-contra-covid-19-dosis-aplicadas-en-la-republica-argentina,3474415,2824344,650071
Argentina,2021-03-27,"Oxford/AstraZeneca, Sinopharm/Beijing, Sputnik V",http://datos.salud.gob.ar/dataset/vacunas-contra-covid-19-dosis-aplicadas-en-la-republica-argentina,3570460,2908932,661528
Argentina,2021-03-28,"Oxford/AstraZeneca, Sinopharm/Beijing, Sputnik V",http://datos.salud.gob.ar/dataset/vacunas-contra-covid-19-dosis-aplicadas-en-la-republica-argentina,3625283,2959843,665440
Argentina,2021-03-29,"Oxford/AstraZeneca, Sinopharm/Beijing, Sputnik V",http://datos.salud.gob.ar/dataset/vacunas-contra-covid-19-dosis-aplicadas-en-la-republica-argentina,3646068,2980182,665886
Argentina,2021-03-30,"Oxford/AstraZeneca, Sinopharm/Beijing, Sputnik V",http://datos.salud.gob.ar/dataset/vacunas-contra-covid-19-dosis-aplicadas-en-la-republica-argentina,3744566,3073630,670936
Argentina,2021-03-31,"Oxford/AstraZeneca, Sinopharm/Beijing, Sputnik V",http://datos.salud.gob.ar/dataset/vacunas-contra-covid-19-dosis-aplicadas-en-la-republica-argentina,3891932,3214538,677394
Argentina,2021-04-01,"Oxford/AstraZeneca, Sinopharm/Beijing, Sputnik V",http://datos.salud.gob.ar/dataset/vacunas-contra-covid-19-dosis-aplicadas-en-la-republica-argentina,4023017,3342427,680590
Argentina,2021-04-02,"Oxford/AstraZeneca, Sinopharm/Beijing, Sputnik V",http://datos.salud.gob.ar/dataset/vacunas-contra-covid-19-dosis-aplicadas-en-la-republica-argentina,4123152,3440284,682868
Argentina,2021-04-03,"Oxford/AstraZeneca, Sinopharm/Beijing, Sputnik V",http://datos.salud.gob.ar/dataset/vacunas-contra-covid-19-dosis-aplicadas-en-la-republica-argentina,4178896,3495125,683771
Argentina,2021-04-04,"Oxford/AstraZeneca, Sinopharm/Beijing, Sputnik V",http://datos.salud.gob.ar/dataset/vacunas-contra-covid-19-dosis-aplicadas-en-la-republica-argentina,4234505,3550166,684339
Argentina,2021-04-05,"Oxford/AstraZeneca, Sinopharm/Beijing, Sputnik V",http://datos.salud.gob.ar/dataset/vacunas-contra-covid-19-dosis-aplicadas-en-la-republica-argentina,4260808,3576423,684385
Argentina,2021-04-06,"Oxford/AstraZeneca, Sinopharm/Beijing, Sputnik V",http://datos.salud.gob.ar/dataset/vacunas-contra-covid-19-dosis-aplicadas-en-la-republica-argentina,4404175,3712009,692166
Argentina,2021-04-07,"Oxford/AstraZeneca, Sinopharm/Beijing, Sputnik V",http://datos.salud.gob.ar/dataset/vacunas-contra-covid-19-dosis-aplicadas-en-la-republica-argentina,4571819,3870734,701085
Argentina,2021-04-08,"Oxford/AstraZeneca, Sinopharm/Beijing, Sputnik V",http://datos.salud.gob.ar/dataset/vacunas-contra-covid-19-dosis-aplicadas-en-la-republica-argentina,4771214,4064154,707060
Argentina,2021-04-09,"Oxford/AstraZeneca, Sinopharm/Beijing, Sputnik V",http://datos.salud.gob.ar/dataset/vacunas-contra-covid-19-dosis-aplicadas-en-la-republica-argentina,4956023,4244964,711059
Argentina,2021-04-10,"Oxford/AstraZeneca, Sinopharm/Beijing, Sputnik V",http://datos.salud.gob.ar/dataset/vacunas-contra-covid-19-dosis-aplicadas-en-la-republica-argentina,5201468,4478948,722520
Argentina,2021-04-11,"Oxford/AstraZeneca, Sinopharm/Beijing, Sputnik V",http://datos.salud.gob.ar/dataset/vacunas-contra-covid-19-dosis-aplicadas-en-la-republica-argentina,5313612,4586426,727186
Argentina,2021-04-12,"Oxford/AstraZeneca, Sinopharm/Beijing, Sputnik V",http://datos.salud.gob.ar/dataset/vacunas-contra-covid-19-dosis-aplicadas-en-la-republica-argentina,5390000,4661085,728915
Argentina,2021-04-13,"Oxford/AstraZeneca, Sinopharm/Beijing, Sputnik V",http://datos.salud.gob.ar/dataset/vacunas-contra-covid-19-dosis-aplicadas-en-la-republica-argentina,5571878,4836246,735632
Argentina,2021-04-14,"Oxford/AstraZeneca, Sinopharm/Beijing, Sputnik V",http://datos.salud.gob.ar/dataset/vacunas-contra-covid-19-dosis-aplicadas-en-la-republica-argentina,5754919,4996672,758247
Argentina,2021-04-15,"Oxford/AstraZeneca, Sinopharm/Beijing, Sputnik V",http://datos.salud.gob.ar/dataset/vacunas-contra-covid-19-dosis-aplicadas-en-la-republica-argentina,5935146,5163344,771802
Argentina,2021-04-16,"Oxford/AstraZeneca, Sinopharm/Beijing, Sputnik V",http://datos.salud.gob.ar/dataset/vacunas-contra-covid-19-dosis-aplicadas-en-la-republica-argentina,6093016,5305604,787412
Argentina,2021-04-17,"Oxford/AstraZeneca, Sinopharm/Beijing, Sputnik V",http://datos.salud.gob.ar/dataset/vacunas-contra-covid-19-dosis-aplicadas-en-la-republica-argentina,6226872,5431994,794878
Argentina,2021-04-18,"Oxford/AstraZeneca, Sinopharm/Beijing, Sputnik V",http://datos.salud.gob.ar/dataset/vacunas-contra-covid-19-dosis-aplicadas-en-la-republica-argentina,6288812,5489318,799494
Argentina,2021-04-19,"Oxford/AstraZeneca, Sinopharm/Beijing, Sputnik V",http://datos.salud.gob.ar/dataset/vacunas-contra-covid-19-dosis-aplicadas-en-la-republica-argentina,6334554,5534225,800329
Argentina,2021-04-20,"Oxford/AstraZeneca, Sinopharm/Beijing, Sputnik V",http://datos.salud.gob.ar/dataset/vacunas-contra-covid-19-dosis-aplicadas-en-la-republica-argentina,6433141,5620411,812730
Argentina,2021-04-21,"Oxford/AstraZeneca, Sinopharm/Beijing, Sputnik V",http://datos.salud.gob.ar/dataset/vacunas-contra-covid-19-dosis-aplicadas-en-la-republica-argentina,6550568,5722607,827961
Argentina,2021-04-22,"Oxford/AstraZeneca, Sinopharm/Beijing, Sputnik V",http://datos.salud.gob.ar/dataset/vacunas-contra-covid-19-dosis-aplicadas-en-la-republica-argentina,6693438,5851232,842206
Argentina,2021-04-23,"Oxford/AstraZeneca, Sinopharm/Beijing, Sputnik V",http://datos.salud.gob.ar/dataset/vacunas-contra-covid-19-dosis-aplicadas-en-la-republica-argentina,6807411,5955371,852040
Argentina,2021-04-24,"Oxford/AstraZeneca, Sinopharm/Beijing, Sputnik V",http://datos.salud.gob.ar/dataset/vacunas-contra-covid-19-dosis-aplicadas-en-la-republica-argentina,7017279,6149835,867444
Argentina,2021-04-25,"Oxford/AstraZeneca, Sinopharm/Beijing, Sputnik V",http://datos.salud.gob.ar/dataset/vacunas-contra-covid-19-dosis-aplicadas-en-la-republica-argentina,7134949,6263849,871100
Argentina,2021-04-26,"Oxford/AstraZeneca, Sinopharm/Beijing, Sputnik V",http://datos.salud.gob.ar/dataset/vacunas-contra-covid-19-dosis-aplicadas-en-la-republica-argentina,7214704,6341959,872745
Argentina,2021-04-27,"Oxford/AstraZeneca, Sinopharm/Beijing, Sputnik V",http://datos.salud.gob.ar/dataset/vacunas-contra-covid-19-dosis-aplicadas-en-la-republica-argentina,7386650,6507572,879078
Argentina,2021-04-28,"Oxford/AstraZeneca, Sinopharm/Beijing, Sputnik V",http://datos.salud.gob.ar/dataset/vacunas-contra-covid-19-dosis-aplicadas-en-la-republica-argentina,7557986,6672739,885247
Argentina,2021-04-29,"Oxford/AstraZeneca, Sinopharm/Beijing, Sputnik V",http://datos.salud.gob.ar/dataset/vacunas-contra-covid-19-dosis-aplicadas-en-la-republica-argentina,7715006,6806565,908441
Argentina,2021-04-30,"Oxford/AstraZeneca, Sinopharm/Beijing, Sputnik V",http://datos.salud.gob.ar/dataset/vacunas-contra-covid-19-dosis-aplicadas-en-la-republica-argentina,7865213,6926650,938563
Argentina,2021-05-01,"Oxford/AstraZeneca, Sinopharm/Beijing, Sputnik V",http://datos.salud.gob.ar/dataset/vacunas-contra-covid-19-dosis-aplicadas-en-la-republica-argentina,7971470,7002992,968478
Argentina,2021-05-02,"Oxford/AstraZeneca, Sinopharm/Beijing, Sputnik V",http://datos.salud.gob.ar/dataset/vacunas-contra-covid-19-dosis-aplicadas-en-la-republica-argentina,7997902,7025492,972410
Argentina,2021-05-03,"Oxford/AstraZeneca, Sinopharm/Beijing, Sputnik V",http://datos.salud.gob.ar/dataset/vacunas-contra-covid-19-dosis-aplicadas-en-la-republica-argentina,8039793,7051772,988021
Argentina,2021-05-04,"Oxford/AstraZeneca, Sinopharm/Beijing, Sputnik V",http://datos.salud.gob.ar/dataset/vacunas-contra-covid-19-dosis-aplicadas-en-la-republica-argentina,8197011,7149293,1047718
Argentina,2021-05-05,"Oxford/AstraZeneca, Sinopharm/Beijing, Sputnik V",http://datos.salud.gob.ar/dataset/vacunas-contra-covid-19-dosis-aplicadas-en-la-republica-argentina,8391513,7261176,1130337
Argentina,2021-05-06,"Oxford/AstraZeneca, Sinopharm/Beijing, Sputnik V",http://datos.salud.gob.ar/dataset/vacunas-contra-covid-19-dosis-aplicadas-en-la-republica-argentina,8591061,7399515,1191546
Argentina,2021-05-07,"Oxford/AstraZeneca, Sinopharm/Beijing, Sputnik V",http://datos.salud.gob.ar/dataset/vacunas-contra-covid-19-dosis-aplicadas-en-la-republica-argentina,8820691,7555386,1265305
Argentina,2021-05-08,"Oxford/AstraZeneca, Sinopharm/Beijing, Sputnik V",http://datos.salud.gob.ar/dataset/vacunas-contra-covid-19-dosis-aplicadas-en-la-republica-argentina,9001747,7660652,1341095
Argentina,2021-05-09,"Oxford/AstraZeneca, Sinopharm/Beijing, Sputnik V",http://datos.salud.gob.ar/dataset/vacunas-contra-covid-19-dosis-aplicadas-en-la-republica-argentina,9082597,7688877,1393720
Argentina,2021-05-10,"Oxford/AstraZeneca, Sinopharm/Beijing, Sputnik V",http://datos.salud.gob.ar/dataset/vacunas-contra-covid-19-dosis-aplicadas-en-la-republica-argentina,9122759,7718272,1404487
Argentina,2021-05-11,"Oxford/AstraZeneca, Sinopharm/Beijing, Sputnik V",http://datos.salud.gob.ar/dataset/vacunas-contra-covid-19-dosis-aplicadas-en-la-republica-argentina,9237005,7790786,1446219
Argentina,2021-05-12,"Oxford/AstraZeneca, Sinopharm/Beijing, Sputnik V",http://datos.salud.gob.ar/dataset/vacunas-contra-covid-19-dosis-aplicadas-en-la-republica-argentina,9383945,7866933,1517012
Argentina,2021-05-13,"Oxford/AstraZeneca, Sinopharm/Beijing, Sputnik V",http://datos.salud.gob.ar/dataset/vacunas-contra-covid-19-dosis-aplicadas-en-la-republica-argentina,9541511,7912175,1629336
Argentina,2021-05-14,"Oxford/AstraZeneca, Sinopharm/Beijing, Sputnik V",http://datos.salud.gob.ar/dataset/vacunas-contra-covid-19-dosis-aplicadas-en-la-republica-argentina,9704364,7953562,1750802
Argentina,2021-05-15,"Oxford/AstraZeneca, Sinopharm/Beijing, Sputnik V",http://datos.salud.gob.ar/dataset/vacunas-contra-covid-19-dosis-aplicadas-en-la-republica-argentina,9862623,7992532,1870091
Argentina,2021-05-16,"Oxford/AstraZeneca, Sinopharm/Beijing, Sputnik V",http://datos.salud.gob.ar/dataset/vacunas-contra-covid-19-dosis-aplicadas-en-la-republica-argentina,9927783,8023563,1904220
Argentina,2021-05-17,"Oxford/AstraZeneca, Sinopharm/Beijing, Sputnik V",http://datos.salud.gob.ar/dataset/vacunas-contra-covid-19-dosis-aplicadas-en-la-republica-argentina,10002830,8050709,1952121
Argentina,2021-05-18,"Oxford/AstraZeneca, Sinopharm/Beijing, Sputnik V",http://datos.salud.gob.ar/dataset/vacunas-contra-covid-19-dosis-aplicadas-en-la-republica-argentina,10193368,8141608,2051760
Argentina,2021-05-19,"Oxford/AstraZeneca, Sinopharm/Beijing, Sputnik V",http://datos.salud.gob.ar/dataset/vacunas-contra-covid-19-dosis-aplicadas-en-la-republica-argentina,10383925,8279961,2103964
Argentina,2021-05-20,"Oxford/AstraZeneca, Sinopharm/Beijing, Sputnik V",http://datos.salud.gob.ar/dataset/vacunas-contra-covid-19-dosis-aplicadas-en-la-republica-argentina,10549521,8397337,2152184
Argentina,2021-05-21,"Oxford/AstraZeneca, Sinopharm/Beijing, Sputnik V",http://datos.salud.gob.ar/dataset/vacunas-contra-covid-19-dosis-aplicadas-en-la-republica-argentina,10758782,8531073,2227709
Argentina,2021-05-22,"Oxford/AstraZeneca, Sinopharm/Beijing, Sputnik V",http://datos.salud.gob.ar/dataset/vacunas-contra-covid-19-dosis-aplicadas-en-la-republica-argentina,10958659,8638944,2319715
Argentina,2021-05-23,"Oxford/AstraZeneca, Sinopharm/Beijing, Sputnik V",http://datos.salud.gob.ar/dataset/vacunas-contra-covid-19-dosis-aplicadas-en-la-republica-argentina,11067550,8701971,2365579
Argentina,2021-05-24,"Oxford/AstraZeneca, Sinopharm/Beijing, Sputnik V",http://datos.salud.gob.ar/dataset/vacunas-contra-covid-19-dosis-aplicadas-en-la-republica-argentina,11149468,8735231,2414237
Argentina,2021-05-25,"Oxford/AstraZeneca, Sinopharm/Beijing, Sputnik V",http://datos.salud.gob.ar/dataset/vacunas-contra-covid-19-dosis-aplicadas-en-la-republica-argentina,11242209,8807373,2434836
Argentina,2021-05-26,"Oxford/AstraZeneca, Sinopharm/Beijing, Sputnik V",http://datos.salud.gob.ar/dataset/vacunas-contra-covid-19-dosis-aplicadas-en-la-republica-argentina,11331066,8878491,2452575
Argentina,2021-05-27,"Oxford/AstraZeneca, Sinopharm/Beijing, Sputnik V",http://datos.salud.gob.ar/dataset/vacunas-contra-covid-19-dosis-aplicadas-en-la-republica-argentina,11503476,8988267,2515209
Argentina,2021-05-28,"Oxford/AstraZeneca, Sinopharm/Beijing, Sputnik V",http://datos.salud.gob.ar/dataset/vacunas-contra-covid-19-dosis-aplicadas-en-la-republica-argentina,11676733,9084600,2592133
Argentina,2021-05-29,"Oxford/AstraZeneca, Sinopharm/Beijing, Sputnik V",http://datos.salud.gob.ar/dataset/vacunas-contra-covid-19-dosis-aplicadas-en-la-republica-argentina,11906697,9208883,2697814
Argentina,2021-05-30,"Oxford/AstraZeneca, Sinopharm/Beijing, Sputnik V",http://datos.salud.gob.ar/dataset/vacunas-contra-covid-19-dosis-aplicadas-en-la-republica-argentina,12119901,9361218,2758683
Argentina,2021-05-31,"Oxford/AstraZeneca, Sinopharm/Beijing, Sputnik V",http://datos.salud.gob.ar/dataset/vacunas-contra-covid-19-dosis-aplicadas-en-la-republica-argentina,12257297,9476406,2780891
Argentina,2021-06-01,"Oxford/AstraZeneca, Sinopharm/Beijing, Sputnik V",http://datos.salud.gob.ar/dataset/vacunas-contra-covid-19-dosis-aplicadas-en-la-republica-argentina,12497078,9667003,2830075
Argentina,2021-06-02,"Oxford/AstraZeneca, Sinopharm/Beijing, Sputnik V",http://datos.salud.gob.ar/dataset/vacunas-contra-covid-19-dosis-aplicadas-en-la-republica-argentina,12801115,9924476,2876639
Argentina,2021-06-03,"Oxford/AstraZeneca, Sinopharm/Beijing, Sputnik V",http://datos.salud.gob.ar/dataset/vacunas-contra-covid-19-dosis-aplicadas-en-la-republica-argentina,13079195,10158653,2920542
Argentina,2021-06-04,"Oxford/AstraZeneca, Sinopharm/Beijing, Sputnik V",http://datos.salud.gob.ar/dataset/vacunas-contra-covid-19-dosis-aplicadas-en-la-republica-argentina,13374067,10417359,2956708
Argentina,2021-06-05,"Oxford/AstraZeneca, Sinopharm/Beijing, Sputnik V",http://datos.salud.gob.ar/dataset/vacunas-contra-covid-19-dosis-aplicadas-en-la-republica-argentina,13730521,10733428,2997093
Argentina,2021-06-06,"Oxford/AstraZeneca, Sinopharm/Beijing, Sputnik V",http://datos.salud.gob.ar/dataset/vacunas-contra-covid-19-dosis-aplicadas-en-la-republica-argentina,14092493,11071365,3021128
Argentina,2021-06-07,"Oxford/AstraZeneca, Sinopharm/Beijing, Sputnik V",http://datos.salud.gob.ar/dataset/vacunas-contra-covid-19-dosis-aplicadas-en-la-republica-argentina,14336164,11290468,3045696
Argentina,2021-06-08,"Oxford/AstraZeneca, Sinopharm/Beijing, Sputnik V",http://datos.salud.gob.ar/dataset/vacunas-contra-covid-19-dosis-aplicadas-en-la-republica-argentina,14663805,11577809,3085996
Argentina,2021-06-09,"Oxford/AstraZeneca, Sinopharm/Beijing, Sputnik V",http://datos.salud.gob.ar/dataset/vacunas-contra-covid-19-dosis-aplicadas-en-la-republica-argentina,15012734,11888649,3124085
Argentina,2021-06-10,"Oxford/AstraZeneca, Sinopharm/Beijing, Sputnik V",http://datos.salud.gob.ar/dataset/vacunas-contra-covid-19-dosis-aplicadas-en-la-republica-argentina,15353408,12202881,3150527
Argentina,2021-06-11,"Oxford/AstraZeneca, Sinopharm/Beijing, Sputnik V",http://datos.salud.gob.ar/dataset/vacunas-contra-covid-19-dosis-aplicadas-en-la-republica-argentina,15730223,12555442,3174781
Argentina,2021-06-12,"Oxford/AstraZeneca, Sinopharm/Beijing, Sputnik V",http://datos.salud.gob.ar/dataset/vacunas-contra-covid-19-dosis-aplicadas-en-la-republica-argentina,16102741,12879690,3223051
Argentina,2021-06-13,"Oxford/AstraZeneca, Sinopharm/Beijing, Sputnik V",http://datos.salud.gob.ar/dataset/vacunas-contra-covid-19-dosis-aplicadas-en-la-republica-argentina,16286902,12991480,3295422
Argentina,2021-06-14,"Oxford/AstraZeneca, Sinopharm/Beijing, Sputnik V",http://datos.salud.gob.ar/dataset/vacunas-contra-covid-19-dosis-aplicadas-en-la-republica-argentina,16382043,13043304,3338739
Argentina,2021-06-15,"Oxford/AstraZeneca, Sinopharm/Beijing, Sputnik V",http://datos.salud.gob.ar/dataset/vacunas-contra-covid-19-dosis-aplicadas-en-la-republica-argentina,16643769,13223188,3420581
Argentina,2021-06-16,"Oxford/AstraZeneca, Sinopharm/Beijing, Sputnik V",http://datos.salud.gob.ar/dataset/vacunas-contra-covid-19-dosis-aplicadas-en-la-republica-argentina,16876619,13389726,3486893
Argentina,2021-06-17,"Oxford/AstraZeneca, Sinopharm/Beijing, Sputnik V",http://datos.salud.gob.ar/dataset/vacunas-contra-covid-19-dosis-aplicadas-en-la-republica-argentina,17172628,13609451,3563177
Argentina,2021-06-18,"Oxford/AstraZeneca, Sinopharm/Beijing, Sputnik V",http://datos.salud.gob.ar/dataset/vacunas-contra-covid-19-dosis-aplicadas-en-la-republica-argentina,17475935,13852316,3623619
Argentina,2021-06-19,"Oxford/AstraZeneca, Sinopharm/Beijing, Sputnik V",http://datos.salud.gob.ar/dataset/vacunas-contra-covid-19-dosis-aplicadas-en-la-republica-argentina,17837121,14172453,3664668
Argentina,2021-06-20,"Oxford/AstraZeneca, Sinopharm/Beijing, Sputnik V",http://datos.salud.gob.ar/dataset/vacunas-contra-covid-19-dosis-aplicadas-en-la-republica-argentina,18085389,14397649,3687740
Argentina,2021-06-21,"Oxford/AstraZeneca, Sinopharm/Beijing, Sputnik V",http://datos.salud.gob.ar/dataset/vacunas-contra-covid-19-dosis-aplicadas-en-la-republica-argentina,18198899,14504810,3694089
Argentina,2021-06-22,"Oxford/AstraZeneca, Sinopharm/Beijing, Sputnik V",http://datos.salud.gob.ar/dataset/vacunas-contra-covid-19-dosis-aplicadas-en-la-republica-argentina,18380675,14660693,3719982
Argentina,2021-06-23,"Oxford/AstraZeneca, Sinopharm/Beijing, Sputnik V",http://datos.salud.gob.ar/dataset/vacunas-contra-covid-19-dosis-aplicadas-en-la-republica-argentina,18646784,14886910,3759874
Argentina,2021-06-24,"Oxford/AstraZeneca, Sinopharm/Beijing, Sputnik V",http://datos.salud.gob.ar/dataset/vacunas-contra-covid-19-dosis-aplicadas-en-la-republica-argentina,18921680,15128961,3792719
Argentina,2021-06-25,"Oxford/AstraZeneca, Sinopharm/Beijing, Sputnik V",http://datos.salud.gob.ar/dataset/vacunas-contra-covid-19-dosis-aplicadas-en-la-republica-argentina,19205808,15374817,3830991
Argentina,2021-06-26,"Oxford/AstraZeneca, Sinopharm/Beijing, Sputnik V",http://datos.salud.gob.ar/dataset/vacunas-contra-covid-19-dosis-aplicadas-en-la-republica-argentina,19499231,15617249,3881982
Argentina,2021-06-27,"Oxford/AstraZeneca, Sinopharm/Beijing, Sputnik V",http://datos.salud.gob.ar/dataset/vacunas-contra-covid-19-dosis-aplicadas-en-la-republica-argentina,19749468,15831632,3917836
Argentina,2021-06-28,"Oxford/AstraZeneca, Sinopharm/Beijing, Sputnik V",http://datos.salud.gob.ar/dataset/vacunas-contra-covid-19-dosis-aplicadas-en-la-republica-argentina,19951580,15993494,3958086
Argentina,2021-06-29,"Oxford/AstraZeneca, Sinopharm/Beijing, Sputnik V",http://datos.salud.gob.ar/dataset/vacunas-contra-covid-19-dosis-aplicadas-en-la-republica-argentina,20221697,16228833,3992864
Argentina,2021-06-30,"Oxford/AstraZeneca, Sinopharm/Beijing, Sputnik V",http://datos.salud.gob.ar/dataset/vacunas-contra-covid-19-dosis-aplicadas-en-la-republica-argentina,20543325,16504606,4038719
Argentina,2021-07-01,"Oxford/AstraZeneca, Sinopharm/Beijing, Sputnik V",http://datos.salud.gob.ar/dataset/vacunas-contra-covid-19-dosis-aplicadas-en-la-republica-argentina,20907721,16821968,4085753
Argentina,2021-07-02,"Oxford/AstraZeneca, Sinopharm/Beijing, Sputnik V",http://datos.salud.gob.ar/dataset/vacunas-contra-covid-19-dosis-aplicadas-en-la-republica-argentina,21310026,17106617,4203409
Argentina,2021-07-03,"Oxford/AstraZeneca, Sinopharm/Beijing, Sputnik V",http://datos.salud.gob.ar/dataset/vacunas-contra-covid-19-dosis-aplicadas-en-la-republica-argentina,21781425,17479963,4301462
Argentina,2021-07-04,"Oxford/AstraZeneca, Sinopharm/Beijing, Sputnik V",http://datos.salud.gob.ar/dataset/vacunas-contra-covid-19-dosis-aplicadas-en-la-republica-argentina,22179930,17796602,4383328
Argentina,2021-07-05,"Oxford/AstraZeneca, Sinopharm/Beijing, Sputnik V",http://datos.salud.gob.ar/dataset/vacunas-contra-covid-19-dosis-aplicadas-en-la-republica-argentina,22444129,18011944,4432185
Argentina,2021-07-06,"Oxford/AstraZeneca, Sinopharm/Beijing, Sputnik V",http://datos.salud.gob.ar/dataset/vacunas-contra-covid-19-dosis-aplicadas-en-la-republica-argentina,22813398,18246811,4566587
Argentina,2021-07-07,"Oxford/AstraZeneca, Sinopharm/Beijing, Sputnik V",http://datos.salud.gob.ar/dataset/vacunas-contra-covid-19-dosis-aplicadas-en-la-republica-argentina,23317413,18577434,4739979
Argentina,2021-07-08,"Oxford/AstraZeneca, Sinopharm/Beijing, Sputnik V",http://datos.salud.gob.ar/dataset/vacunas-contra-covid-19-dosis-aplicadas-en-la-republica-argentina,23722105,18869175,4852930
Argentina,2021-07-09,"Oxford/AstraZeneca, Sinopharm/Beijing, Sputnik V",http://datos.salud.gob.ar/dataset/vacunas-contra-covid-19-dosis-aplicadas-en-la-republica-argentina,24048381,19162483,4885898
Argentina,2021-07-10,"Oxford/AstraZeneca, Sinopharm/Beijing, Sputnik V",http://datos.salud.gob.ar/dataset/vacunas-contra-covid-19-dosis-aplicadas-en-la-republica-argentina,24518390,19507996,5010394
Argentina,2021-07-11,"Oxford/AstraZeneca, Sinopharm/Beijing, Sputnik V",http://datos.salud.gob.ar/dataset/vacunas-contra-covid-19-dosis-aplicadas-en-la-republica-argentina,24616918,19594624,5022294
