location,date,vaccine,source_url,total_vaccinations,people_vaccinated,people_fully_vaccinated
Bolivia,2021-01-28,Sputnik V,https://boliviasegura.gob.bo/noticias/,0,,
Bolivia,2021-01-29,Sputnik V,https://boliviasegura.gob.bo/noticias/,12,,
Bolivia,2021-01-30,Sputnik V,https://boliviasegura.gob.bo/noticias/,39,,
Bolivia,2021-01-31,Sputnik V,https://boliviasegura.gob.bo/noticias/,67,,
Bolivia,2021-02-01,Sputnik V,https://boliviasegura.gob.bo/noticias/,570,,
Bolivia,2021-02-02,Sputnik V,https://boliviasegura.gob.bo/noticias/,1593,,
Bolivia,2021-02-03,Sputnik V,https://boliviasegura.gob.bo/noticias/,3560,,
Bolivia,2021-02-11,Sputnik V,https://twitter.com/SaludDeportesBo/status/1359831763791581185,10167,,
Bolivia,2021-03-02,Sputnik V,https://twitter.com/SaludDeportesBo/status/1366959563212283904,19487,10325,9162
Bolivia,2021-03-03,Sputnik V,https://twitter.com/SaludDeportesBo/status/1367290765194502146,19865,10325,9540
Bolivia,2021-03-04,Sputnik V,https://twitter.com/SaludDeportesBo/status/1367661977959596032,20025,10325,9700
Bolivia,2021-03-05,Sputnik V,https://twitter.com/SaludDeportesBo/status/1368020117586599936,20110,10325,9785
Bolivia,2021-03-06,Sputnik V,https://twitter.com/SaludDeportesBo/status/1368377846620708872,106182,96397,9785
Bolivia,2021-03-07,Sputnik V,https://twitter.com/SaludDeportesBo/status/1368739756213960712,106905,97120,9785
Bolivia,2021-03-08,Sputnik V,https://twitter.com/SaludDeportesBo/status/1369100480287236101,112066,102236,9830
Bolivia,2021-03-09,Sputnik V,https://twitter.com/SaludDeportesBo/status/1369467204413108229,119080,109210,9870
Bolivia,2021-03-10,Sputnik V,https://twitter.com/SaludDeportesBo/status/1369824218255405061,126889,117011,9878
Bolivia,2021-03-11,Sputnik V,https://twitter.com/SaludDeportesBo/status/1370191660093743109,132286,122348,9938
Bolivia,2021-03-12,Sputnik V,https://twitter.com/SaludDeportesBo/status/1370551583285649411,137150,127199,9951
Bolivia,2021-03-13,Sputnik V,https://twitter.com/SaludDeportesBo/status/1370912403395858435,137787,127836,9951
Bolivia,2021-03-14,Sputnik V,https://twitter.com/SaludDeportesBo/status/1371277455516966912,138218,128267,9951
Bolivia,2021-03-15,Sputnik V,https://twitter.com/SaludDeportesBo/status/1371638945092673541,141810,131814,9996
Bolivia,2021-03-16,Sputnik V,https://twitter.com/SaludDeportesBo/status/1371996431477772288,146039,136032,10007
Bolivia,2021-03-17,Sputnik V,https://twitter.com/SaludDeportesBo/status/1372360665311158272,150593,140532,10061
Bolivia,2021-03-18,Sputnik V,https://twitter.com/SaludDeportesBo/status/1372732311066775552,155945,144816,11129
Bolivia,2021-03-19,Sputnik V,https://twitter.com/SaludDeportesBo/status/1373103900769804288,164984,148045,16939
Bolivia,2021-03-20,Sputnik V,https://twitter.com/SaludDeportesBo/status/1373442353499930627,167160,148588,18572
Bolivia,2021-03-21,Sputnik V,https://twitter.com/SaludDeportesBo/status/1373807143753822210,168477,148975,19502
Bolivia,2021-03-22,Sputnik V,https://twitter.com/SaludDeportesBo/status/1374179532949889035,180187,151952,28235
Bolivia,2021-03-23,Sputnik V,https://twitter.com/SaludDeportesBo/status/1374540321942601736,198104,155962,42142
Bolivia,2021-03-24,Sputnik V,https://twitter.com/SaludDeportesBo/status/1374892915982540800,218201,160904,57297
Bolivia,2021-03-25,Sputnik V,https://twitter.com/SaludDeportesBo/status/1375258525795020804,238178,166737,71441
Bolivia,2021-03-26,Sputnik V,https://twitter.com/SaludDeportesBo/status/1375621509406920704,259171,173264,85907
Bolivia,2021-03-27,Sputnik V,https://twitter.com/SaludDeportesBo/status/1375989459641106439,263144,174799,88315
Bolivia,2021-03-28,Sputnik V,https://twitter.com/SaludDeportesBo/status/1376347135357112330,263887,175169,88718
Bolivia,2021-03-29,Sputnik V,https://twitter.com/SaludDeportesBo/status/1376712553045372929,275810,180484,95326
Bolivia,2021-03-30,Sputnik V,https://twitter.com/SaludDeportesBo/status/1377087190098907136,289351,186985,102366
Bolivia,2021-03-31,Sputnik V,https://twitter.com/SaludDeportesBo/status/1377440651248209924,304185,194880,109305
Bolivia,2021-04-01,Sputnik V,https://twitter.com/SaludDeportesBo/status/1377802182943211520,318115,203103,115012
Bolivia,2021-04-02,Sputnik V,https://twitter.com/SaludDeportesBo/status/1378155914079956995,320065,204097,115968
Bolivia,2021-04-03,Sputnik V,https://twitter.com/SaludDeportesBo/status/1378523646344495105,321807,205115,116692
Bolivia,2021-04-04,"Oxford/AstraZeneca, Sinopharm/Beijing, Sputnik V",https://twitter.com/SaludDeportesBo/status/1378881476683571206,323081,206003,117078
Bolivia,2021-04-05,"Oxford/AstraZeneca, Sinopharm/Beijing, Sputnik V",https://twitter.com/SaludDeportesBo/status/1379264587577622533,339633,215926,123707
Bolivia,2021-04-06,"Oxford/AstraZeneca, Sinopharm/Beijing, Sputnik V",https://twitter.com/SaludDeportesBo/status/1379615780485074944,357924,229556,128368
Bolivia,2021-04-07,"Oxford/AstraZeneca, Sinopharm/Beijing, Sputnik V",https://twitter.com/SaludDeportesBo/status/1379981645671960576,378455,245763,132692
Bolivia,2021-04-08,"Oxford/AstraZeneca, Sinopharm/Beijing, Sputnik V",https://twitter.com/SaludDeportesBo/status/1380343958199537665,400804,263732,137072
Bolivia,2021-04-09,"Oxford/AstraZeneca, Sinopharm/Beijing, Sputnik V",https://twitter.com/SaludDeportesBo/status/1380701119597404162,423842,282801,141041
Bolivia,2021-04-10,"Oxford/AstraZeneca, Sinopharm/Beijing, Sputnik V",https://twitter.com/SaludDeportesBo/status/1381063787567058950,428502,287004,141498
Bolivia,2021-04-11,"Oxford/AstraZeneca, Sinopharm/Beijing, Sputnik V",https://twitter.com/SaludDeportesBo/status/1381416610955735044,431018,289353,141665
Bolivia,2021-04-12,"Oxford/AstraZeneca, Sinopharm/Beijing, Sputnik V",https://twitter.com/SaludDeportesBo/status/1381778655450431491,447417,302991,144426
Bolivia,2021-04-13,"Oxford/AstraZeneca, Sinopharm/Beijing, Sputnik V",https://twitter.com/SaludDeportesBo/status/1382143976992555008,465896,317701,148195
Bolivia,2021-04-14,"Oxford/AstraZeneca, Sinopharm/Beijing, Sputnik V",https://twitter.com/SaludDeportesBo/status/1382519770994597894,486354,333137,153217
Bolivia,2021-04-15,"Oxford/AstraZeneca, Sinopharm/Beijing, Sputnik V",https://twitter.com/SaludDeportesBo/status/1382887630212333569,507411,348591,158820
Bolivia,2021-04-16,"Oxford/AstraZeneca, Sinopharm/Beijing, Sputnik V",https://twitter.com/SaludDeportesBo/status/1383225846748516353,530496,365333,165163
Bolivia,2021-04-17,"Oxford/AstraZeneca, Sinopharm/Beijing, Sputnik V",https://twitter.com/SaludDeportesBo/status/1383668018668965891,536374,370483,165891
Bolivia,2021-04-18,"Oxford/AstraZeneca, Sinopharm/Beijing, Sputnik V",https://twitter.com/SaludDeportesBo/status/1383956691385868300,539230,373139,166091
Bolivia,2021-04-19,"Oxford/AstraZeneca, Sinopharm/Beijing, Sputnik V",https://twitter.com/SaludDeportesBo/status/1384319103733731329,557394,385889,171505
Bolivia,2021-04-20,"Oxford/AstraZeneca, Sinopharm/Beijing, Sputnik V",https://twitter.com/SaludDeportesBo/status/1384685491036041219,577211,400087,177124
Bolivia,2021-04-21,"Oxford/AstraZeneca, Sinopharm/Beijing, Sputnik V",https://twitter.com/SaludDeportesBo/status/1385049565737455617,596366,413643,182723
Bolivia,2021-04-22,"Oxford/AstraZeneca, Sinopharm/Beijing, Sputnik V",https://twitter.com/SaludDeportesBo/status/1385411136317792257,619794,431138,188656
Bolivia,2021-04-23,"Oxford/AstraZeneca, Sinopharm/Beijing, Sputnik V",https://twitter.com/SaludDeportesBo/status/1385791908312715264,647118,456643,190475
Bolivia,2021-04-24,"Oxford/AstraZeneca, Sinopharm/Beijing, Sputnik V",https://twitter.com/SaludDeportesBo/status/1386137043781275650,656613,465823,190790
Bolivia,2021-04-25,"Oxford/AstraZeneca, Sinopharm/Beijing, Sputnik V",https://twitter.com/SaludDeportesBo/status/1386489309461729284,660610,469586,191024
Bolivia,2021-04-26,"Oxford/AstraZeneca, Sinopharm/Beijing, Sputnik V",https://twitter.com/SaludDeportesBo/status/1386871516361592837,688654,490495,198159
Bolivia,2021-04-27,"Oxford/AstraZeneca, Sinopharm/Beijing, Sputnik V",https://twitter.com/SaludDeportesBo/status/1387234102517043200,722946,516958,205988
Bolivia,2021-04-28,"Oxford/AstraZeneca, Sinopharm/Beijing, Sputnik V",https://twitter.com/SaludDeportesBo/status/1387591621353553922,762044,547471,214573
Bolivia,2021-05-01,"Oxford/AstraZeneca, Sinopharm/Beijing, Sputnik V",https://twitter.com/SaludDeportesBo/status/1388682377866657793,848149,614600,233549
Bolivia,2021-05-03,"Oxford/AstraZeneca, Sinopharm/Beijing, Sputnik V",https://twitter.com/SaludDeportesBo/status/1389392032800690177,878563,637694,240869
Bolivia,2021-05-04,"Oxford/AstraZeneca, Pfizer/BioNTech, Sinopharm/Beijing, Sputnik V",https://www.minsalud.gob.bo/5519-covid-19-1-588-casos-positivos-8-746-pruebas-negativas-y-909-863-dosis-de-la-vacuna-contra-el-virus-fueron-aplicadas-hasta-la-fecha,909863,663041,246822
Bolivia,2021-05-05,"Oxford/AstraZeneca, Pfizer/BioNTech, Sinopharm/Beijing, Sputnik V",https://www.minsalud.gob.bo/5526-reporte-covid-19-1-835-casos-positivos-reportados-9-461-pruebas-negativas-y-941-419-dosis-de-la-vacuna-contra-el-virus-fueron-aplicadas-hasta-la-fecha,941419,689633,251786
Bolivia,2021-05-06,"Oxford/AstraZeneca, Pfizer/BioNTech, Sinopharm/Beijing, Sputnik V",https://www.minsalud.gob.bo/5534-covid-19-1-783-casos-positivos-7-855-pruebas-negativas-y-966-546-dosis-de-la-vacuna-contra-el-virus-fueron-aplicadas-hasta-la-fecha,966546,710240,256306
Bolivia,2021-05-07,"Oxford/AstraZeneca, Pfizer/BioNTech, Sinopharm/Beijing, Sputnik V",https://www.minsalud.gob.bo/5538-reporte-covid-19-1-963-casos-positivos-8-063-pruebas-negativas-y-990-300-dosis-de-la-vacuna-contra-el-virus-fueron-aplicadas-hasta-la-fecha,990300,728194,262106
Bolivia,2021-05-08,"Oxford/AstraZeneca, Pfizer/BioNTech, Sinopharm/Beijing, Sputnik V",https://www.minsalud.gob.bo/5539-epidemiologia-1-394-casos-positivos-de-covid-19-4-933-pruebas-negativas-y-997-296-dosis-de-la-vacuna-contra-el-virus-fueron-aplicadas-hasta-la-fecha,997296,733305,263991
Bolivia,2021-05-09,"Oxford/AstraZeneca, Pfizer/BioNTech, Sinopharm/Beijing, Sputnik V",https://www.minsalud.gob.bo/5541-reporte-epidemiologico-1-063-casos-positivos-de-covid-19-3-657-pruebas-negativas-y-998-818-dosis-de-la-vacuna-contra-el-virus-fueron-aplicadas-hasta-la-fecha,998818,734162,264656
Bolivia,2021-05-10,"Oxford/AstraZeneca, Pfizer/BioNTech, Sinopharm/Beijing, Sputnik V",https://www.boliviasegura.gob.bo/index.php/2021/05/11/reporte-de-vacunacion-contra-el-covid-19/,1010981,741658,269323
Bolivia,2021-05-11,"Oxford/AstraZeneca, Pfizer/BioNTech, Sinopharm/Beijing, Sputnik V",https://www.boliviasegura.gob.bo/index.php/category/estadistica/,1022419,748839,273580
Bolivia,2021-05-12,"Oxford/AstraZeneca, Pfizer/BioNTech, Sinopharm/Beijing, Sputnik V",https://www.boliviasegura.gob.bo/index.php/category/estadistica/,1031197,754525,276672
Bolivia,2021-05-14,"Oxford/AstraZeneca, Pfizer/BioNTech, Sinopharm/Beijing, Sputnik V",https://www.boliviasegura.gob.bo/index.php/category/estadistica/,1056895,776914,279981
Bolivia,2021-05-15,"Oxford/AstraZeneca, Pfizer/BioNTech, Sinopharm/Beijing, Sputnik V",https://www.boliviasegura.gob.bo/index.php/category/estadistica/,1093965,810391,283574
Bolivia,2021-05-16,"Oxford/AstraZeneca, Pfizer/BioNTech, Sinopharm/Beijing, Sputnik V",https://www.boliviasegura.gob.bo/index.php/category/estadistica/,1103071,818489,284582
Bolivia,2021-05-17,"Oxford/AstraZeneca, Pfizer/BioNTech, Sinopharm/Beijing, Sputnik V",https://www.boliviasegura.gob.bo/index.php/category/estadistica/,1106725,821241,285484
Bolivia,2021-05-18,"Oxford/AstraZeneca, Pfizer/BioNTech, Sinopharm/Beijing, Sputnik V",https://www.boliviasegura.gob.bo/index.php/category/estadistica/,1194572,902833,291739
Bolivia,2021-05-21,"Oxford/AstraZeneca, Pfizer/BioNTech, Sinopharm/Beijing, Sputnik V",https://www.boliviasegura.gob.bo/index.php/category/estadistica/,1301201,1004613,296588
Bolivia,2021-05-22,"Oxford/AstraZeneca, Pfizer/BioNTech, Sinopharm/Beijing, Sputnik V",https://www.boliviasegura.gob.bo/index.php/category/estadistica/,1357045,1058435,298610
Bolivia,2021-05-23,"Oxford/AstraZeneca, Pfizer/BioNTech, Sinopharm/Beijing, Sputnik V",https://www.boliviasegura.gob.bo/index.php/category/estadistica/,1371216,1071682,299534
Bolivia,2021-05-24,"Oxford/AstraZeneca, Pfizer/BioNTech, Sinopharm/Beijing, Sputnik V",https://www.boliviasegura.gob.bo/index.php/category/estadistica/,1415620,1112812,302808
Bolivia,2021-05-25,"Oxford/AstraZeneca, Pfizer/BioNTech, Sinopharm/Beijing, Sputnik V",https://www.boliviasegura.gob.bo/index.php/category/estadistica/,1457644,1145107,312537
Bolivia,2021-05-26,"Oxford/AstraZeneca, Pfizer/BioNTech, Sinopharm/Beijing, Sputnik V",https://www.boliviasegura.gob.bo/index.php/category/estadistica/,1511957,1185725,326232
Bolivia,2021-05-27,"Oxford/AstraZeneca, Pfizer/BioNTech, Sinopharm/Beijing, Sputnik V",https://www.boliviasegura.gob.bo/index.php/category/estadistica/,1564349,1224313,340036
Bolivia,2021-05-28,"Oxford/AstraZeneca, Pfizer/BioNTech, Sinopharm/Beijing, Sputnik V",https://www.boliviasegura.gob.bo/index.php/category/estadistica/,1616658,1271262,345396
Bolivia,2021-05-29,"Oxford/AstraZeneca, Pfizer/BioNTech, Sinopharm/Beijing, Sputnik V",https://www.boliviasegura.gob.bo/index.php/category/estadistica/,1630173,1283524,346649
Bolivia,2021-05-30,"Oxford/AstraZeneca, Pfizer/BioNTech, Sinopharm/Beijing, Sputnik V",https://www.boliviasegura.gob.bo/index.php/category/estadistica/,1635543,1288278,347265
Bolivia,2021-05-31,"Oxford/AstraZeneca, Pfizer/BioNTech, Sinopharm/Beijing, Sputnik V",https://www.boliviasegura.gob.bo/index.php/category/estadistica/,1681883,1331789,350094
Bolivia,2021-06-01,"Oxford/AstraZeneca, Pfizer/BioNTech, Sinopharm/Beijing, Sputnik V",https://www.boliviasegura.gob.bo/index.php/category/estadistica/,1729799,1376792,353007
Bolivia,2021-06-02,"Oxford/AstraZeneca, Pfizer/BioNTech, Sinopharm/Beijing, Sputnik V",https://www.boliviasegura.gob.bo/index.php/category/estadistica/,1767803,1412650,355153
Bolivia,2021-06-03,"Oxford/AstraZeneca, Pfizer/BioNTech, Sinopharm/Beijing, Sputnik V",https://www.boliviasegura.gob.bo/index.php/category/estadistica/,1776677,1420596,356081
Bolivia,2021-06-04,"Oxford/AstraZeneca, Pfizer/BioNTech, Sinopharm/Beijing, Sputnik V",https://www.boliviasegura.gob.bo/index.php/category/estadistica/,1814885,1444171,370714
Bolivia,2021-06-05,"Oxford/AstraZeneca, Pfizer/BioNTech, Sinopharm/Beijing, Sputnik V",https://www.boliviasegura.gob.bo/index.php/category/estadistica/,1825646,1451108,374538
Bolivia,2021-06-06,"Oxford/AstraZeneca, Pfizer/BioNTech, Sinopharm/Beijing, Sputnik V",https://www.boliviasegura.gob.bo/index.php/category/estadistica/,1829560,1454262,375298
Bolivia,2021-06-07,"Oxford/AstraZeneca, Pfizer/BioNTech, Sinopharm/Beijing, Sputnik V",https://www.boliviasegura.gob.bo/index.php/category/estadistica/,1878702,1470833,407869
Bolivia,2021-06-09,"Oxford/AstraZeneca, Pfizer/BioNTech, Sinopharm/Beijing, Sputnik V",https://www.boliviasegura.gob.bo/index.php/category/estadistica/,1940095,1490937,449158
Bolivia,2021-06-12,"Oxford/AstraZeneca, Pfizer/BioNTech, Sinopharm/Beijing, Sputnik V",https://www.boliviasegura.gob.bo/index.php/category/estadistica/,2065191,1542588,522603
Bolivia,2021-06-13,"Oxford/AstraZeneca, Pfizer/BioNTech, Sinopharm/Beijing, Sputnik V",https://www.boliviasegura.gob.bo/index.php/category/estadistica/,2069629,1544730,524899
Bolivia,2021-06-15,"Oxford/AstraZeneca, Pfizer/BioNTech, Sinopharm/Beijing, Sputnik V",https://www.boliviasegura.gob.bo/index.php/category/estadistica/,2117222,1572351,544871
Bolivia,2021-06-17,"Oxford/AstraZeneca, Pfizer/BioNTech, Sinopharm/Beijing, Sputnik V",https://www.boliviasegura.gob.bo/index.php/category/estadistica/,2151088,1594489,556599
Bolivia,2021-06-18,"Oxford/AstraZeneca, Pfizer/BioNTech, Sinopharm/Beijing, Sputnik V",https://www.boliviasegura.gob.bo/index.php/category/estadistica/,2181452,1615514,565938
Bolivia,2021-06-21,"Oxford/AstraZeneca, Pfizer/BioNTech, Sinopharm/Beijing, Sputnik V",https://www.boliviasegura.gob.bo/index.php/category/estadistica/,2231841,1645289,586552
Bolivia,2021-06-28,"Oxford/AstraZeneca, Pfizer/BioNTech, Sinopharm/Beijing, Sputnik V",https://www.boliviasegura.gob.bo/index.php/category/estadistica/,2450510,1788228,662282
Bolivia,2021-06-30,"Oxford/AstraZeneca, Pfizer/BioNTech, Sinopharm/Beijing, Sputnik V",https://www.boliviasegura.gob.bo/index.php/category/estadistica/,2549403,1857751,691652
Bolivia,2021-07-02,"Oxford/AstraZeneca, Pfizer/BioNTech, Sinopharm/Beijing, Sputnik V",https://www.boliviasegura.gob.bo/index.php/category/estadistica/,2647544,1927217,720327
