location,date,vaccine,source_url,total_vaccinations,people_vaccinated,people_fully_vaccinated
Canada,2020-12-14,"Moderna, Oxford/AstraZeneca, Pfizer/BioNTech",https://covid19tracker.ca/vaccinationtracker.html,5,5,0
Canada,2020-12-15,"Moderna, Oxford/AstraZeneca, Pfizer/BioNTech",https://covid19tracker.ca/vaccinationtracker.html,723,723,0
Canada,2020-12-16,"Moderna, Oxford/AstraZeneca, Pfizer/BioNTech",https://covid19tracker.ca/vaccinationtracker.html,3023,3023,0
Canada,2020-12-17,"Moderna, Oxford/AstraZeneca, Pfizer/BioNTech",https://covid19tracker.ca/vaccinationtracker.html,7202,7202,0
Canada,2020-12-18,"Moderna, Oxford/AstraZeneca, Pfizer/BioNTech",https://covid19tracker.ca/vaccinationtracker.html,11174,11174,0
Canada,2020-12-19,"Moderna, Oxford/AstraZeneca, Pfizer/BioNTech",https://covid19tracker.ca/vaccinationtracker.html,11894,11894,0
Canada,2020-12-20,"Moderna, Oxford/AstraZeneca, Pfizer/BioNTech",https://covid19tracker.ca/vaccinationtracker.html,12738,12738,0
Canada,2020-12-21,"Moderna, Oxford/AstraZeneca, Pfizer/BioNTech",https://covid19tracker.ca/vaccinationtracker.html,20866,20866,0
Canada,2020-12-22,"Moderna, Oxford/AstraZeneca, Pfizer/BioNTech",https://covid19tracker.ca/vaccinationtracker.html,26603,26603,0
Canada,2020-12-23,"Moderna, Oxford/AstraZeneca, Pfizer/BioNTech",https://covid19tracker.ca/vaccinationtracker.html,35089,35089,0
Canada,2020-12-24,"Moderna, Oxford/AstraZeneca, Pfizer/BioNTech",https://covid19tracker.ca/vaccinationtracker.html,45398,45398,0
Canada,2020-12-25,"Moderna, Oxford/AstraZeneca, Pfizer/BioNTech",https://covid19tracker.ca/vaccinationtracker.html,45398,45398,0
Canada,2020-12-26,"Moderna, Oxford/AstraZeneca, Pfizer/BioNTech",https://covid19tracker.ca/vaccinationtracker.html,48417,48417,0
Canada,2020-12-27,"Moderna, Oxford/AstraZeneca, Pfizer/BioNTech",https://covid19tracker.ca/vaccinationtracker.html,52280,52280,0
Canada,2020-12-28,"Moderna, Oxford/AstraZeneca, Pfizer/BioNTech",https://covid19tracker.ca/vaccinationtracker.html,59449,59449,0
Canada,2020-12-29,"Moderna, Oxford/AstraZeneca, Pfizer/BioNTech",https://covid19tracker.ca/vaccinationtracker.html,70463,70463,0
Canada,2020-12-30,"Moderna, Oxford/AstraZeneca, Pfizer/BioNTech",https://covid19tracker.ca/vaccinationtracker.html,84142,84142,0
Canada,2020-12-31,"Moderna, Oxford/AstraZeneca, Pfizer/BioNTech",https://covid19tracker.ca/vaccinationtracker.html,97582,97582,0
Canada,2021-01-01,"Moderna, Oxford/AstraZeneca, Pfizer/BioNTech",https://covid19tracker.ca/vaccinationtracker.html,103790,103790,0
Canada,2021-01-02,"Moderna, Oxford/AstraZeneca, Pfizer/BioNTech",https://covid19tracker.ca/vaccinationtracker.html,108732,108732,0
Canada,2021-01-03,"Moderna, Oxford/AstraZeneca, Pfizer/BioNTech",https://covid19tracker.ca/vaccinationtracker.html,114034,114034,0
Canada,2021-01-04,"Moderna, Oxford/AstraZeneca, Pfizer/BioNTech",https://covid19tracker.ca/vaccinationtracker.html,137735,137735,0
Canada,2021-01-05,"Moderna, Oxford/AstraZeneca, Pfizer/BioNTech",https://covid19tracker.ca/vaccinationtracker.html,155197,155197,0
Canada,2021-01-06,"Moderna, Oxford/AstraZeneca, Pfizer/BioNTech",https://covid19tracker.ca/vaccinationtracker.html,183360,182930,430
Canada,2021-01-07,"Moderna, Oxford/AstraZeneca, Pfizer/BioNTech",https://covid19tracker.ca/vaccinationtracker.html,219446,218359,1087
Canada,2021-01-08,"Moderna, Oxford/AstraZeneca, Pfizer/BioNTech",https://covid19tracker.ca/vaccinationtracker.html,260654,258627,2027
Canada,2021-01-09,"Moderna, Oxford/AstraZeneca, Pfizer/BioNTech",https://covid19tracker.ca/vaccinationtracker.html,296241,293301,2940
Canada,2021-01-10,"Moderna, Oxford/AstraZeneca, Pfizer/BioNTech",https://covid19tracker.ca/vaccinationtracker.html,319603,316661,2942
Canada,2021-01-11,"Moderna, Oxford/AstraZeneca, Pfizer/BioNTech",https://covid19tracker.ca/vaccinationtracker.html,359049,356107,2942
Canada,2021-01-12,"Moderna, Oxford/AstraZeneca, Pfizer/BioNTech",https://covid19tracker.ca/vaccinationtracker.html,388493,385470,3023
Canada,2021-01-13,"Moderna, Oxford/AstraZeneca, Pfizer/BioNTech",https://covid19tracker.ca/vaccinationtracker.html,419209,407278,11931
Canada,2021-01-14,"Moderna, Oxford/AstraZeneca, Pfizer/BioNTech",https://covid19tracker.ca/vaccinationtracker.html,459492,445000,14492
Canada,2021-01-15,"Moderna, Oxford/AstraZeneca, Pfizer/BioNTech",https://covid19tracker.ca/vaccinationtracker.html,507687,489693,17994
Canada,2021-01-16,"Moderna, Oxford/AstraZeneca, Pfizer/BioNTech",https://covid19tracker.ca/vaccinationtracker.html,543291,524177,19114
Canada,2021-01-17,"Moderna, Oxford/AstraZeneca, Pfizer/BioNTech",https://covid19tracker.ca/vaccinationtracker.html,570742,550438,20304
Canada,2021-01-18,"Moderna, Oxford/AstraZeneca, Pfizer/BioNTech",https://covid19tracker.ca/vaccinationtracker.html,614666,593632,21034
Canada,2021-01-19,"Moderna, Oxford/AstraZeneca, Pfizer/BioNTech",https://covid19tracker.ca/vaccinationtracker.html,653653,629268,24385
Canada,2021-01-20,"Moderna, Oxford/AstraZeneca, Pfizer/BioNTech",https://covid19tracker.ca/vaccinationtracker.html,696242,659194,37048
Canada,2021-01-21,"Moderna, Oxford/AstraZeneca, Pfizer/BioNTech",https://covid19tracker.ca/vaccinationtracker.html,738864,695612,43252
Canada,2021-01-22,"Moderna, Oxford/AstraZeneca, Pfizer/BioNTech",https://covid19tracker.ca/vaccinationtracker.html,776606,727115,49491
Canada,2021-01-23,"Moderna, Oxford/AstraZeneca, Pfizer/BioNTech",https://covid19tracker.ca/vaccinationtracker.html,801238,747434,53804
Canada,2021-01-24,"Moderna, Oxford/AstraZeneca, Pfizer/BioNTech",https://covid19tracker.ca/vaccinationtracker.html,816451,760010,56441
Canada,2021-01-25,"Moderna, Oxford/AstraZeneca, Pfizer/BioNTech",https://covid19tracker.ca/vaccinationtracker.html,839949,775296,64653
Canada,2021-01-26,"Moderna, Oxford/AstraZeneca, Pfizer/BioNTech",https://covid19tracker.ca/vaccinationtracker.html,868454,795643,72811
Canada,2021-01-27,"Moderna, Oxford/AstraZeneca, Pfizer/BioNTech",https://covid19tracker.ca/vaccinationtracker.html,891324,809128,82196
Canada,2021-01-28,"Moderna, Oxford/AstraZeneca, Pfizer/BioNTech",https://covid19tracker.ca/vaccinationtracker.html,916027,824083,91944
Canada,2021-01-29,"Moderna, Oxford/AstraZeneca, Pfizer/BioNTech",https://covid19tracker.ca/vaccinationtracker.html,937199,836024,101175
Canada,2021-01-30,"Moderna, Oxford/AstraZeneca, Pfizer/BioNTech",https://covid19tracker.ca/vaccinationtracker.html,952212,842711,109501
Canada,2021-01-31,"Moderna, Oxford/AstraZeneca, Pfizer/BioNTech",https://covid19tracker.ca/vaccinationtracker.html,957229,845339,111890
Canada,2021-02-01,"Moderna, Oxford/AstraZeneca, Pfizer/BioNTech",https://covid19tracker.ca/vaccinationtracker.html,975492,859175,116317
Canada,2021-02-02,"Moderna, Oxford/AstraZeneca, Pfizer/BioNTech",https://covid19tracker.ca/vaccinationtracker.html,988202,867115,121087
Canada,2021-02-03,"Moderna, Oxford/AstraZeneca, Pfizer/BioNTech",https://covid19tracker.ca/vaccinationtracker.html,1001468,871335,130133
Canada,2021-02-04,"Moderna, Oxford/AstraZeneca, Pfizer/BioNTech",https://covid19tracker.ca/vaccinationtracker.html,1020066,877629,142437
Canada,2021-02-05,"Moderna, Oxford/AstraZeneca, Pfizer/BioNTech",https://covid19tracker.ca/vaccinationtracker.html,1042901,887398,155503
Canada,2021-02-06,"Moderna, Oxford/AstraZeneca, Pfizer/BioNTech",https://covid19tracker.ca/vaccinationtracker.html,1064370,895383,168987
Canada,2021-02-07,"Moderna, Oxford/AstraZeneca, Pfizer/BioNTech",https://covid19tracker.ca/vaccinationtracker.html,1077297,900713,176584
Canada,2021-02-08,"Moderna, Oxford/AstraZeneca, Pfizer/BioNTech",https://covid19tracker.ca/vaccinationtracker.html,1098746,911312,187434
Canada,2021-02-09,"Moderna, Oxford/AstraZeneca, Pfizer/BioNTech",https://covid19tracker.ca/vaccinationtracker.html,1124517,920458,204059
Canada,2021-02-10,"Moderna, Oxford/AstraZeneca, Pfizer/BioNTech",https://covid19tracker.ca/vaccinationtracker.html,1154277,930286,223991
Canada,2021-02-11,"Moderna, Oxford/AstraZeneca, Pfizer/BioNTech",https://covid19tracker.ca/vaccinationtracker.html,1186689,942589,244100
Canada,2021-02-12,"Moderna, Oxford/AstraZeneca, Pfizer/BioNTech",https://covid19tracker.ca/vaccinationtracker.html,1221839,955013,266826
Canada,2021-02-13,"Moderna, Oxford/AstraZeneca, Pfizer/BioNTech",https://covid19tracker.ca/vaccinationtracker.html,1255076,967606,287470
Canada,2021-02-14,"Moderna, Oxford/AstraZeneca, Pfizer/BioNTech",https://covid19tracker.ca/vaccinationtracker.html,1272900,971168,301732
Canada,2021-02-15,"Moderna, Oxford/AstraZeneca, Pfizer/BioNTech",https://covid19tracker.ca/vaccinationtracker.html,1282761,972779,309982
Canada,2021-02-16,"Moderna, Oxford/AstraZeneca, Pfizer/BioNTech",https://covid19tracker.ca/vaccinationtracker.html,1308918,981148,327770
Canada,2021-02-17,"Moderna, Oxford/AstraZeneca, Pfizer/BioNTech",https://covid19tracker.ca/vaccinationtracker.html,1329398,985975,343423
Canada,2021-02-18,"Moderna, Oxford/AstraZeneca, Pfizer/BioNTech",https://covid19tracker.ca/vaccinationtracker.html,1356423,993291,363132
Canada,2021-02-19,"Moderna, Oxford/AstraZeneca, Pfizer/BioNTech",https://covid19tracker.ca/vaccinationtracker.html,1404273,1016579,387694
Canada,2021-02-20,"Moderna, Oxford/AstraZeneca, Pfizer/BioNTech",https://covid19tracker.ca/vaccinationtracker.html,1453980,1049514,404466
Canada,2021-02-21,"Moderna, Oxford/AstraZeneca, Pfizer/BioNTech",https://covid19tracker.ca/vaccinationtracker.html,1496377,1078899,417478
Canada,2021-02-22,"Moderna, Oxford/AstraZeneca, Pfizer/BioNTech",https://covid19tracker.ca/vaccinationtracker.html,1558110,1108564,449546
Canada,2021-02-23,"Moderna, Oxford/AstraZeneca, Pfizer/BioNTech",https://covid19tracker.ca/vaccinationtracker.html,1606472,1138700,467772
Canada,2021-02-24,"Moderna, Oxford/AstraZeneca, Pfizer/BioNTech",https://covid19tracker.ca/vaccinationtracker.html,1652562,1170515,482047
Canada,2021-02-25,"Moderna, Oxford/AstraZeneca, Pfizer/BioNTech",https://covid19tracker.ca/vaccinationtracker.html,1711455,1212595,498860
Canada,2021-02-26,"Moderna, Oxford/AstraZeneca, Pfizer/BioNTech",https://covid19tracker.ca/vaccinationtracker.html,1778706,1266731,511975
Canada,2021-02-27,"Moderna, Oxford/AstraZeneca, Pfizer/BioNTech",https://covid19tracker.ca/vaccinationtracker.html,1840435,1320653,519782
Canada,2021-02-28,"Moderna, Oxford/AstraZeneca, Pfizer/BioNTech",https://covid19tracker.ca/vaccinationtracker.html,1887059,1362034,525025
Canada,2021-03-01,"Moderna, Oxford/AstraZeneca, Pfizer/BioNTech",https://covid19tracker.ca/vaccinationtracker.html,1946200,1407961,538239
Canada,2021-03-02,"Moderna, Oxford/AstraZeneca, Pfizer/BioNTech",https://covid19tracker.ca/vaccinationtracker.html,2018238,1470034,548204
Canada,2021-03-03,"Moderna, Oxford/AstraZeneca, Pfizer/BioNTech",https://covid19tracker.ca/vaccinationtracker.html,2091700,1537273,554427
Canada,2021-03-04,"Moderna, Oxford/AstraZeneca, Pfizer/BioNTech",https://covid19tracker.ca/vaccinationtracker.html,2169417,1610535,558882
Canada,2021-03-05,"Moderna, Oxford/AstraZeneca, Pfizer/BioNTech",https://covid19tracker.ca/vaccinationtracker.html,2255174,1693203,561971
Canada,2021-03-06,"Moderna, Oxford/AstraZeneca, Pfizer/BioNTech",https://covid19tracker.ca/vaccinationtracker.html,2329622,1765405,564217
Canada,2021-03-07,"Moderna, Oxford/AstraZeneca, Pfizer/BioNTech",https://covid19tracker.ca/vaccinationtracker.html,2387189,1821470,565719
Canada,2021-03-08,"Moderna, Oxford/AstraZeneca, Pfizer/BioNTech",https://covid19tracker.ca/vaccinationtracker.html,2473868,1898266,575602
Canada,2021-03-09,"Moderna, Oxford/AstraZeneca, Pfizer/BioNTech",https://covid19tracker.ca/vaccinationtracker.html,2543253,1964221,579032
Canada,2021-03-10,"Moderna, Oxford/AstraZeneca, Pfizer/BioNTech",https://covid19tracker.ca/vaccinationtracker.html,2621289,2037806,583483
Canada,2021-03-11,"Moderna, Oxford/AstraZeneca, Pfizer/BioNTech",https://covid19tracker.ca/vaccinationtracker.html,2719317,2131666,587651
Canada,2021-03-12,"Moderna, Oxford/AstraZeneca, Pfizer/BioNTech",https://covid19tracker.ca/vaccinationtracker.html,2830164,2239490,590674
Canada,2021-03-13,"Moderna, Oxford/AstraZeneca, Pfizer/BioNTech",https://covid19tracker.ca/vaccinationtracker.html,2934007,2340676,593331
Canada,2021-03-14,"Moderna, Oxford/AstraZeneca, Pfizer/BioNTech",https://covid19tracker.ca/vaccinationtracker.html,3026665,2431332,595333
Canada,2021-03-15,"Moderna, Oxford/AstraZeneca, Pfizer/BioNTech",https://covid19tracker.ca/vaccinationtracker.html,3151305,2550387,600918
Canada,2021-03-16,"Moderna, Oxford/AstraZeneca, Pfizer/BioNTech",https://covid19tracker.ca/vaccinationtracker.html,3271309,2666388,604921
Canada,2021-03-17,"Moderna, Oxford/AstraZeneca, Pfizer/BioNTech",https://covid19tracker.ca/vaccinationtracker.html,3409996,2799925,610071
Canada,2021-03-18,"Moderna, Oxford/AstraZeneca, Pfizer/BioNTech",https://covid19tracker.ca/vaccinationtracker.html,3566328,2950647,615681
Canada,2021-03-19,"Moderna, Oxford/AstraZeneca, Pfizer/BioNTech",https://covid19tracker.ca/vaccinationtracker.html,3729312,3107711,621601
Canada,2021-03-20,"Moderna, Oxford/AstraZeneca, Pfizer/BioNTech",https://covid19tracker.ca/vaccinationtracker.html,3862685,3236471,626214
Canada,2021-03-21,"Moderna, Oxford/AstraZeneca, Pfizer/BioNTech",https://covid19tracker.ca/vaccinationtracker.html,3954285,3324329,629956
Canada,2021-03-22,"Moderna, Oxford/AstraZeneca, Pfizer/BioNTech",https://covid19tracker.ca/vaccinationtracker.html,4100558,3467046,633512
Canada,2021-03-23,"Moderna, Oxford/AstraZeneca, Pfizer/BioNTech",https://covid19tracker.ca/vaccinationtracker.html,4223272,3585845,637427
Canada,2021-03-24,"Moderna, Oxford/AstraZeneca, Pfizer/BioNTech",https://covid19tracker.ca/vaccinationtracker.html,4393876,3751505,642371
Canada,2021-03-25,"Moderna, Oxford/AstraZeneca, Pfizer/BioNTech",https://covid19tracker.ca/vaccinationtracker.html,4583950,3934959,648991
Canada,2021-03-26,"Moderna, Oxford/AstraZeneca, Pfizer/BioNTech",https://covid19tracker.ca/vaccinationtracker.html,4800931,4143640,657291
Canada,2021-03-27,"Moderna, Oxford/AstraZeneca, Pfizer/BioNTech",https://covid19tracker.ca/vaccinationtracker.html,4967497,4304842,662655
Canada,2021-03-28,"Moderna, Oxford/AstraZeneca, Pfizer/BioNTech",https://covid19tracker.ca/vaccinationtracker.html,5113935,4447302,666633
Canada,2021-03-29,"Moderna, Oxford/AstraZeneca, Pfizer/BioNTech",https://covid19tracker.ca/vaccinationtracker.html,5301234,4629020,672214
Canada,2021-03-30,"Moderna, Oxford/AstraZeneca, Pfizer/BioNTech",https://covid19tracker.ca/vaccinationtracker.html,5470884,4791415,679469
Canada,2021-03-31,"Moderna, Oxford/AstraZeneca, Pfizer/BioNTech",https://covid19tracker.ca/vaccinationtracker.html,5690380,5004406,685974
Canada,2021-04-01,"Moderna, Oxford/AstraZeneca, Pfizer/BioNTech",https://covid19tracker.ca/vaccinationtracker.html,5896845,5200717,696128
Canada,2021-04-02,"Moderna, Oxford/AstraZeneca, Pfizer/BioNTech",https://covid19tracker.ca/vaccinationtracker.html,6057090,5356913,700177
Canada,2021-04-03,"Moderna, Oxford/AstraZeneca, Pfizer/BioNTech",https://covid19tracker.ca/vaccinationtracker.html,6258003,5553604,704399
Canada,2021-04-04,"Moderna, Oxford/AstraZeneca, Pfizer/BioNTech",https://covid19tracker.ca/vaccinationtracker.html,6372110,5667707,704403
Canada,2021-04-05,"Moderna, Oxford/AstraZeneca, Pfizer/BioNTech",https://covid19tracker.ca/vaccinationtracker.html,6555389,5836927,718462
Canada,2021-04-06,"Moderna, Oxford/AstraZeneca, Pfizer/BioNTech",https://covid19tracker.ca/vaccinationtracker.html,6758617,6027659,730958
Canada,2021-04-07,"Moderna, Oxford/AstraZeneca, Pfizer/BioNTech",https://covid19tracker.ca/vaccinationtracker.html,6990144,6243477,746667
Canada,2021-04-08,"Moderna, Oxford/AstraZeneca, Pfizer/BioNTech",https://covid19tracker.ca/vaccinationtracker.html,7252560,6488833,763727
Canada,2021-04-09,"Moderna, Oxford/AstraZeneca, Pfizer/BioNTech",https://covid19tracker.ca/vaccinationtracker.html,7569321,6788921,780400
Canada,2021-04-10,"Moderna, Oxford/AstraZeneca, Pfizer/BioNTech",https://covid19tracker.ca/vaccinationtracker.html,7814748,7020562,794186
Canada,2021-04-11,"Moderna, Oxford/AstraZeneca, Pfizer/BioNTech",https://covid19tracker.ca/vaccinationtracker.html,7996122,7198857,797265
Canada,2021-04-12,"Moderna, Oxford/AstraZeneca, Pfizer/BioNTech",https://covid19tracker.ca/vaccinationtracker.html,8330898,7515239,815659
Canada,2021-04-13,"Moderna, Oxford/AstraZeneca, Pfizer/BioNTech",https://covid19tracker.ca/vaccinationtracker.html,8601331,7772264,829067
Canada,2021-04-14,"Moderna, Oxford/AstraZeneca, Pfizer/BioNTech",https://covid19tracker.ca/vaccinationtracker.html,8898865,8058263,840602
Canada,2021-04-15,"Moderna, Oxford/AstraZeneca, Pfizer/BioNTech",https://covid19tracker.ca/vaccinationtracker.html,9205307,8350721,854586
Canada,2021-04-16,"Moderna, Oxford/AstraZeneca, Pfizer/BioNTech",https://covid19tracker.ca/vaccinationtracker.html,9525732,8641720,884012
Canada,2021-04-17,"Moderna, Oxford/AstraZeneca, Pfizer/BioNTech",https://covid19tracker.ca/vaccinationtracker.html,9779909,8871849,908060
Canada,2021-04-18,"Moderna, Oxford/AstraZeneca, Pfizer/BioNTech",https://covid19tracker.ca/vaccinationtracker.html,9980626,9067412,913214
Canada,2021-04-19,"Moderna, Oxford/AstraZeneca, Pfizer/BioNTech",https://covid19tracker.ca/vaccinationtracker.html,10243418,9309934,933484
Canada,2021-04-20,"Moderna, Oxford/AstraZeneca, Pfizer/BioNTech",https://covid19tracker.ca/vaccinationtracker.html,10481418,9536454,944964
Canada,2021-04-21,"Moderna, Oxford/AstraZeneca, Pfizer/BioNTech",https://covid19tracker.ca/vaccinationtracker.html,10798150,9840205,957945
Canada,2021-04-22,"Moderna, Oxford/AstraZeneca, Pfizer/BioNTech",https://covid19tracker.ca/vaccinationtracker.html,11158636,10184121,974515
Canada,2021-04-23,"Moderna, Oxford/AstraZeneca, Pfizer/BioNTech",https://covid19tracker.ca/vaccinationtracker.html,11526938,10533458,993480
Canada,2021-04-24,"Moderna, Oxford/AstraZeneca, Pfizer/BioNTech",https://covid19tracker.ca/vaccinationtracker.html,11813201,10804552,1008649
Canada,2021-04-25,"Moderna, Oxford/AstraZeneca, Pfizer/BioNTech",https://covid19tracker.ca/vaccinationtracker.html,12045041,11026753,1018288
Canada,2021-04-26,"Moderna, Oxford/AstraZeneca, Pfizer/BioNTech",https://covid19tracker.ca/vaccinationtracker.html,12307785,11280635,1027150
Canada,2021-04-27,"Moderna, Oxford/AstraZeneca, Pfizer/BioNTech",https://covid19tracker.ca/vaccinationtracker.html,12564325,11518249,1046076
Canada,2021-04-28,"Moderna, Oxford/AstraZeneca, Pfizer/BioNTech",https://covid19tracker.ca/vaccinationtracker.html,12826266,11764830,1061436
Canada,2021-04-29,"Moderna, Oxford/AstraZeneca, Pfizer/BioNTech",https://covid19tracker.ca/vaccinationtracker.html,13131871,12049818,1082053
Canada,2021-04-30,"Moderna, Oxford/AstraZeneca, Pfizer/BioNTech",https://covid19tracker.ca/vaccinationtracker.html,13420198,12330084,1090114
Canada,2021-05-01,"Moderna, Oxford/AstraZeneca, Pfizer/BioNTech",https://covid19tracker.ca/vaccinationtracker.html,13652375,12534545,1117830
Canada,2021-05-02,"Moderna, Oxford/AstraZeneca, Pfizer/BioNTech",https://covid19tracker.ca/vaccinationtracker.html,13825476,12696698,1128778
Canada,2021-05-03,"Moderna, Oxford/AstraZeneca, Pfizer/BioNTech",https://covid19tracker.ca/vaccinationtracker.html,14051490,12914613,1136877
Canada,2021-05-04,"Moderna, Oxford/AstraZeneca, Pfizer/BioNTech",https://covid19tracker.ca/vaccinationtracker.html,14284234,13128106,1156128
Canada,2021-05-05,"Moderna, Oxford/AstraZeneca, Pfizer/BioNTech",https://covid19tracker.ca/vaccinationtracker.html,14568067,13394105,1173962
Canada,2021-05-06,"Moderna, Oxford/AstraZeneca, Pfizer/BioNTech",https://covid19tracker.ca/vaccinationtracker.html,14924694,13728528,1196166
Canada,2021-05-07,"Moderna, Oxford/AstraZeneca, Pfizer/BioNTech",https://covid19tracker.ca/vaccinationtracker.html,15325183,14104164,1221019
Canada,2021-05-08,"Moderna, Oxford/AstraZeneca, Pfizer/BioNTech",https://covid19tracker.ca/vaccinationtracker.html,15652046,14411049,1240997
Canada,2021-05-09,"Moderna, Oxford/AstraZeneca, Pfizer/BioNTech",https://covid19tracker.ca/vaccinationtracker.html,15923508,14674577,1248931
Canada,2021-05-10,"Moderna, Oxford/AstraZeneca, Pfizer/BioNTech",https://covid19tracker.ca/vaccinationtracker.html,16258155,14991030,1267125
Canada,2021-05-11,"Moderna, Oxford/AstraZeneca, Pfizer/BioNTech",https://covid19tracker.ca/vaccinationtracker.html,16557932,15272541,1285391
Canada,2021-05-12,"Moderna, Oxford/AstraZeneca, Pfizer/BioNTech",https://covid19tracker.ca/vaccinationtracker.html,16904709,15596419,1308290
Canada,2021-05-13,"Moderna, Oxford/AstraZeneca, Pfizer/BioNTech",https://covid19tracker.ca/vaccinationtracker.html,17297879,15961692,1336187
Canada,2021-05-14,"Moderna, Oxford/AstraZeneca, Pfizer/BioNTech",https://covid19tracker.ca/vaccinationtracker.html,17734322,16363943,1370379
Canada,2021-05-15,"Moderna, Oxford/AstraZeneca, Pfizer/BioNTech",https://covid19tracker.ca/vaccinationtracker.html,18098814,16703298,1395516
Canada,2021-05-16,"Moderna, Oxford/AstraZeneca, Pfizer/BioNTech",https://covid19tracker.ca/vaccinationtracker.html,18415880,17004917,1410963
Canada,2021-05-17,"Moderna, Oxford/AstraZeneca, Pfizer/BioNTech",https://covid19tracker.ca/vaccinationtracker.html,18805903,17381262,1424641
Canada,2021-05-18,"Moderna, Oxford/AstraZeneca, Pfizer/BioNTech",https://covid19tracker.ca/vaccinationtracker.html,19088798,17638053,1450745
Canada,2021-05-19,"Moderna, Oxford/AstraZeneca, Pfizer/BioNTech",https://covid19tracker.ca/vaccinationtracker.html,19444593,17958575,1486018
Canada,2021-05-20,"Moderna, Oxford/AstraZeneca, Pfizer/BioNTech",https://covid19tracker.ca/vaccinationtracker.html,19841562,18312021,1529541
Canada,2021-05-21,"Moderna, Oxford/AstraZeneca, Pfizer/BioNTech",https://covid19tracker.ca/vaccinationtracker.html,20329783,18748185,1581598
Canada,2021-05-22,"Moderna, Oxford/AstraZeneca, Pfizer/BioNTech",https://covid19tracker.ca/vaccinationtracker.html,20718109,19088516,1629593
Canada,2021-05-23,"Moderna, Oxford/AstraZeneca, Pfizer/BioNTech",https://covid19tracker.ca/vaccinationtracker.html,21026606,19372979,1653627
Canada,2021-05-24,"Moderna, Oxford/AstraZeneca, Pfizer/BioNTech",https://covid19tracker.ca/vaccinationtracker.html,21381544,19709001,1672543
Canada,2021-05-25,"Moderna, Oxford/AstraZeneca, Pfizer/BioNTech",https://covid19tracker.ca/vaccinationtracker.html,21637723,19942129,1695594
Canada,2021-05-26,"Moderna, Oxford/AstraZeneca, Pfizer/BioNTech",https://covid19tracker.ca/vaccinationtracker.html,21939046,20195328,1743718
Canada,2021-05-27,"Moderna, Oxford/AstraZeneca, Pfizer/BioNTech",https://covid19tracker.ca/vaccinationtracker.html,22347313,20539206,1808107
Canada,2021-05-28,"Moderna, Oxford/AstraZeneca, Pfizer/BioNTech",https://covid19tracker.ca/vaccinationtracker.html,22810709,20932071,1878638
Canada,2021-05-29,"Moderna, Oxford/AstraZeneca, Pfizer/BioNTech",https://covid19tracker.ca/vaccinationtracker.html,23157029,21207890,1949139
Canada,2021-05-30,"Moderna, Oxford/AstraZeneca, Pfizer/BioNTech",https://covid19tracker.ca/vaccinationtracker.html,23472216,21458697,2013519
Canada,2021-05-31,"Moderna, Oxford/AstraZeneca, Pfizer/BioNTech",https://covid19tracker.ca/vaccinationtracker.html,23862397,21783824,2078573
Canada,2021-06-01,"Moderna, Oxford/AstraZeneca, Pfizer/BioNTech",https://covid19tracker.ca/vaccinationtracker.html,24169346,22007819,2161527
Canada,2021-06-02,"Moderna, Oxford/AstraZeneca, Pfizer/BioNTech",https://covid19tracker.ca/vaccinationtracker.html,24522064,22258278,2263786
Canada,2021-06-03,"Moderna, Oxford/AstraZeneca, Pfizer/BioNTech",https://covid19tracker.ca/vaccinationtracker.html,24933524,22530589,2402935
Canada,2021-06-04,"Moderna, Oxford/AstraZeneca, Pfizer/BioNTech",https://covid19tracker.ca/vaccinationtracker.html,25397448,22825634,2571814
Canada,2021-06-05,"Moderna, Oxford/AstraZeneca, Pfizer/BioNTech",https://covid19tracker.ca/vaccinationtracker.html,25772487,23057551,2714936
Canada,2021-06-06,"Moderna, Oxford/AstraZeneca, Pfizer/BioNTech",https://covid19tracker.ca/vaccinationtracker.html,26095464,23253261,2842203
Canada,2021-06-07,"Moderna, Oxford/AstraZeneca, Pfizer/BioNTech",https://covid19tracker.ca/vaccinationtracker.html,26503428,23507511,2995917
Canada,2021-06-08,"Moderna, Oxford/AstraZeneca, Pfizer/BioNTech",https://covid19tracker.ca/vaccinationtracker.html,26855647,23670710,3184937
Canada,2021-06-09,"Moderna, Oxford/AstraZeneca, Pfizer/BioNTech",https://covid19tracker.ca/vaccinationtracker.html,27257774,23835779,3421995
Canada,2021-06-10,"Moderna, Oxford/AstraZeneca, Pfizer/BioNTech",https://covid19tracker.ca/vaccinationtracker.html,27729564,24010935,3718629
Canada,2021-06-11,"Moderna, Oxford/AstraZeneca, Pfizer/BioNTech",https://covid19tracker.ca/vaccinationtracker.html,28240474,24195150,4045324
Canada,2021-06-12,"Moderna, Oxford/AstraZeneca, Pfizer/BioNTech",https://covid19tracker.ca/vaccinationtracker.html,28644442,24311588,4332854
Canada,2021-06-13,"Moderna, Oxford/AstraZeneca, Pfizer/BioNTech",https://covid19tracker.ca/vaccinationtracker.html,29023531,24429078,4594453
Canada,2021-06-14,"Moderna, Oxford/AstraZeneca, Pfizer/BioNTech",https://covid19tracker.ca/vaccinationtracker.html,29470746,24559731,4911015
Canada,2021-06-15,"Moderna, Oxford/AstraZeneca, Pfizer/BioNTech",https://covid19tracker.ca/vaccinationtracker.html,29917852,24677550,5240302
Canada,2021-06-16,"Moderna, Oxford/AstraZeneca, Pfizer/BioNTech",https://covid19tracker.ca/vaccinationtracker.html,30379626,24775947,5603679
Canada,2021-06-17,"Moderna, Oxford/AstraZeneca, Pfizer/BioNTech",https://covid19tracker.ca/vaccinationtracker.html,30885092,24880007,6005085
Canada,2021-06-18,"Moderna, Oxford/AstraZeneca, Pfizer/BioNTech",https://covid19tracker.ca/vaccinationtracker.html,31417347,24976923,6440424
Canada,2021-06-19,"Moderna, Oxford/AstraZeneca, Pfizer/BioNTech",https://covid19tracker.ca/vaccinationtracker.html,31836378,25043879,6792499
Canada,2021-06-20,"Moderna, Oxford/AstraZeneca, Pfizer/BioNTech",https://covid19tracker.ca/vaccinationtracker.html,32189274,25105109,7084165
Canada,2021-06-21,"Moderna, Oxford/AstraZeneca, Pfizer/BioNTech",https://covid19tracker.ca/vaccinationtracker.html,32598064,25186098,7411966
Canada,2021-06-22,"Moderna, Oxford/AstraZeneca, Pfizer/BioNTech",https://covid19tracker.ca/vaccinationtracker.html,33070640,25251515,7819125
Canada,2021-06-23,"Moderna, Oxford/AstraZeneca, Pfizer/BioNTech",https://covid19tracker.ca/vaccinationtracker.html,33585366,25311357,8274009
Canada,2021-06-24,"Moderna, Oxford/AstraZeneca, Pfizer/BioNTech",https://covid19tracker.ca/vaccinationtracker.html,34174571,25380107,8794464
Canada,2021-06-25,"Moderna, Oxford/AstraZeneca, Pfizer/BioNTech",https://covid19tracker.ca/vaccinationtracker.html,34694975,25440005,9254970
Canada,2021-06-26,"Moderna, Oxford/AstraZeneca, Pfizer/BioNTech",https://covid19tracker.ca/vaccinationtracker.html,35135821,25483314,9652507
Canada,2021-06-27,"Moderna, Oxford/AstraZeneca, Pfizer/BioNTech",https://covid19tracker.ca/vaccinationtracker.html,35495821,25525737,9970084
Canada,2021-06-28,"Moderna, Oxford/AstraZeneca, Pfizer/BioNTech",https://covid19tracker.ca/vaccinationtracker.html,36199547,25610293,10589254
Canada,2021-06-29,"Moderna, Oxford/AstraZeneca, Pfizer/BioNTech",https://covid19tracker.ca/vaccinationtracker.html,36776212,25666429,11109783
Canada,2021-06-30,"Moderna, Oxford/AstraZeneca, Pfizer/BioNTech",https://covid19tracker.ca/vaccinationtracker.html,37384820,25722762,11662058
Canada,2021-07-01,"Moderna, Oxford/AstraZeneca, Pfizer/BioNTech",https://covid19tracker.ca/vaccinationtracker.html,37816373,25752141,12064232
Canada,2021-07-02,"Moderna, Oxford/AstraZeneca, Pfizer/BioNTech",https://covid19tracker.ca/vaccinationtracker.html,38417799,25821859,12595940
Canada,2021-07-03,"Moderna, Oxford/AstraZeneca, Pfizer/BioNTech",https://covid19tracker.ca/vaccinationtracker.html,38777042,25851422,12925620
Canada,2021-07-04,"Moderna, Oxford/AstraZeneca, Pfizer/BioNTech",https://covid19tracker.ca/vaccinationtracker.html,39098901,25882481,13216420
Canada,2021-07-05,"Moderna, Oxford/AstraZeneca, Pfizer/BioNTech",https://covid19tracker.ca/vaccinationtracker.html,39701386,25941026,13760360
Canada,2021-07-06,"Moderna, Oxford/AstraZeneca, Pfizer/BioNTech",https://covid19tracker.ca/vaccinationtracker.html,40187887,25988670,14199217
Canada,2021-07-07,"Moderna, Oxford/AstraZeneca, Pfizer/BioNTech",https://covid19tracker.ca/vaccinationtracker.html,40691665,26032537,14659128
Canada,2021-07-08,"Moderna, Oxford/AstraZeneca, Pfizer/BioNTech",https://covid19tracker.ca/vaccinationtracker.html,41312866,26093012,15219854
Canada,2021-07-09,"Moderna, Oxford/AstraZeneca, Pfizer/BioNTech",https://covid19tracker.ca/vaccinationtracker.html,41859123,26145631,15713492
Canada,2021-07-10,"Moderna, Oxford/AstraZeneca, Pfizer/BioNTech",https://covid19tracker.ca/vaccinationtracker.html,42223929,26178558,16045371
Canada,2021-07-11,"Moderna, Oxford/AstraZeneca, Pfizer/BioNTech",https://covid19tracker.ca/vaccinationtracker.html,42509643,26206748,16302895
