location,date,vaccine,source_url,total_vaccinations,people_vaccinated,people_fully_vaccinated
Chile,2020-12-24,Pfizer/BioNTech,https://www.gob.cl/yomevacuno/,420,420,0
Chile,2020-12-25,Pfizer/BioNTech,https://www.gob.cl/yomevacuno/,5197,5197,0
Chile,2020-12-26,Pfizer/BioNTech,https://www.gob.cl/yomevacuno/,8340,8340,0
Chile,2020-12-27,Pfizer/BioNTech,https://www.gob.cl/yomevacuno/,8651,8651,0
Chile,2020-12-28,Pfizer/BioNTech,https://www.gob.cl/yomevacuno/,8651,8651,0
Chile,2020-12-29,Pfizer/BioNTech,https://www.gob.cl/yomevacuno/,8651,8651,0
Chile,2020-12-30,Pfizer/BioNTech,https://www.gob.cl/yomevacuno/,8651,8651,0
Chile,2020-12-31,Pfizer/BioNTech,https://www.gob.cl/yomevacuno/,8651,8651,0
Chile,2021-01-01,Pfizer/BioNTech,https://www.gob.cl/yomevacuno/,8651,8651,0
Chile,2021-01-02,Pfizer/BioNTech,https://www.gob.cl/yomevacuno/,8651,8651,0
Chile,2021-01-03,Pfizer/BioNTech,https://www.gob.cl/yomevacuno/,8651,8651,0
Chile,2021-01-04,Pfizer/BioNTech,https://www.gob.cl/yomevacuno/,9056,9056,0
Chile,2021-01-05,Pfizer/BioNTech,https://www.gob.cl/yomevacuno/,10499,10499,0
Chile,2021-01-06,Pfizer/BioNTech,https://www.gob.cl/yomevacuno/,10704,10704,0
Chile,2021-01-07,Pfizer/BioNTech,https://www.gob.cl/yomevacuno/,10704,10704,0
Chile,2021-01-08,Pfizer/BioNTech,https://www.gob.cl/yomevacuno/,10704,10704,0
Chile,2021-01-09,Pfizer/BioNTech,https://www.gob.cl/yomevacuno/,10704,10704,0
Chile,2021-01-10,Pfizer/BioNTech,https://www.gob.cl/yomevacuno/,10704,10704,0
Chile,2021-01-11,Pfizer/BioNTech,https://www.gob.cl/yomevacuno/,10704,10704,0
Chile,2021-01-12,Pfizer/BioNTech,https://www.gob.cl/yomevacuno/,10704,10704,0
Chile,2021-01-13,Pfizer/BioNTech,https://www.gob.cl/yomevacuno/,11737,10705,1032
Chile,2021-01-14,Pfizer/BioNTech,https://www.gob.cl/yomevacuno/,18651,12823,5828
Chile,2021-01-15,Pfizer/BioNTech,https://www.gob.cl/yomevacuno/,22082,13780,8302
Chile,2021-01-16,Pfizer/BioNTech,https://www.gob.cl/yomevacuno/,22172,13803,8369
Chile,2021-01-17,Pfizer/BioNTech,https://www.gob.cl/yomevacuno/,22172,13803,8369
Chile,2021-01-18,Pfizer/BioNTech,https://www.gob.cl/yomevacuno/,33223,24854,8369
Chile,2021-01-19,Pfizer/BioNTech,https://www.gob.cl/yomevacuno/,52584,44214,8370
Chile,2021-01-20,Pfizer/BioNTech,https://www.gob.cl/yomevacuno/,61892,53522,8370
Chile,2021-01-21,Pfizer/BioNTech,https://www.gob.cl/yomevacuno/,64950,56580,8370
Chile,2021-01-22,Pfizer/BioNTech,https://www.gob.cl/yomevacuno/,65362,56992,8370
Chile,2021-01-23,Pfizer/BioNTech,https://www.gob.cl/yomevacuno/,65362,56992,8370
Chile,2021-01-24,Pfizer/BioNTech,https://www.gob.cl/yomevacuno/,65362,56992,8370
Chile,2021-01-25,Pfizer/BioNTech,https://www.gob.cl/yomevacuno/,66782,57009,9773
Chile,2021-01-26,Pfizer/BioNTech,https://www.gob.cl/yomevacuno/,67398,57030,10368
Chile,2021-01-27,Pfizer/BioNTech,https://www.gob.cl/yomevacuno/,67433,57031,10402
Chile,2021-01-28,Pfizer/BioNTech,https://www.gob.cl/yomevacuno/,67433,57031,10402
Chile,2021-01-29,Pfizer/BioNTech,https://www.gob.cl/yomevacuno/,67438,57031,10407
Chile,2021-01-30,Pfizer/BioNTech,https://www.gob.cl/yomevacuno/,67439,57032,10407
Chile,2021-01-31,Pfizer/BioNTech,https://www.gob.cl/yomevacuno/,67439,57032,10407
Chile,2021-02-01,Pfizer/BioNTech,https://www.gob.cl/yomevacuno/,67439,57032,10407
Chile,2021-02-02,"Pfizer/BioNTech, Sinovac",https://www.gob.cl/yomevacuno/,80626,70213,10413
Chile,2021-02-03,"Pfizer/BioNTech, Sinovac",https://www.gob.cl/yomevacuno/,250992,240579,10413
Chile,2021-02-04,"Pfizer/BioNTech, Sinovac",https://www.gob.cl/yomevacuno/,427125,414604,12521
Chile,2021-02-05,"Pfizer/BioNTech, Sinovac",https://www.gob.cl/yomevacuno/,596503,583312,13191
Chile,2021-02-06,"Pfizer/BioNTech, Sinovac",https://www.gob.cl/yomevacuno/,624357,611161,13196
Chile,2021-02-07,"Pfizer/BioNTech, Sinovac",https://www.gob.cl/yomevacuno/,632993,619795,13198
Chile,2021-02-08,"Pfizer/BioNTech, Sinovac",https://www.gob.cl/yomevacuno/,866250,841272,24978
Chile,2021-02-09,"Pfizer/BioNTech, Sinovac",https://www.gob.cl/yomevacuno/,1128108,1083744,44364
Chile,2021-02-10,"Pfizer/BioNTech, Sinovac",https://www.gob.cl/yomevacuno/,1408874,1356166,52708
Chile,2021-02-11,"Pfizer/BioNTech, Sinovac",https://www.gob.cl/yomevacuno/,1663115,1607521,55594
Chile,2021-02-12,"Pfizer/BioNTech, Sinovac",https://www.gob.cl/yomevacuno/,1892563,1836759,55804
Chile,2021-02-13,"Pfizer/BioNTech, Sinovac",https://www.gob.cl/yomevacuno/,1922117,1866280,55837
Chile,2021-02-14,"Pfizer/BioNTech, Sinovac",https://www.gob.cl/yomevacuno/,1926584,1870747,55837
Chile,2021-02-15,"Pfizer/BioNTech, Sinovac",https://www.gob.cl/yomevacuno/,2192451,2136614,55837
Chile,2021-02-16,"Pfizer/BioNTech, Sinovac",https://www.gob.cl/yomevacuno/,2412493,2356645,55848
Chile,2021-02-17,"Pfizer/BioNTech, Sinovac",https://www.gob.cl/yomevacuno/,2600532,2544684,55848
Chile,2021-02-18,"Pfizer/BioNTech, Sinovac",https://www.gob.cl/yomevacuno/,2755792,2699943,55849
Chile,2021-02-19,"Pfizer/BioNTech, Sinovac",https://www.gob.cl/yomevacuno/,2897912,2842063,55849
Chile,2021-02-20,"Pfizer/BioNTech, Sinovac",https://www.gob.cl/yomevacuno/,2907553,2851704,55849
Chile,2021-02-21,"Pfizer/BioNTech, Sinovac",https://www.gob.cl/yomevacuno/,2908715,2852866,55849
Chile,2021-02-22,"Pfizer/BioNTech, Sinovac",https://www.gob.cl/yomevacuno/,3016844,2960973,55871
Chile,2021-02-23,"Pfizer/BioNTech, Sinovac",https://www.gob.cl/yomevacuno/,3111092,3055181,55911
Chile,2021-02-24,"Pfizer/BioNTech, Sinovac",https://www.gob.cl/yomevacuno/,3197367,3141282,56085
Chile,2021-02-25,"Pfizer/BioNTech, Sinovac",https://www.gob.cl/yomevacuno/,3283444,3227215,56229
Chile,2021-02-26,"Pfizer/BioNTech, Sinovac",https://www.gob.cl/yomevacuno/,3361835,3305488,56347
Chile,2021-02-27,"Pfizer/BioNTech, Sinovac",https://www.gob.cl/yomevacuno/,3371882,3315531,56351
Chile,2021-02-28,"Pfizer/BioNTech, Sinovac",https://www.gob.cl/yomevacuno/,3372237,3315886,56351
Chile,2021-03-01,"Pfizer/BioNTech, Sinovac",https://www.gob.cl/yomevacuno/,3509797,3453037,56760
Chile,2021-03-02,"Pfizer/BioNTech, Sinovac",https://www.gob.cl/yomevacuno/,3681165,3611990,69175
Chile,2021-03-03,"Pfizer/BioNTech, Sinovac",https://www.gob.cl/yomevacuno/,3993066,3769835,223231
Chile,2021-03-04,"Pfizer/BioNTech, Sinovac",https://www.gob.cl/yomevacuno/,4303602,3914563,389039
Chile,2021-03-05,"Pfizer/BioNTech, Sinovac",https://www.gob.cl/yomevacuno/,4601407,4050782,550625
Chile,2021-03-06,"Pfizer/BioNTech, Sinovac",https://www.gob.cl/yomevacuno/,4635187,4060429,574758
Chile,2021-03-07,"Pfizer/BioNTech, Sinovac",https://www.gob.cl/yomevacuno/,4643146,4061494,581652
Chile,2021-03-08,"Pfizer/BioNTech, Sinovac",https://www.gob.cl/yomevacuno/,4993754,4198098,795656
Chile,2021-03-09,"Pfizer/BioNTech, Sinovac",https://www.gob.cl/yomevacuno/,5370291,4337145,1033146
Chile,2021-03-10,"Pfizer/BioNTech, Sinovac",https://www.gob.cl/yomevacuno/,5771628,4472966,1298662
Chile,2021-03-11,"Pfizer/BioNTech, Sinovac",https://www.gob.cl/yomevacuno/,6188671,4644409,1544262
Chile,2021-03-12,"Pfizer/BioNTech, Sinovac",https://www.gob.cl/yomevacuno/,6563001,4795655,1767346
Chile,2021-03-13,"Pfizer/BioNTech, Sinovac",https://www.gob.cl/yomevacuno/,6613452,4819945,1793507
Chile,2021-03-14,"Pfizer/BioNTech, Sinovac",https://www.gob.cl/yomevacuno/,6620036,4822693,1797343
Chile,2021-03-15,"Pfizer/BioNTech, Sinovac",https://www.gob.cl/yomevacuno/,7050292,4980536,2069756
Chile,2021-03-16,"Pfizer/BioNTech, Sinovac",https://www.gob.cl/yomevacuno/,7460478,5147142,2313336
Chile,2021-03-17,"Pfizer/BioNTech, Sinovac",https://www.gob.cl/yomevacuno/,7827778,5298425,2529353
Chile,2021-03-18,"Pfizer/BioNTech, Sinovac",https://www.gob.cl/yomevacuno/,8162687,5447223,2715464
Chile,2021-03-19,"Pfizer/BioNTech, Sinovac",https://www.gob.cl/yomevacuno/,8457222,5586986,2870236
Chile,2021-03-20,"Pfizer/BioNTech, Sinovac",https://www.gob.cl/yomevacuno/,8491415,5610167,2881248
Chile,2021-03-21,"Pfizer/BioNTech, Sinovac",https://www.gob.cl/yomevacuno/,8495438,5613019,2882419
Chile,2021-03-22,"Pfizer/BioNTech, Sinovac",https://www.gob.cl/yomevacuno/,8764173,5759757,3004416
Chile,2021-03-23,"Pfizer/BioNTech, Sinovac",https://www.gob.cl/yomevacuno/,9005023,5910021,3095002
Chile,2021-03-24,"Pfizer/BioNTech, Sinovac",https://www.gob.cl/yomevacuno/,9224102,6064306,3159796
Chile,2021-03-25,"Pfizer/BioNTech, Sinovac",https://www.gob.cl/yomevacuno/,9436780,6221774,3215006
Chile,2021-03-26,"Pfizer/BioNTech, Sinovac",https://www.gob.cl/yomevacuno/,9654446,6388352,3266094
Chile,2021-03-27,"Pfizer/BioNTech, Sinovac",https://www.gob.cl/yomevacuno/,9670134,6401292,3268842
Chile,2021-03-28,"Pfizer/BioNTech, Sinovac",https://www.gob.cl/yomevacuno/,9671527,6402261,3269266
Chile,2021-03-29,"Pfizer/BioNTech, Sinovac",https://www.gob.cl/yomevacuno/,9938269,6553512,3384757
Chile,2021-03-30,"Pfizer/BioNTech, Sinovac",https://www.gob.cl/yomevacuno/,10216895,6687482,3529413
Chile,2021-03-31,"Pfizer/BioNTech, Sinovac",https://www.gob.cl/yomevacuno/,10497179,6814562,3682617
Chile,2021-04-01,"Pfizer/BioNTech, Sinovac",https://www.gob.cl/yomevacuno/,10800477,6949353,3851124
Chile,2021-04-02,"Pfizer/BioNTech, Sinovac",https://www.gob.cl/yomevacuno/,10807506,6951203,3856303
Chile,2021-04-03,"Pfizer/BioNTech, Sinovac",https://www.gob.cl/yomevacuno/,10810731,6953083,3857648
Chile,2021-04-04,"Pfizer/BioNTech, Sinovac",https://www.gob.cl/yomevacuno/,10811849,6953739,3858110
Chile,2021-04-05,"Pfizer/BioNTech, Sinovac",https://www.gob.cl/yomevacuno/,11096576,7033656,4062920
Chile,2021-04-06,"Pfizer/BioNTech, Sinovac",https://www.gob.cl/yomevacuno/,11336347,7126815,4209532
Chile,2021-04-07,"Pfizer/BioNTech, Sinovac",https://www.gob.cl/yomevacuno/,11569610,7221712,4347898
Chile,2021-04-08,"Pfizer/BioNTech, Sinovac",https://www.gob.cl/yomevacuno/,11809120,7298460,4510660
Chile,2021-04-09,"Pfizer/BioNTech, Sinovac",https://www.gob.cl/yomevacuno/,12028049,7369338,4658711
Chile,2021-04-10,"Pfizer/BioNTech, Sinovac",https://www.gob.cl/yomevacuno/,12054075,7380530,4673545
Chile,2021-04-11,"Pfizer/BioNTech, Sinovac",https://www.gob.cl/yomevacuno/,12056528,7381627,4674901
Chile,2021-04-12,"Pfizer/BioNTech, Sinovac",https://www.gob.cl/yomevacuno/,12293479,7459720,4833759
Chile,2021-04-13,"Pfizer/BioNTech, Sinovac",https://www.gob.cl/yomevacuno/,12528763,7534732,4994031
Chile,2021-04-14,"Pfizer/BioNTech, Sinovac",https://www.gob.cl/yomevacuno/,12758207,7614078,5144129
Chile,2021-04-15,"Pfizer/BioNTech, Sinovac",https://www.gob.cl/yomevacuno/,12965344,7676371,5288973
Chile,2021-04-16,"Pfizer/BioNTech, Sinovac",https://www.gob.cl/yomevacuno/,13159468,7734772,5424696
Chile,2021-04-17,"Pfizer/BioNTech, Sinovac",https://www.gob.cl/yomevacuno/,13181794,7742674,5439120
Chile,2021-04-18,"Pfizer/BioNTech, Sinovac",https://www.gob.cl/yomevacuno/,13184432,7743550,5440882
Chile,2021-04-19,"Pfizer/BioNTech, Sinovac",https://www.gob.cl/yomevacuno/,13379327,7787440,5591887
Chile,2021-04-20,"Pfizer/BioNTech, Sinovac",https://www.gob.cl/yomevacuno/,13568582,7826639,5741943
Chile,2021-04-21,"Pfizer/BioNTech, Sinovac",https://www.gob.cl/yomevacuno/,13746106,7857787,5888319
Chile,2021-04-22,"Pfizer/BioNTech, Sinovac",https://www.gob.cl/yomevacuno/,13946772,7914148,6032624
Chile,2021-04-23,"Pfizer/BioNTech, Sinovac",https://www.gob.cl/yomevacuno/,14130369,7953983,6176386
Chile,2021-04-24,"Pfizer/BioNTech, Sinovac",https://www.gob.cl/yomevacuno/,14148047,7959731,6188316
Chile,2021-04-25,"Pfizer/BioNTech, Sinovac",https://www.gob.cl/yomevacuno/,14149088,7960082,6189006
Chile,2021-04-26,"Pfizer/BioNTech, Sinovac",https://www.gob.cl/yomevacuno/,14345742,8003145,6342597
Chile,2021-04-27,"Pfizer/BioNTech, Sinovac",https://www.gob.cl/yomevacuno/,14517213,8042167,6475046
Chile,2021-04-28,"Oxford/AstraZeneca, Pfizer/BioNTech, Sinovac",https://www.gob.cl/yomevacuno/,14686321,8085662,6600659
Chile,2021-04-29,"Oxford/AstraZeneca, Pfizer/BioNTech, Sinovac",https://www.gob.cl/yomevacuno/,14841686,8116524,6725162
Chile,2021-04-30,"Oxford/AstraZeneca, Pfizer/BioNTech, Sinovac",https://www.gob.cl/yomevacuno/,14929527,8167454,6762073
Chile,2021-05-01,"Oxford/AstraZeneca, Pfizer/BioNTech, Sinovac",https://www.gob.cl/yomevacuno/,14931824,8168545,6763279
Chile,2021-05-02,"Oxford/AstraZeneca, Pfizer/BioNTech, Sinovac",https://www.gob.cl/yomevacuno/,14933289,8169344,6763945
Chile,2021-05-03,"Oxford/AstraZeneca, Pfizer/BioNTech, Sinovac",https://www.gob.cl/yomevacuno/,15085073,8245328,6839745
Chile,2021-05-04,"Oxford/AstraZeneca, Pfizer/BioNTech, Sinovac",https://www.gob.cl/yomevacuno/,15254700,8326377,6928323
Chile,2021-05-05,"Oxford/AstraZeneca, Pfizer/BioNTech, Sinovac",https://www.gob.cl/yomevacuno/,15429744,8407853,7021891
Chile,2021-05-06,"Oxford/AstraZeneca, Pfizer/BioNTech, Sinovac",https://www.gob.cl/yomevacuno/,15587937,8489430,7098507
Chile,2021-05-07,"Oxford/AstraZeneca, Pfizer/BioNTech, Sinovac",https://www.gob.cl/yomevacuno/,15735861,8573508,7162353
Chile,2021-05-08,"Oxford/AstraZeneca, Pfizer/BioNTech, Sinovac",https://www.gob.cl/yomevacuno/,15761450,8590892,7170558
Chile,2021-05-09,"Oxford/AstraZeneca, Pfizer/BioNTech, Sinovac",https://www.gob.cl/yomevacuno/,15762853,8591852,7171001
Chile,2021-05-10,"Oxford/AstraZeneca, Pfizer/BioNTech, Sinovac",https://www.gob.cl/yomevacuno/,15936507,8695148,7241359
Chile,2021-05-11,"Oxford/AstraZeneca, Pfizer/BioNTech, Sinovac",https://www.gob.cl/yomevacuno/,16129210,8802553,7326657
Chile,2021-05-12,"Oxford/AstraZeneca, Pfizer/BioNTech, Sinovac",https://www.gob.cl/yomevacuno/,16312517,8907375,7405142
Chile,2021-05-13,"Oxford/AstraZeneca, Pfizer/BioNTech, Sinovac",https://www.gob.cl/yomevacuno/,16470162,9004375,7465787
Chile,2021-05-14,"Oxford/AstraZeneca, Pfizer/BioNTech, Sinovac",https://www.gob.cl/yomevacuno/,16629588,9107590,7521998
Chile,2021-05-15,"Oxford/AstraZeneca, Pfizer/BioNTech, Sinovac",https://www.gob.cl/yomevacuno/,16631045,9108640,7522405
Chile,2021-05-16,"Oxford/AstraZeneca, Pfizer/BioNTech, Sinovac",https://www.gob.cl/yomevacuno/,16631480,9108905,7522575
Chile,2021-05-17,"Oxford/AstraZeneca, Pfizer/BioNTech, Sinovac",https://www.gob.cl/yomevacuno/,16803080,9233483,7569597
Chile,2021-05-18,"Oxford/AstraZeneca, Pfizer/BioNTech, Sinovac",https://www.gob.cl/yomevacuno/,16986766,9369552,7617214
Chile,2021-05-19,"Oxford/AstraZeneca, Pfizer/BioNTech, Sinovac",https://www.gob.cl/yomevacuno/,17153880,9495455,7658425
Chile,2021-05-20,"Oxford/AstraZeneca, Pfizer/BioNTech, Sinovac",https://www.gob.cl/yomevacuno/,17345657,9623929,7721728
Chile,2021-05-21,"Oxford/AstraZeneca, Pfizer/BioNTech, Sinovac",https://www.gob.cl/yomevacuno/,17355317,9632229,7723088
Chile,2021-05-22,"Oxford/AstraZeneca, Pfizer/BioNTech, Sinovac",https://www.gob.cl/yomevacuno/,17388401,9659035,7729366
Chile,2021-05-23,"Oxford/AstraZeneca, Pfizer/BioNTech, Sinovac",https://www.gob.cl/yomevacuno/,17392687,9662733,7729954
Chile,2021-05-24,"Oxford/AstraZeneca, Pfizer/BioNTech, Sinovac",https://www.gob.cl/yomevacuno/,17629584,9838560,7791024
Chile,2021-05-25,"Oxford/AstraZeneca, Pfizer/BioNTech, Sinovac",https://www.gob.cl/yomevacuno/,17876257,10028384,7847873
Chile,2021-05-26,"Oxford/AstraZeneca, Pfizer/BioNTech, Sinovac",https://www.gob.cl/yomevacuno/,18105203,10209007,7896196
Chile,2021-05-27,"Oxford/AstraZeneca, Pfizer/BioNTech, Sinovac",https://www.gob.cl/yomevacuno/,18308352,10375917,7932435
Chile,2021-05-28,"Oxford/AstraZeneca, Pfizer/BioNTech, Sinovac",https://www.gob.cl/yomevacuno/,18494612,10521324,7973288
Chile,2021-05-29,"Oxford/AstraZeneca, Pfizer/BioNTech, Sinovac",https://www.gob.cl/yomevacuno/,18541968,10562905,7979063
Chile,2021-05-30,"Oxford/AstraZeneca, Pfizer/BioNTech, Sinovac",https://www.gob.cl/yomevacuno/,18552058,10572022,7980036
Chile,2021-05-31,"CanSino, Oxford/AstraZeneca, Pfizer/BioNTech, Sinovac",https://www.gob.cl/yomevacuno/,18767629,10727991,8039711
Chile,2021-06-01,"CanSino, Oxford/AstraZeneca, Pfizer/BioNTech, Sinovac",https://www.gob.cl/yomevacuno/,18988896,10877740,8121604
Chile,2021-06-02,"CanSino, Oxford/AstraZeneca, Pfizer/BioNTech, Sinovac",https://www.gob.cl/yomevacuno/,19193012,11010093,8216669
Chile,2021-06-03,"CanSino, Oxford/AstraZeneca, Pfizer/BioNTech, Sinovac",https://www.gob.cl/yomevacuno/,19356747,11105284,8324814
Chile,2021-06-04,"CanSino, Oxford/AstraZeneca, Pfizer/BioNTech, Sinovac",https://www.gob.cl/yomevacuno/,19501855,11181973,8427564
Chile,2021-06-05,"CanSino, Oxford/AstraZeneca, Pfizer/BioNTech, Sinovac",https://www.gob.cl/yomevacuno/,19539562,11206630,8450520
Chile,2021-06-06,"CanSino, Oxford/AstraZeneca, Pfizer/BioNTech, Sinovac",https://www.gob.cl/yomevacuno/,19544560,11210400,8453538
Chile,2021-06-07,"CanSino, Oxford/AstraZeneca, Pfizer/BioNTech, Sinovac",https://www.gob.cl/yomevacuno/,19725872,11291695,8581007
Chile,2021-06-08,"CanSino, Oxford/AstraZeneca, Pfizer/BioNTech, Sinovac",https://www.gob.cl/yomevacuno/,19910509,11371953,8705451
Chile,2021-06-09,"CanSino, Oxford/AstraZeneca, Pfizer/BioNTech, Sinovac",https://www.gob.cl/yomevacuno/,20104070,11465246,8822443
Chile,2021-06-10,"CanSino, Oxford/AstraZeneca, Pfizer/BioNTech, Sinovac",https://www.gob.cl/yomevacuno/,20307056,11574680,8929134
Chile,2021-06-11,"CanSino, Oxford/AstraZeneca, Pfizer/BioNTech, Sinovac",https://www.gob.cl/yomevacuno/,20485912,11659289,9027428
Chile,2021-06-12,"CanSino, Oxford/AstraZeneca, Pfizer/BioNTech, Sinovac",https://www.gob.cl/yomevacuno/,20518401,11682387,9037211
Chile,2021-06-13,"CanSino, Oxford/AstraZeneca, Pfizer/BioNTech, Sinovac",https://www.gob.cl/yomevacuno/,20520467,11683859,9037854
Chile,2021-06-14,"CanSino, Oxford/AstraZeneca, Pfizer/BioNTech, Sinovac",https://www.gob.cl/yomevacuno/,20741874,11792931,9154358
Chile,2021-06-15,"CanSino, Oxford/AstraZeneca, Pfizer/BioNTech, Sinovac",https://www.gob.cl/yomevacuno/,20952362,11881550,9279895
Chile,2021-06-16,"CanSino, Oxford/AstraZeneca, Pfizer/BioNTech, Sinovac",https://www.gob.cl/yomevacuno/,21178965,11990917,9401087
Chile,2021-06-17,"CanSino, Oxford/AstraZeneca, Pfizer/BioNTech, Sinovac",https://www.gob.cl/yomevacuno/,21362616,12064816,9513874
Chile,2021-06-18,"CanSino, Oxford/AstraZeneca, Pfizer/BioNTech, Sinovac",https://www.gob.cl/yomevacuno/,21469671,12128577,9559539
Chile,2021-06-19,"CanSino, Oxford/AstraZeneca, Pfizer/BioNTech, Sinovac",https://www.gob.cl/yomevacuno/,21506281,12145390,9579614
Chile,2021-06-20,"CanSino, Oxford/AstraZeneca, Pfizer/BioNTech, Sinovac",https://www.gob.cl/yomevacuno/,21510203,12147195,9581743
Chile,2021-06-21,"CanSino, Oxford/AstraZeneca, Pfizer/BioNTech, Sinovac",https://www.gob.cl/yomevacuno/,21529117,12154556,9593374
Chile,2021-06-22,"CanSino, Oxford/AstraZeneca, Pfizer/BioNTech, Sinovac",https://www.gob.cl/yomevacuno/,21830137,12257808,9794899
Chile,2021-06-23,"CanSino, Oxford/AstraZeneca, Pfizer/BioNTech, Sinovac",https://www.gob.cl/yomevacuno/,22075062,12345669,9964374
Chile,2021-06-24,"CanSino, Oxford/AstraZeneca, Pfizer/BioNTech, Sinovac",https://www.gob.cl/yomevacuno/,22322196,12457554,10163156
Chile,2021-06-25,"CanSino, Oxford/AstraZeneca, Pfizer/BioNTech, Sinovac",https://www.gob.cl/yomevacuno/,22527918,12545681,10330757
Chile,2021-06-26,"CanSino, Oxford/AstraZeneca, Pfizer/BioNTech, Sinovac",https://www.gob.cl/yomevacuno/,22579765,12566825,10371531
Chile,2021-06-27,"CanSino, Oxford/AstraZeneca, Pfizer/BioNTech, Sinovac",https://www.gob.cl/yomevacuno/,22585283,12569106,10376022
Chile,2021-06-28,"CanSino, Oxford/AstraZeneca, Pfizer/BioNTech, Sinovac",https://www.gob.cl/yomevacuno/,22590633,12571550,10380148
Chile,2021-06-29,"CanSino, Oxford/AstraZeneca, Pfizer/BioNTech, Sinovac",https://www.gob.cl/yomevacuno/,22830964,12643272,10580633
Chile,2021-06-30,"CanSino, Oxford/AstraZeneca, Pfizer/BioNTech, Sinovac",https://www.gob.cl/yomevacuno/,23027993,12714064,10729692
Chile,2021-07-01,"CanSino, Oxford/AstraZeneca, Pfizer/BioNTech, Sinovac",https://www.gob.cl/yomevacuno/,23205952,12814740,10820909
Chile,2021-07-02,"CanSino, Oxford/AstraZeneca, Pfizer/BioNTech, Sinovac",https://www.gob.cl/yomevacuno/,23344117,12891515,10893734
Chile,2021-07-03,"CanSino, Oxford/AstraZeneca, Pfizer/BioNTech, Sinovac",https://www.gob.cl/yomevacuno/,23380986,12910464,10915081
Chile,2021-07-04,"CanSino, Oxford/AstraZeneca, Pfizer/BioNTech, Sinovac",https://www.gob.cl/yomevacuno/,23385308,12912865,10917402
Chile,2021-07-05,"CanSino, Oxford/AstraZeneca, Pfizer/BioNTech, Sinovac",https://www.gob.cl/yomevacuno/,23512765,12970862,10997241
Chile,2021-07-06,"CanSino, Oxford/AstraZeneca, Pfizer/BioNTech, Sinovac",https://www.gob.cl/yomevacuno/,23629481,13022001,11070387
Chile,2021-07-07,"CanSino, Oxford/AstraZeneca, Pfizer/BioNTech, Sinovac",https://www.gob.cl/yomevacuno/,23781236,13100351,11148567
Chile,2021-07-08,"CanSino, Oxford/AstraZeneca, Pfizer/BioNTech, Sinovac",https://www.gob.cl/yomevacuno/,23928059,13161792,11237756
Chile,2021-07-09,"CanSino, Oxford/AstraZeneca, Pfizer/BioNTech, Sinovac",https://www.gob.cl/yomevacuno/,24053548,13214146,11314570
