location,date,vaccine,source_url,total_vaccinations,people_vaccinated,people_fully_vaccinated
Czechia,2020-12-27,Pfizer/BioNTech,https://onemocneni-aktualne.mzcr.cz/covid-19,1255,1255,0
Czechia,2020-12-28,Pfizer/BioNTech,https://onemocneni-aktualne.mzcr.cz/covid-19,3552,3552,0
Czechia,2020-12-29,Pfizer/BioNTech,https://onemocneni-aktualne.mzcr.cz/covid-19,7004,7004,0
Czechia,2020-12-30,Pfizer/BioNTech,https://onemocneni-aktualne.mzcr.cz/covid-19,10484,10484,0
Czechia,2020-12-31,Pfizer/BioNTech,https://onemocneni-aktualne.mzcr.cz/covid-19,11788,11788,0
Czechia,2021-01-01,Pfizer/BioNTech,https://onemocneni-aktualne.mzcr.cz/covid-19,12049,12049,0
Czechia,2021-01-02,Pfizer/BioNTech,https://onemocneni-aktualne.mzcr.cz/covid-19,13318,13318,0
Czechia,2021-01-03,Pfizer/BioNTech,https://onemocneni-aktualne.mzcr.cz/covid-19,14232,14232,0
Czechia,2021-01-04,Pfizer/BioNTech,https://onemocneni-aktualne.mzcr.cz/covid-19,17814,17814,0
Czechia,2021-01-05,Pfizer/BioNTech,https://onemocneni-aktualne.mzcr.cz/covid-19,22309,22309,0
Czechia,2021-01-06,Pfizer/BioNTech,https://onemocneni-aktualne.mzcr.cz/covid-19,28136,28136,0
Czechia,2021-01-07,Pfizer/BioNTech,https://onemocneni-aktualne.mzcr.cz/covid-19,36086,36086,0
Czechia,2021-01-08,Pfizer/BioNTech,https://onemocneni-aktualne.mzcr.cz/covid-19,46039,46039,0
Czechia,2021-01-09,Pfizer/BioNTech,https://onemocneni-aktualne.mzcr.cz/covid-19,48052,48052,0
Czechia,2021-01-10,Pfizer/BioNTech,https://onemocneni-aktualne.mzcr.cz/covid-19,49807,49807,0
Czechia,2021-01-11,Pfizer/BioNTech,https://onemocneni-aktualne.mzcr.cz/covid-19,59618,59618,0
Czechia,2021-01-12,Pfizer/BioNTech,https://onemocneni-aktualne.mzcr.cz/covid-19,73002,73002,0
Czechia,2021-01-13,Pfizer/BioNTech,https://onemocneni-aktualne.mzcr.cz/covid-19,86491,86491,0
Czechia,2021-01-14,"Moderna, Pfizer/BioNTech",https://onemocneni-aktualne.mzcr.cz/covid-19,101669,101669,0
Czechia,2021-01-15,"Moderna, Pfizer/BioNTech",https://onemocneni-aktualne.mzcr.cz/covid-19,115616,115616,0
Czechia,2021-01-16,"Moderna, Pfizer/BioNTech",https://onemocneni-aktualne.mzcr.cz/covid-19,118992,118990,2
Czechia,2021-01-17,"Moderna, Pfizer/BioNTech",https://onemocneni-aktualne.mzcr.cz/covid-19,122222,121586,636
Czechia,2021-01-18,"Moderna, Pfizer/BioNTech",https://onemocneni-aktualne.mzcr.cz/covid-19,136497,134045,2452
Czechia,2021-01-19,"Moderna, Pfizer/BioNTech",https://onemocneni-aktualne.mzcr.cz/covid-19,151709,146552,5157
Czechia,2021-01-20,"Moderna, Pfizer/BioNTech",https://onemocneni-aktualne.mzcr.cz/covid-19,167962,160169,7793
Czechia,2021-01-21,"Moderna, Pfizer/BioNTech",https://onemocneni-aktualne.mzcr.cz/covid-19,185277,175756,9521
Czechia,2021-01-22,"Moderna, Pfizer/BioNTech",https://onemocneni-aktualne.mzcr.cz/covid-19,201119,190561,10558
Czechia,2021-01-23,"Moderna, Pfizer/BioNTech",https://onemocneni-aktualne.mzcr.cz/covid-19,205280,193852,11428
Czechia,2021-01-24,"Moderna, Pfizer/BioNTech",https://onemocneni-aktualne.mzcr.cz/covid-19,208390,196096,12294
Czechia,2021-01-25,"Moderna, Pfizer/BioNTech",https://onemocneni-aktualne.mzcr.cz/covid-19,220952,205698,15254
Czechia,2021-01-26,"Moderna, Pfizer/BioNTech",https://onemocneni-aktualne.mzcr.cz/covid-19,235417,216199,19218
Czechia,2021-01-27,"Moderna, Pfizer/BioNTech",https://onemocneni-aktualne.mzcr.cz/covid-19,248914,225194,23720
Czechia,2021-01-28,"Moderna, Pfizer/BioNTech",https://onemocneni-aktualne.mzcr.cz/covid-19,262050,232234,29816
Czechia,2021-01-29,"Moderna, Pfizer/BioNTech",https://onemocneni-aktualne.mzcr.cz/covid-19,276066,238416,37650
Czechia,2021-01-30,"Moderna, Pfizer/BioNTech",https://onemocneni-aktualne.mzcr.cz/covid-19,277871,239136,38735
Czechia,2021-01-31,"Moderna, Pfizer/BioNTech",https://onemocneni-aktualne.mzcr.cz/covid-19,279748,239839,39909
Czechia,2021-02-01,"Moderna, Pfizer/BioNTech",https://onemocneni-aktualne.mzcr.cz/covid-19,291596,243792,47804
Czechia,2021-02-02,"Moderna, Pfizer/BioNTech",https://onemocneni-aktualne.mzcr.cz/covid-19,305908,247912,57996
Czechia,2021-02-03,"Moderna, Pfizer/BioNTech",https://onemocneni-aktualne.mzcr.cz/covid-19,321260,252301,68959
Czechia,2021-02-04,"Moderna, Pfizer/BioNTech",https://onemocneni-aktualne.mzcr.cz/covid-19,339080,257180,81900
Czechia,2021-02-05,"Moderna, Pfizer/BioNTech",https://onemocneni-aktualne.mzcr.cz/covid-19,355147,262617,92530
Czechia,2021-02-06,"Moderna, Pfizer/BioNTech",https://onemocneni-aktualne.mzcr.cz/covid-19,358324,263453,94871
Czechia,2021-02-07,"Moderna, Pfizer/BioNTech",https://onemocneni-aktualne.mzcr.cz/covid-19,361646,264299,97347
Czechia,2021-02-08,"Moderna, Pfizer/BioNTech",https://onemocneni-aktualne.mzcr.cz/covid-19,377035,268330,108705
Czechia,2021-02-09,"Moderna, Oxford/AstraZeneca, Pfizer/BioNTech",https://onemocneni-aktualne.mzcr.cz/covid-19,394004,273401,120603
Czechia,2021-02-10,"Moderna, Pfizer/BioNTech",https://onemocneni-aktualne.mzcr.cz/covid-19,412657,278871,133786
Czechia,2021-02-11,"Moderna, Oxford/AstraZeneca, Pfizer/BioNTech",https://onemocneni-aktualne.mzcr.cz/covid-19,435086,285159,149927
Czechia,2021-02-12,"Moderna, Oxford/AstraZeneca, Pfizer/BioNTech",https://onemocneni-aktualne.mzcr.cz/covid-19,456455,291870,164585
Czechia,2021-02-13,"Moderna, Oxford/AstraZeneca, Pfizer/BioNTech",https://onemocneni-aktualne.mzcr.cz/covid-19,461009,293452,167557
Czechia,2021-02-14,"Moderna, Oxford/AstraZeneca, Pfizer/BioNTech",https://onemocneni-aktualne.mzcr.cz/covid-19,463370,294442,168928
Czechia,2021-02-15,"Moderna, Oxford/AstraZeneca, Pfizer/BioNTech",https://onemocneni-aktualne.mzcr.cz/covid-19,479059,300817,178242
Czechia,2021-02-16,"Moderna, Oxford/AstraZeneca, Pfizer/BioNTech",https://onemocneni-aktualne.mzcr.cz/covid-19,496766,309500,187266
Czechia,2021-02-17,"Moderna, Oxford/AstraZeneca, Pfizer/BioNTech",https://onemocneni-aktualne.mzcr.cz/covid-19,514690,319169,195521
Czechia,2021-02-18,"Moderna, Oxford/AstraZeneca, Pfizer/BioNTech",https://onemocneni-aktualne.mzcr.cz/covid-19,534957,331442,203515
Czechia,2021-02-19,"Moderna, Oxford/AstraZeneca, Pfizer/BioNTech",https://onemocneni-aktualne.mzcr.cz/covid-19,554065,343261,210804
Czechia,2021-02-20,"Moderna, Oxford/AstraZeneca, Pfizer/BioNTech",https://onemocneni-aktualne.mzcr.cz/covid-19,557195,345227,211968
Czechia,2021-02-21,"Moderna, Oxford/AstraZeneca, Pfizer/BioNTech",https://onemocneni-aktualne.mzcr.cz/covid-19,559303,346328,212975
Czechia,2021-02-22,"Moderna, Oxford/AstraZeneca, Pfizer/BioNTech",https://onemocneni-aktualne.mzcr.cz/covid-19,575382,356416,218966
Czechia,2021-02-23,"Moderna, Oxford/AstraZeneca, Pfizer/BioNTech",https://onemocneni-aktualne.mzcr.cz/covid-19,595195,369292,225903
Czechia,2021-02-24,"Moderna, Oxford/AstraZeneca, Pfizer/BioNTech",https://onemocneni-aktualne.mzcr.cz/covid-19,615009,383109,231900
Czechia,2021-02-25,"Moderna, Oxford/AstraZeneca, Pfizer/BioNTech",https://onemocneni-aktualne.mzcr.cz/covid-19,638463,401046,237417
Czechia,2021-02-26,"Moderna, Oxford/AstraZeneca, Pfizer/BioNTech",https://onemocneni-aktualne.mzcr.cz/covid-19,659890,417160,242730
Czechia,2021-02-27,"Moderna, Oxford/AstraZeneca, Pfizer/BioNTech",https://onemocneni-aktualne.mzcr.cz/covid-19,663430,420152,243278
Czechia,2021-02-28,"Moderna, Oxford/AstraZeneca, Pfizer/BioNTech",https://onemocneni-aktualne.mzcr.cz/covid-19,666310,422490,243820
Czechia,2021-03-01,"Moderna, Oxford/AstraZeneca, Pfizer/BioNTech",https://onemocneni-aktualne.mzcr.cz/covid-19,689161,441939,247222
Czechia,2021-03-02,"Moderna, Oxford/AstraZeneca, Pfizer/BioNTech",https://onemocneni-aktualne.mzcr.cz/covid-19,719788,469041,250747
Czechia,2021-03-03,"Moderna, Oxford/AstraZeneca, Pfizer/BioNTech",https://onemocneni-aktualne.mzcr.cz/covid-19,754989,499768,255221
Czechia,2021-03-04,"Moderna, Oxford/AstraZeneca, Pfizer/BioNTech",https://onemocneni-aktualne.mzcr.cz/covid-19,792744,532871,259873
Czechia,2021-03-05,"Moderna, Oxford/AstraZeneca, Pfizer/BioNTech",https://onemocneni-aktualne.mzcr.cz/covid-19,826808,561560,265248
Czechia,2021-03-06,"Moderna, Oxford/AstraZeneca, Pfizer/BioNTech",https://onemocneni-aktualne.mzcr.cz/covid-19,839731,573646,266085
Czechia,2021-03-07,"Moderna, Oxford/AstraZeneca, Pfizer/BioNTech",https://onemocneni-aktualne.mzcr.cz/covid-19,851925,585012,266913
Czechia,2021-03-08,"Moderna, Oxford/AstraZeneca, Pfizer/BioNTech",https://onemocneni-aktualne.mzcr.cz/covid-19,886316,614593,271723
Czechia,2021-03-09,"Moderna, Oxford/AstraZeneca, Pfizer/BioNTech",https://onemocneni-aktualne.mzcr.cz/covid-19,928811,650742,278069
Czechia,2021-03-10,"Moderna, Oxford/AstraZeneca, Pfizer/BioNTech",https://onemocneni-aktualne.mzcr.cz/covid-19,976822,691836,284986
Czechia,2021-03-11,"Moderna, Oxford/AstraZeneca, Pfizer/BioNTech",https://onemocneni-aktualne.mzcr.cz/covid-19,1029776,736463,293313
Czechia,2021-03-12,"Moderna, Oxford/AstraZeneca, Pfizer/BioNTech",https://onemocneni-aktualne.mzcr.cz/covid-19,1076800,775062,301738
Czechia,2021-03-13,"Moderna, Oxford/AstraZeneca, Pfizer/BioNTech",https://onemocneni-aktualne.mzcr.cz/covid-19,1095095,792073,303022
Czechia,2021-03-14,"Moderna, Oxford/AstraZeneca, Pfizer/BioNTech",https://onemocneni-aktualne.mzcr.cz/covid-19,1108287,804135,304152
Czechia,2021-03-15,"Moderna, Oxford/AstraZeneca, Pfizer/BioNTech",https://onemocneni-aktualne.mzcr.cz/covid-19,1145291,832387,312904
Czechia,2021-03-16,"Moderna, Oxford/AstraZeneca, Pfizer/BioNTech",https://onemocneni-aktualne.mzcr.cz/covid-19,1194526,871144,323382
Czechia,2021-03-17,"Moderna, Oxford/AstraZeneca, Pfizer/BioNTech",https://onemocneni-aktualne.mzcr.cz/covid-19,1242329,908489,333840
Czechia,2021-03-18,"Moderna, Oxford/AstraZeneca, Pfizer/BioNTech",https://onemocneni-aktualne.mzcr.cz/covid-19,1292490,946288,346202
Czechia,2021-03-19,"Moderna, Oxford/AstraZeneca, Pfizer/BioNTech",https://onemocneni-aktualne.mzcr.cz/covid-19,1340286,980529,359757
Czechia,2021-03-20,"Moderna, Oxford/AstraZeneca, Pfizer/BioNTech",https://onemocneni-aktualne.mzcr.cz/covid-19,1357312,995547,361765
Czechia,2021-03-21,"Moderna, Oxford/AstraZeneca, Pfizer/BioNTech",https://onemocneni-aktualne.mzcr.cz/covid-19,1366212,1002913,363299
Czechia,2021-03-22,"Moderna, Oxford/AstraZeneca, Pfizer/BioNTech",https://onemocneni-aktualne.mzcr.cz/covid-19,1402863,1027165,375698
Czechia,2021-03-23,"Moderna, Oxford/AstraZeneca, Pfizer/BioNTech",https://onemocneni-aktualne.mzcr.cz/covid-19,1442524,1053571,388953
Czechia,2021-03-24,"Moderna, Oxford/AstraZeneca, Pfizer/BioNTech",https://onemocneni-aktualne.mzcr.cz/covid-19,1484907,1080305,404602
Czechia,2021-03-25,"Moderna, Oxford/AstraZeneca, Pfizer/BioNTech",https://onemocneni-aktualne.mzcr.cz/covid-19,1528866,1106470,422396
Czechia,2021-03-26,"Moderna, Oxford/AstraZeneca, Pfizer/BioNTech",https://onemocneni-aktualne.mzcr.cz/covid-19,1570990,1131161,439829
Czechia,2021-03-27,"Moderna, Oxford/AstraZeneca, Pfizer/BioNTech",https://onemocneni-aktualne.mzcr.cz/covid-19,1584190,1139546,444644
Czechia,2021-03-28,"Moderna, Oxford/AstraZeneca, Pfizer/BioNTech",https://onemocneni-aktualne.mzcr.cz/covid-19,1593825,1145065,448760
Czechia,2021-03-29,"Moderna, Oxford/AstraZeneca, Pfizer/BioNTech",https://onemocneni-aktualne.mzcr.cz/covid-19,1633269,1163899,469370
Czechia,2021-03-30,"Moderna, Oxford/AstraZeneca, Pfizer/BioNTech",https://onemocneni-aktualne.mzcr.cz/covid-19,1679894,1188441,491453
Czechia,2021-03-31,"Moderna, Oxford/AstraZeneca, Pfizer/BioNTech",https://onemocneni-aktualne.mzcr.cz/covid-19,1729803,1211383,518420
Czechia,2021-04-01,"Moderna, Oxford/AstraZeneca, Pfizer/BioNTech",https://onemocneni-aktualne.mzcr.cz/covid-19,1787147,1236849,550298
Czechia,2021-04-02,"Moderna, Oxford/AstraZeneca, Pfizer/BioNTech",https://onemocneni-aktualne.mzcr.cz/covid-19,1806701,1243670,563031
Czechia,2021-04-03,"Moderna, Oxford/AstraZeneca, Pfizer/BioNTech",https://onemocneni-aktualne.mzcr.cz/covid-19,1821141,1247225,573916
Czechia,2021-04-04,"Moderna, Oxford/AstraZeneca, Pfizer/BioNTech",https://onemocneni-aktualne.mzcr.cz/covid-19,1832365,1249682,582683
Czechia,2021-04-05,"Moderna, Oxford/AstraZeneca, Pfizer/BioNTech",https://onemocneni-aktualne.mzcr.cz/covid-19,1841824,1251998,589826
Czechia,2021-04-06,"Moderna, Oxford/AstraZeneca, Pfizer/BioNTech",https://onemocneni-aktualne.mzcr.cz/covid-19,1886989,1268010,618979
Czechia,2021-04-07,"Moderna, Oxford/AstraZeneca, Pfizer/BioNTech",https://onemocneni-aktualne.mzcr.cz/covid-19,1932312,1291269,641043
Czechia,2021-04-08,"Moderna, Oxford/AstraZeneca, Pfizer/BioNTech",https://onemocneni-aktualne.mzcr.cz/covid-19,2001492,1329640,671852
Czechia,2021-04-09,"Moderna, Oxford/AstraZeneca, Pfizer/BioNTech",https://onemocneni-aktualne.mzcr.cz/covid-19,2070573,1368799,701774
Czechia,2021-04-10,"Moderna, Oxford/AstraZeneca, Pfizer/BioNTech",https://onemocneni-aktualne.mzcr.cz/covid-19,2101073,1384107,716966
Czechia,2021-04-11,"Moderna, Oxford/AstraZeneca, Pfizer/BioNTech",https://onemocneni-aktualne.mzcr.cz/covid-19,2120759,1393802,726957
Czechia,2021-04-12,"Moderna, Oxford/AstraZeneca, Pfizer/BioNTech",https://onemocneni-aktualne.mzcr.cz/covid-19,2183513,1431719,751794
Czechia,2021-04-13,"Moderna, Oxford/AstraZeneca, Pfizer/BioNTech",https://onemocneni-aktualne.mzcr.cz/covid-19,2245307,1467690,777617
Czechia,2021-04-14,"Moderna, Oxford/AstraZeneca, Pfizer/BioNTech",https://onemocneni-aktualne.mzcr.cz/covid-19,2311126,1506250,804876
Czechia,2021-04-15,"Moderna, Oxford/AstraZeneca, Pfizer/BioNTech",https://onemocneni-aktualne.mzcr.cz/covid-19,2384250,1553795,830455
Czechia,2021-04-16,"Moderna, Oxford/AstraZeneca, Pfizer/BioNTech",https://onemocneni-aktualne.mzcr.cz/covid-19,2454222,1598217,856005
Czechia,2021-04-17,"Moderna, Oxford/AstraZeneca, Pfizer/BioNTech",https://onemocneni-aktualne.mzcr.cz/covid-19,2479763,1614774,864989
Czechia,2021-04-18,"Moderna, Oxford/AstraZeneca, Pfizer/BioNTech",https://onemocneni-aktualne.mzcr.cz/covid-19,2497615,1627681,869934
Czechia,2021-04-19,"Moderna, Oxford/AstraZeneca, Pfizer/BioNTech",https://onemocneni-aktualne.mzcr.cz/covid-19,2556643,1671368,885275
Czechia,2021-04-20,"Moderna, Oxford/AstraZeneca, Pfizer/BioNTech",https://onemocneni-aktualne.mzcr.cz/covid-19,2614374,1713325,901049
Czechia,2021-04-21,"Moderna, Oxford/AstraZeneca, Pfizer/BioNTech",https://onemocneni-aktualne.mzcr.cz/covid-19,2676092,1760901,915191
Czechia,2021-04-22,"Johnson&Johnson, Moderna, Oxford/AstraZeneca, Pfizer/BioNTech",https://onemocneni-aktualne.mzcr.cz/covid-19,2747643,1815199,932472
Czechia,2021-04-23,"Johnson&Johnson, Moderna, Oxford/AstraZeneca, Pfizer/BioNTech",https://onemocneni-aktualne.mzcr.cz/covid-19,2809192,1865019,944421
Czechia,2021-04-24,"Johnson&Johnson, Moderna, Oxford/AstraZeneca, Pfizer/BioNTech",https://onemocneni-aktualne.mzcr.cz/covid-19,2832127,1882776,949611
Czechia,2021-04-25,"Johnson&Johnson, Moderna, Oxford/AstraZeneca, Pfizer/BioNTech",https://onemocneni-aktualne.mzcr.cz/covid-19,2850722,1897410,953588
Czechia,2021-04-26,"Johnson&Johnson, Moderna, Oxford/AstraZeneca, Pfizer/BioNTech",https://onemocneni-aktualne.mzcr.cz/covid-19,2907010,1946852,960976
Czechia,2021-04-27,"Johnson&Johnson, Moderna, Oxford/AstraZeneca, Pfizer/BioNTech",https://onemocneni-aktualne.mzcr.cz/covid-19,2967018,1995683,973088
Czechia,2021-04-28,"Johnson&Johnson, Moderna, Oxford/AstraZeneca, Pfizer/BioNTech",https://onemocneni-aktualne.mzcr.cz/covid-19,3038049,2054271,986982
Czechia,2021-04-29,"Johnson&Johnson, Moderna, Oxford/AstraZeneca, Pfizer/BioNTech",https://onemocneni-aktualne.mzcr.cz/covid-19,3117534,2119626,1002718
Czechia,2021-04-30,"Johnson&Johnson, Moderna, Oxford/AstraZeneca, Pfizer/BioNTech",https://onemocneni-aktualne.mzcr.cz/covid-19,3187986,2181674,1012578
Czechia,2021-05-01,"Johnson&Johnson, Moderna, Oxford/AstraZeneca, Pfizer/BioNTech",https://onemocneni-aktualne.mzcr.cz/covid-19,3210508,2200923,1015953
Czechia,2021-05-02,"Johnson&Johnson, Moderna, Oxford/AstraZeneca, Pfizer/BioNTech",https://onemocneni-aktualne.mzcr.cz/covid-19,3231563,2219780,1018178
Czechia,2021-05-03,"Johnson&Johnson, Moderna, Oxford/AstraZeneca, Pfizer/BioNTech",https://onemocneni-aktualne.mzcr.cz/covid-19,3302487,2286838,1023166
Czechia,2021-05-04,"Johnson&Johnson, Moderna, Oxford/AstraZeneca, Pfizer/BioNTech",https://onemocneni-aktualne.mzcr.cz/covid-19,3375396,2353071,1031408
Czechia,2021-05-05,"Johnson&Johnson, Moderna, Oxford/AstraZeneca, Pfizer/BioNTech",https://onemocneni-aktualne.mzcr.cz/covid-19,3455707,2426054,1040704
Czechia,2021-05-06,"Johnson&Johnson, Moderna, Oxford/AstraZeneca, Pfizer/BioNTech",https://onemocneni-aktualne.mzcr.cz/covid-19,3544471,2506222,1051268
Czechia,2021-05-07,"Johnson&Johnson, Moderna, Oxford/AstraZeneca, Pfizer/BioNTech",https://onemocneni-aktualne.mzcr.cz/covid-19,3629599,2583340,1061205
Czechia,2021-05-08,"Johnson&Johnson, Moderna, Oxford/AstraZeneca, Pfizer/BioNTech",https://onemocneni-aktualne.mzcr.cz/covid-19,3660495,2612689,1062897
Czechia,2021-05-09,"Johnson&Johnson, Moderna, Oxford/AstraZeneca, Pfizer/BioNTech",https://onemocneni-aktualne.mzcr.cz/covid-19,3685782,2636820,1064061
Czechia,2021-05-10,"Johnson&Johnson, Moderna, Oxford/AstraZeneca, Pfizer/BioNTech",https://onemocneni-aktualne.mzcr.cz/covid-19,3763731,2709362,1071148
Czechia,2021-05-11,"Johnson&Johnson, Moderna, Oxford/AstraZeneca, Pfizer/BioNTech",https://onemocneni-aktualne.mzcr.cz/covid-19,3846529,2785252,1079872
Czechia,2021-05-12,"Johnson&Johnson, Moderna, Oxford/AstraZeneca, Pfizer/BioNTech",https://onemocneni-aktualne.mzcr.cz/covid-19,3933539,2864873,1088836
Czechia,2021-05-13,"Johnson&Johnson, Moderna, Oxford/AstraZeneca, Pfizer/BioNTech",https://onemocneni-aktualne.mzcr.cz/covid-19,4024917,2948701,1097889
Czechia,2021-05-14,"Johnson&Johnson, Moderna, Oxford/AstraZeneca, Pfizer/BioNTech",https://onemocneni-aktualne.mzcr.cz/covid-19,4110702,3027919,1105548
Czechia,2021-05-15,"Johnson&Johnson, Moderna, Oxford/AstraZeneca, Pfizer/BioNTech",https://onemocneni-aktualne.mzcr.cz/covid-19,4144575,3059715,1107687
Czechia,2021-05-16,"Johnson&Johnson, Moderna, Oxford/AstraZeneca, Pfizer/BioNTech",https://onemocneni-aktualne.mzcr.cz/covid-19,4171435,3085414,1108856
Czechia,2021-05-17,"Johnson&Johnson, Moderna, Oxford/AstraZeneca, Pfizer/BioNTech",https://onemocneni-aktualne.mzcr.cz/covid-19,4249565,3157791,1115484
Czechia,2021-05-18,"Johnson&Johnson, Moderna, Oxford/AstraZeneca, Pfizer/BioNTech",https://onemocneni-aktualne.mzcr.cz/covid-19,4333208,3229536,1128378
Czechia,2021-05-19,"Johnson&Johnson, Moderna, Oxford/AstraZeneca, Pfizer/BioNTech",https://onemocneni-aktualne.mzcr.cz/covid-19,4424258,3306813,1143372
Czechia,2021-05-20,"Johnson&Johnson, Moderna, Oxford/AstraZeneca, Pfizer/BioNTech",https://onemocneni-aktualne.mzcr.cz/covid-19,4524643,3381971,1170223
Czechia,2021-05-21,"Johnson&Johnson, Moderna, Oxford/AstraZeneca, Pfizer/BioNTech",https://onemocneni-aktualne.mzcr.cz/covid-19,4619413,3450578,1197810
Czechia,2021-05-22,"Johnson&Johnson, Moderna, Oxford/AstraZeneca, Pfizer/BioNTech",https://onemocneni-aktualne.mzcr.cz/covid-19,4662518,3482814,1208850
Czechia,2021-05-23,"Johnson&Johnson, Moderna, Oxford/AstraZeneca, Pfizer/BioNTech",https://onemocneni-aktualne.mzcr.cz/covid-19,4693691,3505046,1217796
Czechia,2021-05-24,"Johnson&Johnson, Moderna, Oxford/AstraZeneca, Pfizer/BioNTech",https://onemocneni-aktualne.mzcr.cz/covid-19,4772693,3551898,1251220
Czechia,2021-05-25,"Johnson&Johnson, Moderna, Oxford/AstraZeneca, Pfizer/BioNTech",https://onemocneni-aktualne.mzcr.cz/covid-19,4858175,3603561,1286819
Czechia,2021-05-26,"Johnson&Johnson, Moderna, Oxford/AstraZeneca, Pfizer/BioNTech",https://onemocneni-aktualne.mzcr.cz/covid-19,4961174,3671108,1324180
Czechia,2021-05-27,"Johnson&Johnson, Moderna, Oxford/AstraZeneca, Pfizer/BioNTech",https://onemocneni-aktualne.mzcr.cz/covid-19,5067398,3732275,1371352
Czechia,2021-05-28,"Johnson&Johnson, Moderna, Oxford/AstraZeneca, Pfizer/BioNTech",https://onemocneni-aktualne.mzcr.cz/covid-19,5173143,3793774,1417694
Czechia,2021-05-29,"Johnson&Johnson, Moderna, Oxford/AstraZeneca, Pfizer/BioNTech",https://onemocneni-aktualne.mzcr.cz/covid-19,5219061,3822810,1434713
Czechia,2021-05-30,"Johnson&Johnson, Moderna, Oxford/AstraZeneca, Pfizer/BioNTech",https://onemocneni-aktualne.mzcr.cz/covid-19,5255674,3845068,1449070
Czechia,2021-05-31,"Johnson&Johnson, Moderna, Oxford/AstraZeneca, Pfizer/BioNTech",https://onemocneni-aktualne.mzcr.cz/covid-19,5356399,3900330,1496376
Czechia,2021-06-01,"Johnson&Johnson, Moderna, Oxford/AstraZeneca, Pfizer/BioNTech",https://onemocneni-aktualne.mzcr.cz/covid-19,5460779,3958776,1544555
Czechia,2021-06-02,"Johnson&Johnson, Moderna, Oxford/AstraZeneca, Pfizer/BioNTech",https://onemocneni-aktualne.mzcr.cz/covid-19,5574575,4021219,1598372
Czechia,2021-06-03,"Johnson&Johnson, Moderna, Oxford/AstraZeneca, Pfizer/BioNTech",https://onemocneni-aktualne.mzcr.cz/covid-19,5689526,4079014,1658329
Czechia,2021-06-04,"Johnson&Johnson, Moderna, Oxford/AstraZeneca, Pfizer/BioNTech",https://onemocneni-aktualne.mzcr.cz/covid-19,5806078,4141595,1715543
Czechia,2021-06-05,"Johnson&Johnson, Moderna, Oxford/AstraZeneca, Pfizer/BioNTech",https://onemocneni-aktualne.mzcr.cz/covid-19,5858527,4175464,1734242
Czechia,2021-06-06,"Johnson&Johnson, Moderna, Oxford/AstraZeneca, Pfizer/BioNTech",https://onemocneni-aktualne.mzcr.cz/covid-19,5900268,4202233,1749280
Czechia,2021-06-07,"Johnson&Johnson, Moderna, Oxford/AstraZeneca, Pfizer/BioNTech",https://onemocneni-aktualne.mzcr.cz/covid-19,6015690,4265335,1804719
Czechia,2021-06-08,"Johnson&Johnson, Moderna, Oxford/AstraZeneca, Pfizer/BioNTech",https://onemocneni-aktualne.mzcr.cz/covid-19,6130815,4328757,1859467
Czechia,2021-06-09,"Johnson&Johnson, Moderna, Oxford/AstraZeneca, Pfizer/BioNTech",https://onemocneni-aktualne.mzcr.cz/covid-19,6249341,4386855,1923502
Czechia,2021-06-10,"Johnson&Johnson, Moderna, Oxford/AstraZeneca, Pfizer/BioNTech",https://onemocneni-aktualne.mzcr.cz/covid-19,6369494,4439419,1994183
Czechia,2021-06-11,"Johnson&Johnson, Moderna, Oxford/AstraZeneca, Pfizer/BioNTech",https://onemocneni-aktualne.mzcr.cz/covid-19,6487122,4490773,2063586
Czechia,2021-06-12,"Johnson&Johnson, Moderna, Oxford/AstraZeneca, Pfizer/BioNTech",https://onemocneni-aktualne.mzcr.cz/covid-19,6539385,4522463,2084253
Czechia,2021-06-13,"Johnson&Johnson, Moderna, Oxford/AstraZeneca, Pfizer/BioNTech",https://onemocneni-aktualne.mzcr.cz/covid-19,6581446,4546272,2102558
Czechia,2021-06-14,"Johnson&Johnson, Moderna, Oxford/AstraZeneca, Pfizer/BioNTech",https://onemocneni-aktualne.mzcr.cz/covid-19,6695674,4588728,2176673
Czechia,2021-06-15,"Johnson&Johnson, Moderna, Oxford/AstraZeneca, Pfizer/BioNTech",https://onemocneni-aktualne.mzcr.cz/covid-19,6809717,4632889,2248705
Czechia,2021-06-16,"Johnson&Johnson, Moderna, Oxford/AstraZeneca, Pfizer/BioNTech",https://onemocneni-aktualne.mzcr.cz/covid-19,6927317,4675052,2326662
Czechia,2021-06-17,"Johnson&Johnson, Moderna, Oxford/AstraZeneca, Pfizer/BioNTech",https://onemocneni-aktualne.mzcr.cz/covid-19,7046751,4713882,2409441
Czechia,2021-06-18,"Johnson&Johnson, Moderna, Oxford/AstraZeneca, Pfizer/BioNTech",https://onemocneni-aktualne.mzcr.cz/covid-19,7166064,4755045,2489617
Czechia,2021-06-19,"Johnson&Johnson, Moderna, Oxford/AstraZeneca, Pfizer/BioNTech",https://onemocneni-aktualne.mzcr.cz/covid-19,7216678,4776543,2518755
Czechia,2021-06-20,"Johnson&Johnson, Moderna, Oxford/AstraZeneca, Pfizer/BioNTech",https://onemocneni-aktualne.mzcr.cz/covid-19,7257567,4793762,2542462
Czechia,2021-06-21,"Johnson&Johnson, Moderna, Oxford/AstraZeneca, Pfizer/BioNTech",https://onemocneni-aktualne.mzcr.cz/covid-19,7366613,4825963,2620737
Czechia,2021-06-22,"Johnson&Johnson, Moderna, Oxford/AstraZeneca, Pfizer/BioNTech",https://onemocneni-aktualne.mzcr.cz/covid-19,7479019,4858013,2702705
Czechia,2021-06-23,"Johnson&Johnson, Moderna, Oxford/AstraZeneca, Pfizer/BioNTech",https://onemocneni-aktualne.mzcr.cz/covid-19,7592996,4888867,2787624
Czechia,2021-06-24,"Johnson&Johnson, Moderna, Oxford/AstraZeneca, Pfizer/BioNTech",https://onemocneni-aktualne.mzcr.cz/covid-19,7710342,4918273,2877385
Czechia,2021-06-25,"Johnson&Johnson, Moderna, Oxford/AstraZeneca, Pfizer/BioNTech",https://onemocneni-aktualne.mzcr.cz/covid-19,7825034,4948901,2963145
Czechia,2021-06-26,"Johnson&Johnson, Moderna, Oxford/AstraZeneca, Pfizer/BioNTech",https://onemocneni-aktualne.mzcr.cz/covid-19,7875233,4964513,2997760
Czechia,2021-06-27,"Johnson&Johnson, Moderna, Oxford/AstraZeneca, Pfizer/BioNTech",https://onemocneni-aktualne.mzcr.cz/covid-19,7915533,4978308,3024272
Czechia,2021-06-28,"Johnson&Johnson, Moderna, Oxford/AstraZeneca, Pfizer/BioNTech",https://onemocneni-aktualne.mzcr.cz/covid-19,8027184,5006392,3109071
Czechia,2021-06-29,"Johnson&Johnson, Moderna, Oxford/AstraZeneca, Pfizer/BioNTech",https://onemocneni-aktualne.mzcr.cz/covid-19,8140731,5035244,3195203
Czechia,2021-06-30,"Johnson&Johnson, Moderna, Oxford/AstraZeneca, Pfizer/BioNTech",https://onemocneni-aktualne.mzcr.cz/covid-19,8256953,5062308,3285691
Czechia,2021-07-01,"Johnson&Johnson, Moderna, Oxford/AstraZeneca, Pfizer/BioNTech",https://onemocneni-aktualne.mzcr.cz/covid-19,8367935,5085623,3374987
Czechia,2021-07-02,"Johnson&Johnson, Moderna, Oxford/AstraZeneca, Pfizer/BioNTech",https://onemocneni-aktualne.mzcr.cz/covid-19,8477322,5111698,3459872
Czechia,2021-07-03,"Johnson&Johnson, Moderna, Oxford/AstraZeneca, Pfizer/BioNTech",https://onemocneni-aktualne.mzcr.cz/covid-19,8515580,5118662,3491176
Czechia,2021-07-04,"Johnson&Johnson, Moderna, Oxford/AstraZeneca, Pfizer/BioNTech",https://onemocneni-aktualne.mzcr.cz/covid-19,8544677,5126116,3512824
Czechia,2021-07-05,"Johnson&Johnson, Moderna, Oxford/AstraZeneca, Pfizer/BioNTech",https://onemocneni-aktualne.mzcr.cz/covid-19,8577124,5133370,3538028
Czechia,2021-07-06,"Johnson&Johnson, Moderna, Oxford/AstraZeneca, Pfizer/BioNTech",https://onemocneni-aktualne.mzcr.cz/covid-19,8609776,5138583,3565481
Czechia,2021-07-07,"Johnson&Johnson, Moderna, Oxford/AstraZeneca, Pfizer/BioNTech",https://onemocneni-aktualne.mzcr.cz/covid-19,8712182,5163900,3643457
Czechia,2021-07-08,"Johnson&Johnson, Moderna, Oxford/AstraZeneca, Pfizer/BioNTech",https://onemocneni-aktualne.mzcr.cz/covid-19,8806372,5189997,3712819
Czechia,2021-07-09,"Johnson&Johnson, Moderna, Oxford/AstraZeneca, Pfizer/BioNTech",https://onemocneni-aktualne.mzcr.cz/covid-19,8899817,5217037,3780583
Czechia,2021-07-10,"Johnson&Johnson, Moderna, Oxford/AstraZeneca, Pfizer/BioNTech",https://onemocneni-aktualne.mzcr.cz/covid-19,8936847,5225918,3808746
Czechia,2021-07-11,"Johnson&Johnson, Moderna, Oxford/AstraZeneca, Pfizer/BioNTech",https://onemocneni-aktualne.mzcr.cz/covid-19,8966562,5234122,3830283
