location,date,vaccine,source_url,total_vaccinations,people_vaccinated,people_fully_vaccinated
Denmark,2020-12-17,Pfizer/BioNTech,https://covid19.ssi.dk/overvagningsdata/download-fil-med-vaccinationsdata,1,1,
Denmark,2020-12-18,Pfizer/BioNTech,https://covid19.ssi.dk/overvagningsdata/download-fil-med-vaccinationsdata,2,2,
Denmark,2020-12-19,Pfizer/BioNTech,https://covid19.ssi.dk/overvagningsdata/download-fil-med-vaccinationsdata,3,3,
Denmark,2020-12-21,Pfizer/BioNTech,https://covid19.ssi.dk/overvagningsdata/download-fil-med-vaccinationsdata,4,4,
Denmark,2020-12-22,Pfizer/BioNTech,https://covid19.ssi.dk/overvagningsdata/download-fil-med-vaccinationsdata,5,5,
Denmark,2020-12-23,Pfizer/BioNTech,https://covid19.ssi.dk/overvagningsdata/download-fil-med-vaccinationsdata,8,8,
Denmark,2020-12-24,Pfizer/BioNTech,https://covid19.ssi.dk/overvagningsdata/download-fil-med-vaccinationsdata,11,11,
Denmark,2020-12-26,Pfizer/BioNTech,https://covid19.ssi.dk/overvagningsdata/download-fil-med-vaccinationsdata,12,12,
Denmark,2020-12-27,Pfizer/BioNTech,https://covid19.ssi.dk/overvagningsdata/download-fil-med-vaccinationsdata,6235,6235,
Denmark,2020-12-28,Pfizer/BioNTech,https://covid19.ssi.dk/overvagningsdata/download-fil-med-vaccinationsdata,8226,8226,
Denmark,2020-12-29,Pfizer/BioNTech,https://covid19.ssi.dk/overvagningsdata/download-fil-med-vaccinationsdata,16901,16901,
Denmark,2020-12-30,Pfizer/BioNTech,https://covid19.ssi.dk/overvagningsdata/download-fil-med-vaccinationsdata,27994,27994,
Denmark,2020-12-31,Pfizer/BioNTech,https://covid19.ssi.dk/overvagningsdata/download-fil-med-vaccinationsdata,33902,33902,
Denmark,2021-01-01,Pfizer/BioNTech,https://covid19.ssi.dk/overvagningsdata/download-fil-med-vaccinationsdata,36152,36152,
Denmark,2021-01-02,Pfizer/BioNTech,https://covid19.ssi.dk/overvagningsdata/download-fil-med-vaccinationsdata,44633,44633,
Denmark,2021-01-03,Pfizer/BioNTech,https://covid19.ssi.dk/overvagningsdata/download-fil-med-vaccinationsdata,50345,50345,
Denmark,2021-01-04,Pfizer/BioNTech,https://covid19.ssi.dk/overvagningsdata/download-fil-med-vaccinationsdata,52739,52738,1
Denmark,2021-01-05,Pfizer/BioNTech,https://covid19.ssi.dk/overvagningsdata/download-fil-med-vaccinationsdata,65763,65762,1
Denmark,2021-01-06,Pfizer/BioNTech,https://covid19.ssi.dk/overvagningsdata/download-fil-med-vaccinationsdata,84752,84751,1
Denmark,2021-01-07,Pfizer/BioNTech,https://covid19.ssi.dk/overvagningsdata/download-fil-med-vaccinationsdata,101592,101591,1
Denmark,2021-01-08,Pfizer/BioNTech,https://covid19.ssi.dk/overvagningsdata/download-fil-med-vaccinationsdata,109744,109742,2
Denmark,2021-01-09,Pfizer/BioNTech,https://covid19.ssi.dk/overvagningsdata/download-fil-med-vaccinationsdata,111620,111617,3
Denmark,2021-01-10,Pfizer/BioNTech,https://covid19.ssi.dk/overvagningsdata/download-fil-med-vaccinationsdata,112437,112434,3
Denmark,2021-01-11,Pfizer/BioNTech,https://covid19.ssi.dk/overvagningsdata/download-fil-med-vaccinationsdata,113096,113093,3
Denmark,2021-01-12,Pfizer/BioNTech,https://covid19.ssi.dk/overvagningsdata/download-fil-med-vaccinationsdata,113557,113554,3
Denmark,2021-01-13,"Moderna, Pfizer/BioNTech",https://covid19.ssi.dk/overvagningsdata/download-fil-med-vaccinationsdata,126070,126066,4
Denmark,2021-01-14,"Moderna, Pfizer/BioNTech",https://covid19.ssi.dk/overvagningsdata/download-fil-med-vaccinationsdata,143607,143602,5
Denmark,2021-01-15,"Moderna, Pfizer/BioNTech",https://covid19.ssi.dk/overvagningsdata/download-fil-med-vaccinationsdata,158459,158449,10
Denmark,2021-01-16,"Moderna, Pfizer/BioNTech",https://covid19.ssi.dk/overvagningsdata/download-fil-med-vaccinationsdata,162966,162948,18
Denmark,2021-01-17,"Moderna, Pfizer/BioNTech",https://covid19.ssi.dk/overvagningsdata/download-fil-med-vaccinationsdata,166063,165368,695
Denmark,2021-01-18,"Moderna, Pfizer/BioNTech",https://covid19.ssi.dk/overvagningsdata/download-fil-med-vaccinationsdata,171894,169128,2766
Denmark,2021-01-19,"Moderna, Pfizer/BioNTech",https://covid19.ssi.dk/overvagningsdata/download-fil-med-vaccinationsdata,176334,171550,4784
Denmark,2021-01-20,"Moderna, Pfizer/BioNTech",https://covid19.ssi.dk/overvagningsdata/download-fil-med-vaccinationsdata,179627,173026,6601
Denmark,2021-01-21,"Moderna, Pfizer/BioNTech",https://covid19.ssi.dk/overvagningsdata/download-fil-med-vaccinationsdata,183403,174519,8884
Denmark,2021-01-22,"Moderna, Pfizer/BioNTech",https://covid19.ssi.dk/overvagningsdata/download-fil-med-vaccinationsdata,189626,175171,14455
Denmark,2021-01-23,"Moderna, Pfizer/BioNTech",https://covid19.ssi.dk/overvagningsdata/download-fil-med-vaccinationsdata,197264,175887,21377
Denmark,2021-01-24,"Moderna, Pfizer/BioNTech",https://covid19.ssi.dk/overvagningsdata/download-fil-med-vaccinationsdata,204174,176473,27701
Denmark,2021-01-25,"Moderna, Pfizer/BioNTech",https://covid19.ssi.dk/overvagningsdata/download-fil-med-vaccinationsdata,206865,176748,30117
Denmark,2021-01-26,"Moderna, Pfizer/BioNTech",https://covid19.ssi.dk/overvagningsdata/download-fil-med-vaccinationsdata,208770,176960,31810
Denmark,2021-01-27,"Moderna, Pfizer/BioNTech",https://covid19.ssi.dk/overvagningsdata/download-fil-med-vaccinationsdata,213248,177162,36086
Denmark,2021-01-28,"Moderna, Pfizer/BioNTech",https://covid19.ssi.dk/overvagningsdata/download-fil-med-vaccinationsdata,221499,177378,44121
Denmark,2021-01-29,"Moderna, Pfizer/BioNTech",https://covid19.ssi.dk/overvagningsdata/download-fil-med-vaccinationsdata,240552,178462,62090
Denmark,2021-01-30,"Moderna, Pfizer/BioNTech",https://covid19.ssi.dk/overvagningsdata/download-fil-med-vaccinationsdata,254324,179634,74690
Denmark,2021-01-31,"Moderna, Pfizer/BioNTech",https://covid19.ssi.dk/overvagningsdata/download-fil-med-vaccinationsdata,267425,180810,86615
Denmark,2021-02-01,"Moderna, Pfizer/BioNTech",https://covid19.ssi.dk/overvagningsdata/download-fil-med-vaccinationsdata,275936,181554,94382
Denmark,2021-02-02,"Moderna, Pfizer/BioNTech",https://covid19.ssi.dk/overvagningsdata/download-fil-med-vaccinationsdata,280889,183532,97357
Denmark,2021-02-03,"Moderna, Pfizer/BioNTech",https://covid19.ssi.dk/overvagningsdata/download-fil-med-vaccinationsdata,288518,185036,103482
Denmark,2021-02-04,"Moderna, Pfizer/BioNTech",https://covid19.ssi.dk/overvagningsdata/download-fil-med-vaccinationsdata,300725,186434,114291
Denmark,2021-02-05,"Moderna, Pfizer/BioNTech",https://covid19.ssi.dk/overvagningsdata/download-fil-med-vaccinationsdata,315519,187990,127529
Denmark,2021-02-06,"Moderna, Pfizer/BioNTech",https://covid19.ssi.dk/overvagningsdata/download-fil-med-vaccinationsdata,323203,188991,134212
Denmark,2021-02-07,"Moderna, Pfizer/BioNTech",https://covid19.ssi.dk/overvagningsdata/download-fil-med-vaccinationsdata,328666,190853,137813
Denmark,2021-02-08,"Moderna, Oxford/AstraZeneca, Pfizer/BioNTech",https://covid19.ssi.dk/overvagningsdata/download-fil-med-vaccinationsdata,338124,193347,144777
Denmark,2021-02-09,"Moderna, Oxford/AstraZeneca, Pfizer/BioNTech",https://covid19.ssi.dk/overvagningsdata/download-fil-med-vaccinationsdata,346445,196842,149603
Denmark,2021-02-10,"Moderna, Oxford/AstraZeneca, Pfizer/BioNTech",https://covid19.ssi.dk/overvagningsdata/download-fil-med-vaccinationsdata,353565,200098,153467
Denmark,2021-02-11,"Moderna, Oxford/AstraZeneca, Pfizer/BioNTech",https://covid19.ssi.dk/overvagningsdata/download-fil-med-vaccinationsdata,361677,205763,155914
Denmark,2021-02-12,"Moderna, Oxford/AstraZeneca, Pfizer/BioNTech",https://covid19.ssi.dk/overvagningsdata/download-fil-med-vaccinationsdata,381320,217802,163518
Denmark,2021-02-13,"Moderna, Oxford/AstraZeneca, Pfizer/BioNTech",https://covid19.ssi.dk/overvagningsdata/download-fil-med-vaccinationsdata,388791,224313,164478
Denmark,2021-02-14,"Moderna, Oxford/AstraZeneca, Pfizer/BioNTech",https://covid19.ssi.dk/overvagningsdata/download-fil-med-vaccinationsdata,395592,230492,165100
Denmark,2021-02-15,"Moderna, Oxford/AstraZeneca, Pfizer/BioNTech",https://covid19.ssi.dk/overvagningsdata/download-fil-med-vaccinationsdata,412420,244196,168224
Denmark,2021-02-16,"Moderna, Oxford/AstraZeneca, Pfizer/BioNTech",https://covid19.ssi.dk/overvagningsdata/download-fil-med-vaccinationsdata,426876,257320,169556
Denmark,2021-02-17,"Moderna, Oxford/AstraZeneca, Pfizer/BioNTech",https://covid19.ssi.dk/overvagningsdata/download-fil-med-vaccinationsdata,437686,267704,169982
Denmark,2021-02-18,"Moderna, Oxford/AstraZeneca, Pfizer/BioNTech",https://covid19.ssi.dk/overvagningsdata/download-fil-med-vaccinationsdata,449419,279128,170291
Denmark,2021-02-19,"Moderna, Oxford/AstraZeneca, Pfizer/BioNTech",https://covid19.ssi.dk/overvagningsdata/download-fil-med-vaccinationsdata,464178,292923,171255
Denmark,2021-02-20,"Moderna, Oxford/AstraZeneca, Pfizer/BioNTech",https://covid19.ssi.dk/overvagningsdata/download-fil-med-vaccinationsdata,475159,303326,171833
Denmark,2021-02-21,"Moderna, Oxford/AstraZeneca, Pfizer/BioNTech",https://covid19.ssi.dk/overvagningsdata/download-fil-med-vaccinationsdata,486220,314028,172192
Denmark,2021-02-22,"Moderna, Oxford/AstraZeneca, Pfizer/BioNTech",https://covid19.ssi.dk/overvagningsdata/download-fil-med-vaccinationsdata,500749,327454,173295
Denmark,2021-02-23,"Moderna, Oxford/AstraZeneca, Pfizer/BioNTech",https://covid19.ssi.dk/overvagningsdata/download-fil-med-vaccinationsdata,516985,341757,175228
Denmark,2021-02-24,"Moderna, Oxford/AstraZeneca, Pfizer/BioNTech",https://covid19.ssi.dk/overvagningsdata/download-fil-med-vaccinationsdata,532569,355390,177179
Denmark,2021-02-25,"Moderna, Oxford/AstraZeneca, Pfizer/BioNTech",https://covid19.ssi.dk/overvagningsdata/download-fil-med-vaccinationsdata,547688,369879,177809
Denmark,2021-02-26,"Moderna, Oxford/AstraZeneca, Pfizer/BioNTech",https://covid19.ssi.dk/overvagningsdata/download-fil-med-vaccinationsdata,584583,405766,178817
Denmark,2021-02-27,"Moderna, Oxford/AstraZeneca, Pfizer/BioNTech",https://covid19.ssi.dk/overvagningsdata/download-fil-med-vaccinationsdata,592636,412385,180251
Denmark,2021-02-28,"Moderna, Oxford/AstraZeneca, Pfizer/BioNTech",https://covid19.ssi.dk/overvagningsdata/download-fil-med-vaccinationsdata,604938,423287,181651
Denmark,2021-03-01,"Moderna, Oxford/AstraZeneca, Pfizer/BioNTech",https://covid19.ssi.dk/overvagningsdata/download-fil-med-vaccinationsdata,625658,442940,182718
Denmark,2021-03-02,"Moderna, Oxford/AstraZeneca, Pfizer/BioNTech",https://covid19.ssi.dk/overvagningsdata/download-fil-med-vaccinationsdata,643609,459594,184015
Denmark,2021-03-03,"Moderna, Oxford/AstraZeneca, Pfizer/BioNTech",https://covid19.ssi.dk/overvagningsdata/download-fil-med-vaccinationsdata,657592,472551,185041
Denmark,2021-03-04,"Moderna, Oxford/AstraZeneca, Pfizer/BioNTech",https://covid19.ssi.dk/overvagningsdata/download-fil-med-vaccinationsdata,676813,489960,186853
Denmark,2021-03-05,"Moderna, Oxford/AstraZeneca, Pfizer/BioNTech",https://covid19.ssi.dk/overvagningsdata/download-fil-med-vaccinationsdata,699067,506514,192553
Denmark,2021-03-06,"Moderna, Oxford/AstraZeneca, Pfizer/BioNTech",https://covid19.ssi.dk/overvagningsdata/download-fil-med-vaccinationsdata,717608,521089,196519
Denmark,2021-03-07,"Moderna, Oxford/AstraZeneca, Pfizer/BioNTech",https://covid19.ssi.dk/overvagningsdata/download-fil-med-vaccinationsdata,733915,533070,200845
Denmark,2021-03-08,"Moderna, Oxford/AstraZeneca, Pfizer/BioNTech",https://covid19.ssi.dk/overvagningsdata/download-fil-med-vaccinationsdata,749915,542635,207280
Denmark,2021-03-09,"Moderna, Oxford/AstraZeneca, Pfizer/BioNTech",https://covid19.ssi.dk/overvagningsdata/download-fil-med-vaccinationsdata,767998,553512,214486
Denmark,2021-03-10,"Moderna, Oxford/AstraZeneca, Pfizer/BioNTech",https://covid19.ssi.dk/overvagningsdata/download-fil-med-vaccinationsdata,787254,565545,221709
Denmark,2021-03-11,"Moderna, Oxford/AstraZeneca, Pfizer/BioNTech",https://covid19.ssi.dk/overvagningsdata/download-fil-med-vaccinationsdata,799800,570096,229704
Denmark,2021-03-12,"Moderna, Oxford/AstraZeneca, Pfizer/BioNTech",https://covid19.ssi.dk/overvagningsdata/download-fil-med-vaccinationsdata,813721,573435,240286
Denmark,2021-03-13,"Moderna, Oxford/AstraZeneca, Pfizer/BioNTech",https://covid19.ssi.dk/overvagningsdata/download-fil-med-vaccinationsdata,824138,577944,246194
Denmark,2021-03-14,"Moderna, Oxford/AstraZeneca, Pfizer/BioNTech",https://covid19.ssi.dk/overvagningsdata/download-fil-med-vaccinationsdata,834728,579176,255552
Denmark,2021-03-15,"Moderna, Oxford/AstraZeneca, Pfizer/BioNTech",https://covid19.ssi.dk/overvagningsdata/download-fil-med-vaccinationsdata,847408,581991,265417
Denmark,2021-03-16,"Moderna, Oxford/AstraZeneca, Pfizer/BioNTech",https://covid19.ssi.dk/overvagningsdata/download-fil-med-vaccinationsdata,863660,588789,274871
Denmark,2021-03-17,"Moderna, Oxford/AstraZeneca, Pfizer/BioNTech",https://covid19.ssi.dk/overvagningsdata/download-fil-med-vaccinationsdata,883568,599531,284037
Denmark,2021-03-18,"Moderna, Oxford/AstraZeneca, Pfizer/BioNTech",https://covid19.ssi.dk/overvagningsdata/download-fil-med-vaccinationsdata,905475,614192,291283
Denmark,2021-03-19,"Moderna, Oxford/AstraZeneca, Pfizer/BioNTech",https://covid19.ssi.dk/overvagningsdata/download-fil-med-vaccinationsdata,925056,622027,303029
Denmark,2021-03-20,"Moderna, Oxford/AstraZeneca, Pfizer/BioNTech",https://covid19.ssi.dk/overvagningsdata/download-fil-med-vaccinationsdata,932844,624989,307855
Denmark,2021-03-21,"Moderna, Oxford/AstraZeneca, Pfizer/BioNTech",https://covid19.ssi.dk/overvagningsdata/download-fil-med-vaccinationsdata,942486,629963,312523
Denmark,2021-03-22,"Moderna, Oxford/AstraZeneca, Pfizer/BioNTech",https://covid19.ssi.dk/overvagningsdata/download-fil-med-vaccinationsdata,954362,634065,320297
Denmark,2021-03-23,"Moderna, Oxford/AstraZeneca, Pfizer/BioNTech",https://covid19.ssi.dk/overvagningsdata/download-fil-med-vaccinationsdata,968082,640194,327888
Denmark,2021-03-24,"Moderna, Oxford/AstraZeneca, Pfizer/BioNTech",https://covid19.ssi.dk/overvagningsdata/download-fil-med-vaccinationsdata,991432,650061,341371
Denmark,2021-03-25,"Moderna, Oxford/AstraZeneca, Pfizer/BioNTech",https://covid19.ssi.dk/overvagningsdata/download-fil-med-vaccinationsdata,1007619,657812,349807
Denmark,2021-03-26,"Moderna, Oxford/AstraZeneca, Pfizer/BioNTech",https://covid19.ssi.dk/overvagningsdata/download-fil-med-vaccinationsdata,1021664,663990,357674
Denmark,2021-03-27,"Moderna, Oxford/AstraZeneca, Pfizer/BioNTech",https://covid19.ssi.dk/overvagningsdata/download-fil-med-vaccinationsdata,1034769,673975,360794
Denmark,2021-03-28,"Moderna, Oxford/AstraZeneca, Pfizer/BioNTech",https://covid19.ssi.dk/overvagningsdata/download-fil-med-vaccinationsdata,1048376,684764,363612
Denmark,2021-03-29,"Moderna, Oxford/AstraZeneca, Pfizer/BioNTech",https://covid19.ssi.dk/overvagningsdata/download-fil-med-vaccinationsdata,1072612,702769,369843
Denmark,2021-03-30,"Moderna, Oxford/AstraZeneca, Pfizer/BioNTech",https://covid19.ssi.dk/overvagningsdata/download-fil-med-vaccinationsdata,1100336,724432,375904
Denmark,2021-03-31,"Moderna, Oxford/AstraZeneca, Pfizer/BioNTech",https://covid19.ssi.dk/overvagningsdata/download-fil-med-vaccinationsdata,1123238,737533,385705
Denmark,2021-04-01,"Moderna, Oxford/AstraZeneca, Pfizer/BioNTech",https://covid19.ssi.dk/overvagningsdata/download-fil-med-vaccinationsdata,1134414,741751,392663
Denmark,2021-04-02,"Moderna, Oxford/AstraZeneca, Pfizer/BioNTech",https://covid19.ssi.dk/overvagningsdata/download-fil-med-vaccinationsdata,1146342,746655,399687
Denmark,2021-04-03,"Moderna, Oxford/AstraZeneca, Pfizer/BioNTech",https://covid19.ssi.dk/overvagningsdata/download-fil-med-vaccinationsdata,1160658,758779,401879
Denmark,2021-04-04,"Moderna, Oxford/AstraZeneca, Pfizer/BioNTech",https://covid19.ssi.dk/overvagningsdata/download-fil-med-vaccinationsdata,1174135,770468,403667
Denmark,2021-04-05,"Moderna, Oxford/AstraZeneca, Pfizer/BioNTech",https://covid19.ssi.dk/overvagningsdata/download-fil-med-vaccinationsdata,1187797,782798,404999
Denmark,2021-04-06,"Moderna, Oxford/AstraZeneca, Pfizer/BioNTech",https://covid19.ssi.dk/overvagningsdata/download-fil-med-vaccinationsdata,1209962,798831,411131
Denmark,2021-04-07,"Moderna, Oxford/AstraZeneca, Pfizer/BioNTech",https://covid19.ssi.dk/overvagningsdata/download-fil-med-vaccinationsdata,1234912,815482,419430
Denmark,2021-04-08,"Moderna, Oxford/AstraZeneca, Pfizer/BioNTech",https://covid19.ssi.dk/overvagningsdata/download-fil-med-vaccinationsdata,1257285,829237,428048
Denmark,2021-04-09,"Moderna, Oxford/AstraZeneca, Pfizer/BioNTech",https://covid19.ssi.dk/overvagningsdata/download-fil-med-vaccinationsdata,1282498,845726,436772
Denmark,2021-04-10,"Moderna, Oxford/AstraZeneca, Pfizer/BioNTech",https://covid19.ssi.dk/overvagningsdata/download-fil-med-vaccinationsdata,1304745,862504,442241
Denmark,2021-04-11,"Moderna, Oxford/AstraZeneca, Pfizer/BioNTech",https://covid19.ssi.dk/overvagningsdata/download-fil-med-vaccinationsdata,1323578,877404,446174
Denmark,2021-04-12,"Moderna, Oxford/AstraZeneca, Pfizer/BioNTech",https://covid19.ssi.dk/overvagningsdata/download-fil-med-vaccinationsdata,1429268,971527,457741
Denmark,2021-04-13,"Moderna, Oxford/AstraZeneca, Pfizer/BioNTech",https://covid19.ssi.dk/overvagningsdata/download-fil-med-vaccinationsdata,1454069,990057,464012
Denmark,2021-04-14,"Moderna, Pfizer/BioNTech",https://covid19.ssi.dk/overvagningsdata/download-fil-med-vaccinationsdata,1476726,1001503,475223
Denmark,2021-04-15,"Moderna, Pfizer/BioNTech",https://covid19.ssi.dk/overvagningsdata/download-fil-med-vaccinationsdata,1501182,1016812,484370
Denmark,2021-04-16,"Moderna, Pfizer/BioNTech",https://covid19.ssi.dk/overvagningsdata/download-fil-med-vaccinationsdata,1526826,1034252,492574
Denmark,2021-04-17,"Moderna, Pfizer/BioNTech",https://covid19.ssi.dk/overvagningsdata/download-fil-med-vaccinationsdata,1548389,1053059,495330
Denmark,2021-04-18,"Moderna, Pfizer/BioNTech",https://covid19.ssi.dk/overvagningsdata/download-fil-med-vaccinationsdata,1568043,1067563,500480
Denmark,2021-04-19,"Moderna, Pfizer/BioNTech",https://covid19.ssi.dk/overvagningsdata/download-fil-med-vaccinationsdata,1607314,1092396,514918
Denmark,2021-04-20,"Moderna, Pfizer/BioNTech",https://covid19.ssi.dk/overvagningsdata/download-fil-med-vaccinationsdata,1646397,1114444,531953
Denmark,2021-04-21,"Moderna, Pfizer/BioNTech",https://covid19.ssi.dk/overvagningsdata/download-fil-med-vaccinationsdata,1681734,1136971,544763
Denmark,2021-04-22,"Moderna, Pfizer/BioNTech",https://covid19.ssi.dk/overvagningsdata/download-fil-med-vaccinationsdata,1715403,1165223,550180
Denmark,2021-04-23,"Moderna, Pfizer/BioNTech",https://covid19.ssi.dk/overvagningsdata/download-fil-med-vaccinationsdata,1748837,1187403,561434
Denmark,2021-04-24,"Moderna, Pfizer/BioNTech",https://covid19.ssi.dk/overvagningsdata/download-fil-med-vaccinationsdata,1771377,1202328,569049
Denmark,2021-04-25,"Moderna, Pfizer/BioNTech",https://covid19.ssi.dk/overvagningsdata/download-fil-med-vaccinationsdata,1791887,1217541,574346
Denmark,2021-04-26,"Moderna, Pfizer/BioNTech",https://covid19.ssi.dk/overvagningsdata/download-fil-med-vaccinationsdata,1831277,1249043,582234
Denmark,2021-04-27,"Moderna, Pfizer/BioNTech",https://covid19.ssi.dk/overvagningsdata/download-fil-med-vaccinationsdata,1878822,1275641,603181
Denmark,2021-04-28,"Moderna, Pfizer/BioNTech",https://covid19.ssi.dk/overvagningsdata/download-fil-med-vaccinationsdata,1923601,1299788,623813
Denmark,2021-04-29,"Moderna, Pfizer/BioNTech",https://covid19.ssi.dk/overvagningsdata/download-fil-med-vaccinationsdata,1967514,1325723,641791
Denmark,2021-04-30,"Moderna, Pfizer/BioNTech",https://covid19.ssi.dk/overvagningsdata/download-fil-med-vaccinationsdata,1984913,1339165,645748
Denmark,2021-05-01,"Moderna, Pfizer/BioNTech",https://covid19.ssi.dk/overvagningsdata/download-fil-med-vaccinationsdata,1998354,1346472,651882
Denmark,2021-05-02,"Moderna, Pfizer/BioNTech",https://covid19.ssi.dk/overvagningsdata/download-fil-med-vaccinationsdata,2028833,1363141,665692
Denmark,2021-05-03,"Moderna, Pfizer/BioNTech",https://covid19.ssi.dk/overvagningsdata/download-fil-med-vaccinationsdata,2095086,1383603,711483
Denmark,2021-05-04,"Moderna, Pfizer/BioNTech",https://covid19.ssi.dk/overvagningsdata/download-fil-med-vaccinationsdata,2147569,1411260,736309
Denmark,2021-05-05,"Moderna, Pfizer/BioNTech",https://covid19.ssi.dk/overvagningsdata/download-fil-med-vaccinationsdata,2203698,1438098,765600
Denmark,2021-05-06,"Moderna, Pfizer/BioNTech",https://covid19.ssi.dk/overvagningsdata/download-fil-med-vaccinationsdata,2250835,1459644,791191
Denmark,2021-05-07,"Moderna, Pfizer/BioNTech",https://covid19.ssi.dk/overvagningsdata/download-fil-med-vaccinationsdata,2291978,1476150,815828
Denmark,2021-05-08,"Moderna, Pfizer/BioNTech",https://covid19.ssi.dk/overvagningsdata/download-fil-med-vaccinationsdata,2332311,1485610,846701
Denmark,2021-05-09,"Moderna, Pfizer/BioNTech",https://covid19.ssi.dk/overvagningsdata/download-fil-med-vaccinationsdata,2364936,1501526,863410
Denmark,2021-05-10,"Moderna, Pfizer/BioNTech",https://covid19.ssi.dk/overvagningsdata/download-fil-med-vaccinationsdata,2427694,1528102,899592
Denmark,2021-05-11,"Moderna, Pfizer/BioNTech",https://covid19.ssi.dk/overvagningsdata/download-fil-med-vaccinationsdata,2483695,1557810,925885
Denmark,2021-05-12,"Moderna, Pfizer/BioNTech",https://covid19.ssi.dk/overvagningsdata/download-fil-med-vaccinationsdata,2536883,1583975,952908
Denmark,2021-05-13,"Moderna, Pfizer/BioNTech",https://covid19.ssi.dk/overvagningsdata/download-fil-med-vaccinationsdata,2576270,1603655,972615
Denmark,2021-05-14,"Moderna, Pfizer/BioNTech",https://covid19.ssi.dk/overvagningsdata/download-fil-med-vaccinationsdata,2627645,1624211,1003434
Denmark,2021-05-15,"Moderna, Pfizer/BioNTech",https://covid19.ssi.dk/overvagningsdata/download-fil-med-vaccinationsdata,2662523,1639623,1022900
Denmark,2021-05-16,"Moderna, Pfizer/BioNTech",https://covid19.ssi.dk/overvagningsdata/download-fil-med-vaccinationsdata,2696593,1659600,1036993
Denmark,2021-05-17,"Moderna, Pfizer/BioNTech",https://covid19.ssi.dk/overvagningsdata/download-fil-med-vaccinationsdata,2757806,1690637,1067169
Denmark,2021-05-18,"Moderna, Pfizer/BioNTech",https://covid19.ssi.dk/overvagningsdata/download-fil-med-vaccinationsdata,2818205,1720206,1097999
Denmark,2021-05-19,"Moderna, Pfizer/BioNTech",https://covid19.ssi.dk/overvagningsdata/download-fil-med-vaccinationsdata,2872622,1751959,1120663
Denmark,2021-05-20,"Moderna, Pfizer/BioNTech",https://covid19.ssi.dk/overvagningsdata/download-fil-med-vaccinationsdata,2927453,1784420,1143033
Denmark,2021-05-21,"Moderna, Pfizer/BioNTech",https://covid19.ssi.dk/overvagningsdata/download-fil-med-vaccinationsdata,2982017,1819704,1162313
Denmark,2021-05-22,"Moderna, Pfizer/BioNTech",https://covid19.ssi.dk/overvagningsdata/download-fil-med-vaccinationsdata,3019856,1845642,1174214
Denmark,2021-05-23,"Moderna, Pfizer/BioNTech",https://covid19.ssi.dk/overvagningsdata/download-fil-med-vaccinationsdata,3048638,1868227,1180411
Denmark,2021-05-24,"Moderna, Pfizer/BioNTech",https://covid19.ssi.dk/overvagningsdata/download-fil-med-vaccinationsdata,3081787,1891642,1190145
Denmark,2021-05-25,"Moderna, Pfizer/BioNTech",https://covid19.ssi.dk/overvagningsdata/download-fil-med-vaccinationsdata,3138146,1935106,1203040
Denmark,2021-05-26,"Moderna, Pfizer/BioNTech",https://covid19.ssi.dk/overvagningsdata/download-fil-med-vaccinationsdata,3197719,1982540,1215179
Denmark,2021-05-27,"Johnson&Johnson, Moderna, Pfizer/BioNTech",https://covid19.ssi.dk/overvagningsdata/download-fil-med-vaccinationsdata,,2031873,1227588
Denmark,2021-05-28,"Johnson&Johnson, Moderna, Pfizer/BioNTech",https://covid19.ssi.dk/overvagningsdata/download-fil-med-vaccinationsdata,,2072911,1237343
Denmark,2021-05-29,"Johnson&Johnson, Moderna, Pfizer/BioNTech",https://covid19.ssi.dk/overvagningsdata/download-fil-med-vaccinationsdata,,2102749,1242576
Denmark,2021-05-30,"Johnson&Johnson, Moderna, Pfizer/BioNTech",https://covid19.ssi.dk/overvagningsdata/download-fil-med-vaccinationsdata,,2128573,1249551
Denmark,2021-05-31,"Johnson&Johnson, Moderna, Pfizer/BioNTech",https://covid19.ssi.dk/overvagningsdata/download-fil-med-vaccinationsdata,,2164718,1271076
Denmark,2021-06-01,"Johnson&Johnson, Moderna, Pfizer/BioNTech",https://covid19.ssi.dk/overvagningsdata/download-fil-med-vaccinationsdata,,2204444,1288779
Denmark,2021-06-02,"Johnson&Johnson, Moderna, Pfizer/BioNTech",https://covid19.ssi.dk/overvagningsdata/download-fil-med-vaccinationsdata,,2247064,1306195
Denmark,2021-06-03,"Johnson&Johnson, Moderna, Pfizer/BioNTech",https://covid19.ssi.dk/overvagningsdata/download-fil-med-vaccinationsdata,,2283298,1329946
Denmark,2021-06-04,"Johnson&Johnson, Moderna, Pfizer/BioNTech",https://covid19.ssi.dk/overvagningsdata/download-fil-med-vaccinationsdata,,2324725,1344258
Denmark,2021-06-05,"Johnson&Johnson, Moderna, Pfizer/BioNTech",https://covid19.ssi.dk/overvagningsdata/download-fil-med-vaccinationsdata,,2359744,1351784
Denmark,2021-06-06,"Johnson&Johnson, Moderna, Pfizer/BioNTech",https://covid19.ssi.dk/overvagningsdata/download-fil-med-vaccinationsdata,,2389723,1366951
Denmark,2021-06-07,"Johnson&Johnson, Moderna, Pfizer/BioNTech",https://covid19.ssi.dk/overvagningsdata/download-fil-med-vaccinationsdata,,2443340,1388840
Denmark,2021-06-08,"Johnson&Johnson, Moderna, Pfizer/BioNTech",https://covid19.ssi.dk/overvagningsdata/download-fil-med-vaccinationsdata,,2496858,1413546
Denmark,2021-06-09,"Johnson&Johnson, Moderna, Pfizer/BioNTech",https://covid19.ssi.dk/overvagningsdata/download-fil-med-vaccinationsdata,,2549681,1437804
Denmark,2021-06-10,"Johnson&Johnson, Moderna, Pfizer/BioNTech",https://covid19.ssi.dk/overvagningsdata/download-fil-med-vaccinationsdata,,2608580,1455347
Denmark,2021-06-11,"Johnson&Johnson, Moderna, Pfizer/BioNTech",https://covid19.ssi.dk/overvagningsdata/download-fil-med-vaccinationsdata,,2657118,1473713
Denmark,2021-06-12,"Johnson&Johnson, Moderna, Pfizer/BioNTech",https://covid19.ssi.dk/overvagningsdata/download-fil-med-vaccinationsdata,,2690737,1486636
Denmark,2021-06-13,"Johnson&Johnson, Moderna, Pfizer/BioNTech",https://covid19.ssi.dk/overvagningsdata/download-fil-med-vaccinationsdata,,2724398,1500055
Denmark,2021-06-14,"Johnson&Johnson, Moderna, Pfizer/BioNTech",https://covid19.ssi.dk/overvagningsdata/download-fil-med-vaccinationsdata,,2776907,1522184
Denmark,2021-06-15,"Johnson&Johnson, Moderna, Pfizer/BioNTech",https://covid19.ssi.dk/overvagningsdata/download-fil-med-vaccinationsdata,,2837321,1540827
Denmark,2021-06-16,"Johnson&Johnson, Moderna, Pfizer/BioNTech",https://covid19.ssi.dk/overvagningsdata/download-fil-med-vaccinationsdata,,2889245,1566819
Denmark,2021-06-17,"Johnson&Johnson, Moderna, Pfizer/BioNTech",https://covid19.ssi.dk/overvagningsdata/download-fil-med-vaccinationsdata,,2940278,1588446
Denmark,2021-06-18,"Johnson&Johnson, Moderna, Pfizer/BioNTech",https://covid19.ssi.dk/overvagningsdata/download-fil-med-vaccinationsdata,,2975180,1615669
Denmark,2021-06-19,"Johnson&Johnson, Moderna, Pfizer/BioNTech",https://covid19.ssi.dk/overvagningsdata/download-fil-med-vaccinationsdata,,2998930,1633719
Denmark,2021-06-20,"Johnson&Johnson, Moderna, Pfizer/BioNTech",https://covid19.ssi.dk/overvagningsdata/download-fil-med-vaccinationsdata,,3028104,1649449
Denmark,2021-06-21,"Johnson&Johnson, Moderna, Pfizer/BioNTech",https://covid19.ssi.dk/overvagningsdata/download-fil-med-vaccinationsdata,,3067519,1675470
Denmark,2021-06-22,"Johnson&Johnson, Moderna, Pfizer/BioNTech",https://covid19.ssi.dk/overvagningsdata/download-fil-med-vaccinationsdata,,3113867,1702572
Denmark,2021-06-23,"Johnson&Johnson, Moderna, Pfizer/BioNTech",https://covid19.ssi.dk/overvagningsdata/download-fil-med-vaccinationsdata,,3152210,1735192
Denmark,2021-06-24,"Johnson&Johnson, Moderna, Pfizer/BioNTech",https://covid19.ssi.dk/overvagningsdata/download-fil-med-vaccinationsdata,,3185918,1769668
Denmark,2021-06-25,"Johnson&Johnson, Moderna, Pfizer/BioNTech",https://covid19.ssi.dk/overvagningsdata/download-fil-med-vaccinationsdata,,3215003,1802446
Denmark,2021-06-26,"Johnson&Johnson, Moderna, Pfizer/BioNTech",https://covid19.ssi.dk/overvagningsdata/download-fil-med-vaccinationsdata,,3234018,1825025
Denmark,2021-06-27,"Johnson&Johnson, Moderna, Pfizer/BioNTech",https://covid19.ssi.dk/overvagningsdata/download-fil-med-vaccinationsdata,,3250147,1849290
Denmark,2021-06-28,"Johnson&Johnson, Moderna, Pfizer/BioNTech",https://covid19.ssi.dk/overvagningsdata/download-fil-med-vaccinationsdata,,3280608,1883566
Denmark,2021-06-29,"Johnson&Johnson, Moderna, Pfizer/BioNTech",https://covid19.ssi.dk/overvagningsdata/download-fil-med-vaccinationsdata,,3311014,1925779
Denmark,2021-06-30,"Johnson&Johnson, Moderna, Pfizer/BioNTech",https://covid19.ssi.dk/overvagningsdata/download-fil-med-vaccinationsdata,,3343711,1964365
Denmark,2021-07-01,"Johnson&Johnson, Moderna, Pfizer/BioNTech",https://covid19.ssi.dk/overvagningsdata/download-fil-med-vaccinationsdata,,3375347,2004980
Denmark,2021-07-02,"Johnson&Johnson, Moderna, Pfizer/BioNTech",https://covid19.ssi.dk/overvagningsdata/download-fil-med-vaccinationsdata,,3394831,2049018
Denmark,2021-07-03,"Johnson&Johnson, Moderna, Pfizer/BioNTech",https://covid19.ssi.dk/overvagningsdata/download-fil-med-vaccinationsdata,,3406361,2081706
Denmark,2021-07-04,"Johnson&Johnson, Moderna, Pfizer/BioNTech",https://covid19.ssi.dk/overvagningsdata/download-fil-med-vaccinationsdata,,3419146,2111046
Denmark,2021-07-05,"Johnson&Johnson, Moderna, Pfizer/BioNTech",https://covid19.ssi.dk/overvagningsdata/download-fil-med-vaccinationsdata,,3451599,2154097
Denmark,2021-07-06,"Johnson&Johnson, Moderna, Pfizer/BioNTech",https://covid19.ssi.dk/overvagningsdata/download-fil-med-vaccinationsdata,,3491761,2196319
Denmark,2021-07-07,"Johnson&Johnson, Moderna, Pfizer/BioNTech",https://covid19.ssi.dk/overvagningsdata/download-fil-med-vaccinationsdata,,3538137,2235906
Denmark,2021-07-08,"Johnson&Johnson, Moderna, Pfizer/BioNTech",https://covid19.ssi.dk/overvagningsdata/download-fil-med-vaccinationsdata,,3585356,2272744
Denmark,2021-07-09,"Johnson&Johnson, Moderna, Pfizer/BioNTech",https://covid19.ssi.dk/overvagningsdata/download-fil-med-vaccinationsdata,,3630423,2305840
Denmark,2021-07-10,"Johnson&Johnson, Moderna, Pfizer/BioNTech",https://covid19.ssi.dk/overvagningsdata/download-fil-med-vaccinationsdata,5942561,3661219,2327478
