location,date,vaccine,source_url,total_vaccinations,people_vaccinated,people_fully_vaccinated
Fiji,2021-03-17,Oxford/AstraZeneca,https://reliefweb.int/report/fiji/fiji-starts-covid-19-vaccination,0,0,
Fiji,2021-04-13,Oxford/AstraZeneca,https://stats.pacificdata.org/vis?tm=covid&pg=0&df[ds]=SPC2&df[id]=DF_COVID_VACCINATION&df[ag]=SPC&df[vs]=1.0,6278,6278,
Fiji,2021-04-15,Oxford/AstraZeneca,https://www.bignewsnetwork.com/news/268723193/fiji-hopes-to-complete-administering-all-available-covid-19-vaccines-soon,27705,27705,0
Fiji,2021-04-16,Oxford/AstraZeneca,https://twitter.com/FijiPM/status/1382948915968823298,56000,56000,0
Fiji,2021-04-20,Oxford/AstraZeneca,https://stats.pacificdata.org/vis?tm=covid&pg=0&df[ds]=SPC2&df[id]=DF_COVID_VACCINATION&df[ag]=SPC&df[vs]=1.0,56000,56000,
Fiji,2021-05-11,Oxford/AstraZeneca,https://stats.pacificdata.org/vis?tm=covid&pg=0&df[ds]=SPC2&df[id]=DF_COVID_VACCINATION&df[ag]=SPC&df[vs]=1.0,93000,93000,
Fiji,2021-05-25,Oxford/AstraZeneca,http://www.health.gov.fj/covid-19-situation-update-5/,109927,107014,2913
Fiji,2021-06-01,Oxford/AstraZeneca,https://stats.pacificdata.org/vis?tm=covid&pg=0&df[ds]=SPC2&df[id]=DF_COVID_VACCINATION&df[ag]=SPC&df[vs]=1.0,136247,136247,
Fiji,2021-06-08,Oxford/AstraZeneca,https://stats.pacificdata.org/vis?tm=covid&pg=0&df[ds]=SPC2&df[id]=DF_COVID_VACCINATION&df[ag]=SPC&df[vs]=1.0,223429,218830,4599
Fiji,2021-06-15,Oxford/AstraZeneca,https://stats.pacificdata.org/vis?tm=covid&pg=0&df[ds]=SPC2&df[id]=DF_COVID_VACCINATION&df[ag]=SPC&df[vs]=1.0,242539,237940,4599
Fiji,2021-06-21,Oxford/AstraZeneca,https://stats.pacificdata.org/vis?tm=covid&pg=0&df[ds]=SPC2&df[id]=DF_COVID_VACCINATION&df[ag]=SPC&df[vs]=1.0,274008,256018,17990
Fiji,2021-06-29,Oxford/AstraZeneca,https://stats.pacificdata.org/vis?tm=covid&pg=0&df[ds]=SPC2&df[id]=DF_COVID_VACCINATION&df[ag]=SPC&df[vs]=1.0,322299,278954,43345
Fiji,2021-07-06,Oxford/AstraZeneca,https://stats.pacificdata.org/vis?tm=covid&pg=0&df[ds]=SPC2&df[id]=DF_COVID_VACCINATION&df[ag]=SPC&df[vs]=1.0,379199,324462,54737
