location,date,vaccine,source_url,total_vaccinations,people_vaccinated,people_fully_vaccinated
Finland,2020-12-31,Pfizer/BioNTech,https://github.com/HS-Datadesk/koronavirus-avoindata,1767,,
Finland,2021-01-04,Pfizer/BioNTech,https://github.com/HS-Datadesk/koronavirus-avoindata,3604,,
Finland,2021-01-05,Pfizer/BioNTech,https://github.com/HS-Datadesk/koronavirus-avoindata,5445,,
Finland,2021-01-07,Pfizer/BioNTech,https://github.com/HS-Datadesk/koronavirus-avoindata,8155,,
Finland,2021-01-08,Pfizer/BioNTech,https://github.com/HS-Datadesk/koronavirus-avoindata,11135,,
Finland,2021-01-11,Pfizer/BioNTech,https://github.com/HS-Datadesk/koronavirus-avoindata,14196,,
Finland,2021-01-12,Pfizer/BioNTech,https://github.com/HS-Datadesk/koronavirus-avoindata,17617,,
Finland,2021-01-13,Pfizer/BioNTech,https://github.com/HS-Datadesk/koronavirus-avoindata,23126,,
Finland,2021-01-14,Pfizer/BioNTech,https://github.com/HS-Datadesk/koronavirus-avoindata,33033,,
Finland,2021-01-15,Pfizer/BioNTech,https://github.com/HS-Datadesk/koronavirus-avoindata,43143,,
Finland,2021-01-18,Pfizer/BioNTech,https://github.com/HS-Datadesk/koronavirus-avoindata,54568,,
Finland,2021-01-19,Pfizer/BioNTech,https://github.com/HS-Datadesk/koronavirus-avoindata,55824,,
Finland,2021-01-20,Pfizer/BioNTech,https://github.com/HS-Datadesk/koronavirus-avoindata,62061,,
Finland,2021-01-21,Pfizer/BioNTech,https://github.com/HS-Datadesk/koronavirus-avoindata,78300,,
Finland,2021-01-22,Pfizer/BioNTech,https://github.com/HS-Datadesk/koronavirus-avoindata,91260,,
Finland,2021-01-25,Pfizer/BioNTech,https://www.thl.fi/episeuranta/rokotukset/koronarokotusten_edistyminen.html,110651,106098,4553
Finland,2021-01-26,Pfizer/BioNTech,https://www.thl.fi/episeuranta/rokotukset/koronarokotusten_edistyminen.html,117007,110047,6960
Finland,2021-01-27,Pfizer/BioNTech,https://www.thl.fi/episeuranta/rokotukset/koronarokotusten_edistyminen.html,126910,117555,9355
Finland,2021-01-28,Pfizer/BioNTech,https://www.thl.fi/episeuranta/rokotukset/koronarokotusten_edistyminen.html,138323,127783,10540
Finland,2021-01-29,Pfizer/BioNTech,https://www.thl.fi/episeuranta/rokotukset/koronarokotusten_edistyminen.html,151790,137551,14239
Finland,2021-01-30,Pfizer/BioNTech,https://www.thl.fi/episeuranta/rokotukset/koronarokotusten_edistyminen.html,162277,144520,17757
Finland,2021-02-01,Pfizer/BioNTech,https://www.thl.fi/episeuranta/rokotukset/koronarokotusten_edistyminen.html,163760,145557,18203
Finland,2021-02-02,Pfizer/BioNTech,https://www.thl.fi/episeuranta/rokotukset/koronarokotusten_edistyminen.html,163973,145770,18203
Finland,2021-02-03,Pfizer/BioNTech,https://www.thl.fi/episeuranta/rokotukset/koronarokotusten_edistyminen.html,173372,149951,23421
Finland,2021-02-04,Pfizer/BioNTech,https://www.thl.fi/episeuranta/rokotukset/koronarokotusten_edistyminen.html,193917,159624,34293
Finland,2021-02-05,Pfizer/BioNTech,https://www.thl.fi/episeuranta/rokotukset/koronarokotusten_edistyminen.html,207303,164636,42667
Finland,2021-02-06,Pfizer/BioNTech,https://www.thl.fi/episeuranta/rokotukset/koronarokotusten_edistyminen.html,217844,169194,48650
Finland,2021-02-07,Pfizer/BioNTech,https://www.thl.fi/episeuranta/rokotukset/koronarokotusten_edistyminen.html,220116,170335,49781
Finland,2021-02-08,"Moderna, Oxford/AstraZeneca, Pfizer/BioNTech",https://www.thl.fi/episeuranta/rokotukset/koronarokotusten_edistyminen.html,220636,170641,49995
Finland,2021-02-09,"Moderna, Oxford/AstraZeneca, Pfizer/BioNTech",https://www.thl.fi/episeuranta/rokotukset/koronarokotusten_edistyminen.html,227427,173558,53869
Finland,2021-02-10,"Moderna, Oxford/AstraZeneca, Pfizer/BioNTech",https://www.thl.fi/episeuranta/rokotukset/koronarokotusten_edistyminen.html,233775,178005,55770
Finland,2021-02-11,"Moderna, Oxford/AstraZeneca, Pfizer/BioNTech",https://www.thl.fi/episeuranta/rokotukset/koronarokotusten_edistyminen.html,247536,187384,60152
Finland,2021-02-12,"Moderna, Oxford/AstraZeneca, Pfizer/BioNTech",https://www.thl.fi/episeuranta/rokotukset/koronarokotusten_edistyminen.html,261342,197540,63802
Finland,2021-02-13,"Moderna, Oxford/AstraZeneca, Pfizer/BioNTech",https://www.thl.fi/episeuranta/rokotukset/koronarokotusten_edistyminen.html,273115,206283,66832
Finland,2021-02-14,"Moderna, Oxford/AstraZeneca, Pfizer/BioNTech",https://www.thl.fi/episeuranta/rokotukset/koronarokotusten_edistyminen.html,276469,209510,66959
Finland,2021-02-15,"Moderna, Oxford/AstraZeneca, Pfizer/BioNTech",https://www.thl.fi/episeuranta/rokotukset/koronarokotusten_edistyminen.html,277186,210194,66992
Finland,2021-02-16,"Moderna, Oxford/AstraZeneca, Pfizer/BioNTech",https://www.thl.fi/episeuranta/rokotukset/koronarokotusten_edistyminen.html,283926,216463,67463
Finland,2021-02-17,"Moderna, Oxford/AstraZeneca, Pfizer/BioNTech",https://www.thl.fi/episeuranta/rokotukset/koronarokotusten_edistyminen.html,298189,229558,68631
Finland,2021-02-18,"Moderna, Oxford/AstraZeneca, Pfizer/BioNTech",https://www.thl.fi/episeuranta/rokotukset/koronarokotusten_edistyminen.html,314100,243973,70127
Finland,2021-02-19,"Moderna, Oxford/AstraZeneca, Pfizer/BioNTech",https://www.thl.fi/episeuranta/rokotukset/koronarokotusten_edistyminen.html,333631,262145,71486
Finland,2021-02-20,"Moderna, Oxford/AstraZeneca, Pfizer/BioNTech",https://www.thl.fi/episeuranta/rokotukset/koronarokotusten_edistyminen.html,349139,276280,72859
Finland,2021-02-24,"Moderna, Oxford/AstraZeneca, Pfizer/BioNTech",https://www.thl.fi/episeuranta/rokotukset/koronarokotusten_edistyminen.html,377441,302342,75099
Finland,2021-02-25,"Moderna, Oxford/AstraZeneca, Pfizer/BioNTech",https://www.thl.fi/episeuranta/rokotukset/koronarokotusten_edistyminen.html,396861,319559,77302
Finland,2021-02-26,"Moderna, Oxford/AstraZeneca, Pfizer/BioNTech",https://www.thl.fi/episeuranta/rokotukset/koronarokotusten_edistyminen.html,426806,347082,79724
Finland,2021-02-27,"Moderna, Oxford/AstraZeneca, Pfizer/BioNTech",https://www.thl.fi/episeuranta/rokotukset/koronarokotusten_edistyminen.html,442671,361744,80927
Finland,2021-02-28,"Moderna, Oxford/AstraZeneca, Pfizer/BioNTech",https://www.thl.fi/episeuranta/rokotukset/koronarokotusten_edistyminen.html,451999,370874,81125
Finland,2021-03-01,"Moderna, Oxford/AstraZeneca, Pfizer/BioNTech",https://sampo.thl.fi/pivot/prod/en/vaccreg/cov19cov/fact_cov19cov?column=measure-533185.533172.433796.533175&row=cov_vac_dose-533174L,466538,384476,82062
Finland,2021-03-03,"Moderna, Oxford/AstraZeneca, Pfizer/BioNTech",https://sampo.thl.fi/pivot/prod/en/vaccreg/cov19cov/fact_cov19cov?column=measure-533185.533172.433796.533175&row=cov_vac_dose-533174L,487619,404436,83183
Finland,2021-03-04,"Moderna, Oxford/AstraZeneca, Pfizer/BioNTech",https://sampo.thl.fi/pivot/prod/en/vaccreg/cov19cov/fact_cov19cov?column=measure-533185.533172.433796.533175&row=cov_vac_dose-533174L,509187,425545,83642
Finland,2021-03-05,"Moderna, Oxford/AstraZeneca, Pfizer/BioNTech",https://sampo.thl.fi/pivot/prod/en/vaccreg/cov19cov/fact_cov19cov?column=measure-533185.533172.433796.533175&row=cov_vac_dose-533174L,532902,448680,84222
Finland,2021-03-06,"Moderna, Oxford/AstraZeneca, Pfizer/BioNTech",https://sampo.thl.fi/pivot/prod/en/vaccreg/cov19cov/fact_cov19cov?column=measure-533185.533172.433796.533175&row=cov_vac_dose-533174L,565456,480647,84809
Finland,2021-03-08,"Moderna, Oxford/AstraZeneca, Pfizer/BioNTech",https://sampo.thl.fi/pivot/prod/en/vaccreg/cov19cov/fact_cov19cov?column=measure-533185.533172.433796.533175&row=cov_vac_dose-533174L,566387,481577,84810
Finland,2021-03-09,"Moderna, Oxford/AstraZeneca, Pfizer/BioNTech",https://sampo.thl.fi/pivot/prod/en/vaccreg/cov19cov/fact_cov19cov?column=measure-533185.533172.433796.533175&row=cov_vac_dose-533174L,575749,490735,85014
Finland,2021-03-10,"Moderna, Oxford/AstraZeneca, Pfizer/BioNTech",https://sampo.thl.fi/pivot/prod/en/vaccreg/cov19cov/fact_cov19cov?column=measure-533185.533172.433796.533175&row=cov_vac_dose-533174L,600476,515218,85258
Finland,2021-03-11,"Moderna, Oxford/AstraZeneca, Pfizer/BioNTech",https://sampo.thl.fi/pivot/prod/en/vaccreg/cov19cov/fact_cov19cov?column=measure-533185.533172.433796.533175&row=cov_vac_dose-533174L,625039,539618,85421
Finland,2021-03-12,"Moderna, Oxford/AstraZeneca, Pfizer/BioNTech",https://sampo.thl.fi/pivot/prod/en/vaccreg/cov19cov/fact_cov19cov?column=measure-533185.533172.433796.533175&row=cov_vac_dose-533174L,651289,565463,85826
Finland,2021-03-13,"Moderna, Oxford/AstraZeneca, Pfizer/BioNTech",https://sampo.thl.fi/pivot/prod/en/vaccreg/cov19cov/fact_cov19cov?column=measure-533185.533172.433796.533175&row=cov_vac_dose-533174L,674128,587848,86280
Finland,2021-03-14,"Moderna, Oxford/AstraZeneca, Pfizer/BioNTech",https://sampo.thl.fi/pivot/prod/en/vaccreg/cov19cov/fact_cov19cov?column=measure-533185.533172.433796.533175&row=cov_vac_dose-533174L,682945,596638,86307
Finland,2021-03-15,"Moderna, Oxford/AstraZeneca, Pfizer/BioNTech",https://sampo.thl.fi/pivot/prod/en/vaccreg/cov19cov/fact_cov19cov?column=measure-533185.533172.433796.533175&row=cov_vac_dose-533174L,683782,597471,86311
Finland,2021-03-16,"Moderna, Oxford/AstraZeneca, Pfizer/BioNTech",https://sampo.thl.fi/pivot/prod/en/vaccreg/cov19cov/fact_cov19cov?column=measure-533185.533172.433796.533175&row=cov_vac_dose-533174L,697411,610873,86538
Finland,2021-03-17,"Moderna, Oxford/AstraZeneca, Pfizer/BioNTech",https://sampo.thl.fi/pivot/prod/en/vaccreg/cov19cov/fact_cov19cov?column=measure-533185.533172.433796.533175&row=cov_vac_dose-533174L,723154,636349,86805
Finland,2021-03-18,"Moderna, Oxford/AstraZeneca, Pfizer/BioNTech",https://sampo.thl.fi/pivot/prod/en/vaccreg/cov19cov/fact_cov19cov?column=measure-533185.533172.433796.533175&row=cov_vac_dose-533174L,758780,671647,87133
Finland,2021-03-19,"Moderna, Oxford/AstraZeneca, Pfizer/BioNTech",https://sampo.thl.fi/pivot/prod/en/vaccreg/cov19cov/fact_cov19cov?column=measure-533185.533172.433796.533175&row=cov_vac_dose-533174L,788536,701203,87333
Finland,2021-03-20,"Moderna, Oxford/AstraZeneca, Pfizer/BioNTech",https://sampo.thl.fi/pivot/prod/en/vaccreg/cov19cov/fact_cov19cov?column=measure-533185.533172.433796.533175&row=cov_vac_dose-533174L,812039,724524,87515
Finland,2021-03-21,"Moderna, Oxford/AstraZeneca, Pfizer/BioNTech",https://sampo.thl.fi/pivot/prod/en/vaccreg/cov19cov/fact_cov19cov?column=measure-533185.533172.433796.533175&row=cov_vac_dose-533174L,819654,732121,87533
Finland,2021-03-22,"Moderna, Oxford/AstraZeneca, Pfizer/BioNTech",https://sampo.thl.fi/pivot/prod/en/vaccreg/cov19cov/fact_cov19cov?column=measure-533185.533172.433796.533175&row=cov_vac_dose-533174L,821334,733798,87536
Finland,2021-03-23,"Moderna, Oxford/AstraZeneca, Pfizer/BioNTech",https://sampo.thl.fi/pivot/prod/en/vaccreg/cov19cov/fact_cov19cov?column=measure-533185.533172.433796.533175&row=cov_vac_dose-533174L,830412,742812,87600
Finland,2021-03-24,"Moderna, Oxford/AstraZeneca, Pfizer/BioNTech",https://sampo.thl.fi/pivot/prod/en/vaccreg/cov19cov/fact_cov19cov?column=measure-533185.533172.433796.533175&row=cov_vac_dose-533174L,847501,759827,87674
Finland,2021-03-25,"Moderna, Oxford/AstraZeneca, Pfizer/BioNTech",https://sampo.thl.fi/pivot/prod/en/vaccreg/cov19cov/fact_cov19cov?column=measure-533185.533172.433796.533175&row=cov_vac_dose-533174L,871543,783740,87803
Finland,2021-03-26,"Moderna, Oxford/AstraZeneca, Pfizer/BioNTech",https://sampo.thl.fi/pivot/prod/en/vaccreg/cov19cov/fact_cov19cov?column=measure-533185.533172.433796.533175&row=cov_vac_dose-533174L,898208,809974,88234
Finland,2021-03-27,"Moderna, Oxford/AstraZeneca, Pfizer/BioNTech",https://sampo.thl.fi/pivot/prod/en/vaccreg/cov19cov/fact_cov19cov?column=measure-533185.533172.433796.533175&row=cov_vac_dose-533174L,921123,832602,88521
Finland,2021-03-29,"Moderna, Oxford/AstraZeneca, Pfizer/BioNTech",https://sampo.thl.fi/pivot/prod/en/vaccreg/cov19cov/fact_cov19cov?column=measure-533185.533172.433796.533175&row=cov_vac_dose-533174L,932253,843706,88547
Finland,2021-03-30,"Moderna, Oxford/AstraZeneca, Pfizer/BioNTech",https://sampo.thl.fi/pivot/prod/en/vaccreg/cov19cov/fact_cov19cov?column=measure-533185.533172.433796.533175&row=cov_vac_dose-533174L,951354,862639,88715
Finland,2021-03-31,"Moderna, Oxford/AstraZeneca, Pfizer/BioNTech",https://sampo.thl.fi/pivot/prod/en/vaccreg/cov19cov/fact_cov19cov?column=measure-533185.533172.433796.533175&row=cov_vac_dose-533174L,981534,892580,88954
Finland,2021-04-01,"Moderna, Oxford/AstraZeneca, Pfizer/BioNTech",https://sampo.thl.fi/pivot/prod/en/vaccreg/cov19cov/fact_cov19cov?column=measure-533185.533172.433796.533175&row=cov_vac_dose-533174L,1020206,930842,89364
Finland,2021-04-02,"Moderna, Oxford/AstraZeneca, Pfizer/BioNTech",https://sampo.thl.fi/pivot/prod/en/vaccreg/cov19cov/fact_cov19cov?column=measure-533185.533172.433796.533175&row=cov_vac_dose-533174L,1054985,965298,89687
Finland,2021-04-03,"Moderna, Oxford/AstraZeneca, Pfizer/BioNTech",https://sampo.thl.fi/pivot/prod/en/vaccreg/cov19cov/fact_cov19cov?column=measure-533185.533172.433796.533175&row=cov_vac_dose-533174L,1061536,971827,89709
Finland,2021-04-04,"Moderna, Oxford/AstraZeneca, Pfizer/BioNTech",https://sampo.thl.fi/pivot/prod/en/vaccreg/cov19cov/fact_cov19cov?column=measure-533185.533172.433796.533175&row=cov_vac_dose-533174L,1063590,973876,89714
Finland,2021-04-05,"Moderna, Oxford/AstraZeneca, Pfizer/BioNTech",https://sampo.thl.fi/pivot/prod/en/vaccreg/cov19cov/fact_cov19cov?column=measure-533185.533172.433796.533175&row=cov_vac_dose-533174L,1063870,974153,89717
Finland,2021-04-06,"Moderna, Oxford/AstraZeneca, Pfizer/BioNTech",https://sampo.thl.fi/pivot/prod/en/vaccreg/cov19cov/fact_cov19cov?column=measure-533185.533172.433796.533175&row=cov_vac_dose-533174L,1065419,975697,89722
Finland,2021-04-07,"Moderna, Oxford/AstraZeneca, Pfizer/BioNTech",https://sampo.thl.fi/pivot/prod/en/vaccreg/cov19cov/fact_cov19cov?column=measure-533185.533172.433796.533175&row=cov_vac_dose-533174L,1083567,993227,90340
Finland,2021-04-08,"Moderna, Oxford/AstraZeneca, Pfizer/BioNTech",https://sampo.thl.fi/pivot/prod/en/vaccreg/cov19cov/fact_cov19cov?column=measure-533185.533172.433796.533175&row=cov_vac_dose-533174L,1120653,1028848,91805
Finland,2021-04-09,"Moderna, Oxford/AstraZeneca, Pfizer/BioNTech",https://sampo.thl.fi/pivot/prod/en/vaccreg/cov19cov/fact_cov19cov?column=measure-533185.533172.433796.533175&row=cov_vac_dose-533174L,1160319,1066860,93459
Finland,2021-04-10,"Moderna, Oxford/AstraZeneca, Pfizer/BioNTech",https://sampo.thl.fi/pivot/prod/en/vaccreg/cov19cov/fact_cov19cov?column=measure-533185.533172.433796.533175&row=cov_vac_dose-533174L,1186035,1091652,94383
Finland,2021-04-11,"Moderna, Oxford/AstraZeneca, Pfizer/BioNTech",https://sampo.thl.fi/pivot/prod/en/vaccreg/cov19cov/fact_cov19cov?column=measure-533185.533172.433796.533175&row=cov_vac_dose-533174L,1219580,1124365,95215
Finland,2021-04-12,"Moderna, Oxford/AstraZeneca, Pfizer/BioNTech",https://sampo.thl.fi/pivot/prod/en/vaccreg/cov19cov/fact_cov19cov?column=measure-533185.533172.433796.533175&row=cov_vac_dose-533174L,1229239,1133993,95246
Finland,2021-04-13,"Moderna, Oxford/AstraZeneca, Pfizer/BioNTech",https://sampo.thl.fi/pivot/prod/en/vaccreg/cov19cov/fact_cov19cov?column=measure-533185.533172.433796.533175&row=cov_vac_dose-533174L,1293219,1190340,102879
Finland,2021-04-15,"Moderna, Oxford/AstraZeneca, Pfizer/BioNTech",https://sampo.thl.fi/pivot/prod/en/vaccreg/cov19cov/fact_cov19cov?column=measure-533185.533172.433796.533175&row=cov_vac_dose-533174L,1340701,1230792,109909
Finland,2021-04-16,"Moderna, Oxford/AstraZeneca, Pfizer/BioNTech",https://sampo.thl.fi/pivot/prod/en/vaccreg/cov19cov/fact_cov19cov?column=measure-533185.533172.433796.533175&row=cov_vac_dose-533174L,1384090,1267678,116412
Finland,2021-04-18,"Moderna, Oxford/AstraZeneca, Pfizer/BioNTech",https://sampo.thl.fi/pivot/prod/en/vaccreg/cov19cov/fact_cov19cov?column=measure-533185.533172.433796.533175&row=cov_vac_dose-533174L,1440648,1318725,121923
Finland,2021-04-19,"Moderna, Oxford/AstraZeneca, Pfizer/BioNTech",https://sampo.thl.fi/pivot/prod/en/vaccreg/cov19cov/fact_cov19cov?column=measure-533185.533172.433796.533175&row=cov_vac_dose-533174L,1444597,1321867,122730
Finland,2021-04-20,"Moderna, Oxford/AstraZeneca, Pfizer/BioNTech",https://sampo.thl.fi/pivot/prod/en/vaccreg/cov19cov/fact_cov19cov?column=measure-533185.533172.433796.533175&row=cov_vac_dose-533174L,1471536,1346684,124852
Finland,2021-04-21,"Moderna, Oxford/AstraZeneca, Pfizer/BioNTech",https://sampo.thl.fi/pivot/prod/en/vaccreg/cov19cov/fact_cov19cov?column=measure-533185.533172.433796.533175&row=cov_vac_dose-533174L,1570979,1430756,140223
Finland,2021-04-23,"Moderna, Oxford/AstraZeneca, Pfizer/BioNTech",https://sampo.thl.fi/pivot/prod/en/vaccreg/cov19cov/fact_cov19cov?column=measure-533185.533172.433796.533175&row=cov_vac_dose-533174L,1633376,1485461,147915
Finland,2021-04-25,"Moderna, Oxford/AstraZeneca, Pfizer/BioNTech",https://sampo.thl.fi/pivot/prod/en/vaccreg/cov19cov/fact_cov19cov?column=measure-533185.533172.433796.533175&row=cov_vac_dose-533174L,1683060,1529600,153460
Finland,2021-04-27,"Moderna, Oxford/AstraZeneca, Pfizer/BioNTech",https://sampo.thl.fi/pivot/prod/en/vaccreg/cov19cov/fact_cov19cov?column=measure-533185.533172.433796.533175&row=cov_vac_dose-533174L,1703632,1548850,154782
Finland,2021-04-28,"Moderna, Oxford/AstraZeneca, Pfizer/BioNTech",https://sampo.thl.fi/pivot/prod/en/vaccreg/cov19cov/fact_cov19cov?column=measure-533185.533172.433796.533175&row=cov_vac_dose-533174L,1757197,1597841,159356
Finland,2021-04-30,"Moderna, Oxford/AstraZeneca, Pfizer/BioNTech",https://sampo.thl.fi/pivot/prod/en/vaccreg/cov19cov/fact_cov19cov?column=measure-533185.533172.433796.533175&row=cov_vac_dose-533174L,1831007,1664774,166233
Finland,2021-05-01,"Moderna, Oxford/AstraZeneca, Pfizer/BioNTech",https://sampo.thl.fi/pivot/prod/en/vaccreg/cov19cov/fact_cov19cov?column=measure-533185.533172.433796.533175&row=cov_vac_dose-533174L,1861185,1692571,168614
Finland,2021-05-02,"Moderna, Oxford/AstraZeneca, Pfizer/BioNTech",https://sampo.thl.fi/pivot/prod/en/vaccreg/cov19cov/fact_cov19cov?column=measure-533185.533172.433796.533175&row=cov_vac_dose-533174L,1863380,1694744,168636
Finland,2021-05-03,"Moderna, Oxford/AstraZeneca, Pfizer/BioNTech",https://sampo.thl.fi/pivot/prod/en/vaccreg/cov19cov/fact_cov19cov?column=measure-533185.533172.433796.533175&row=cov_vac_dose-533174L,1866796,1698107,168689
Finland,2021-05-04,"Moderna, Oxford/AstraZeneca, Pfizer/BioNTech",https://sampo.thl.fi/pivot/prod/en/vaccreg/cov19cov/fact_cov19cov?column=measure-533185.533172.433796.533175&row=cov_vac_dose-533174L,1894418,1723088,171330
Finland,2021-05-05,"Moderna, Oxford/AstraZeneca, Pfizer/BioNTech",https://sampo.thl.fi/pivot/prod/en/vaccreg/cov19cov/fact_cov19cov?column=measure-533185.533172.433796.533175&row=cov_vac_dose-533174L,1990774,1804953,185821
Finland,2021-05-07,"Moderna, Oxford/AstraZeneca, Pfizer/BioNTech",https://sampo.thl.fi/pivot/prod/en/vaccreg/cov19cov/fact_cov19cov?column=measure-533185.533172.433796.533175&row=cov_vac_dose-533174L,2108973,1903818,205155
Finland,2021-05-08,"Moderna, Oxford/AstraZeneca, Pfizer/BioNTech",https://sampo.thl.fi/pivot/prod/en/vaccreg/cov19cov/fact_cov19cov?column=measure-533185.533172.433796.533175&row=cov_vac_dose-533174L,2154469,1943842,210627
Finland,2021-05-10,"Moderna, Oxford/AstraZeneca, Pfizer/BioNTech",https://sampo.thl.fi/pivot/prod/en/vaccreg/cov19cov/fact_cov19cov?column=measure-533185.533172.433796.533175&row=cov_vac_dose-533174L,2155763,1944725,211038
Finland,2021-05-11,"Moderna, Oxford/AstraZeneca, Pfizer/BioNTech",https://sampo.thl.fi/pivot/prod/en/vaccreg/cov19cov/fact_cov19cov?column=measure-533185.533172.433796.533175&row=cov_vac_dose-533174L,2253383,2014653,238730
Finland,2021-05-13,"Moderna, Oxford/AstraZeneca, Pfizer/BioNTech",https://sampo.thl.fi/pivot/prod/en/vaccreg/cov19cov/fact_cov19cov?column=measure-533185.533172.433796.533175&row=cov_vac_dose-533174L,2278754,2031941,246813
Finland,2021-05-14,"Moderna, Oxford/AstraZeneca, Pfizer/BioNTech",https://sampo.thl.fi/pivot/prod/en/vaccreg/cov19cov/fact_cov19cov?column=measure-533185.533172.433796.533175&row=cov_vac_dose-533174L,2370423,2092493,277930
Finland,2021-05-15,"Moderna, Oxford/AstraZeneca, Pfizer/BioNTech",https://sampo.thl.fi/pivot/prod/en/vaccreg/cov19cov/fact_cov19cov?column=measure-533185.533172.433796.533175&row=cov_vac_dose-533174L,2387156,2105016,282140
Finland,2021-05-17,"Moderna, Oxford/AstraZeneca, Pfizer/BioNTech",https://sampo.thl.fi/pivot/prod/en/vaccreg/cov19cov/fact_cov19cov?column=measure-533185.533172.433796.533175&row=cov_vac_dose-533174L,2424693,2133397,291296
Finland,2021-05-19,"Moderna, Oxford/AstraZeneca, Pfizer/BioNTech",https://sampo.thl.fi/pivot/prod/en/vaccreg/cov19cov/fact_cov19cov?column=measure-533185.533172.433796.533175&row=cov_vac_dose-533174L,2468703,2161597,307106
Finland,2021-05-20,"Moderna, Oxford/AstraZeneca, Pfizer/BioNTech",https://sampo.thl.fi/pivot/prod/en/vaccreg/cov19cov/fact_cov19cov?column=measure-533185.533172.433796.533175&row=cov_vac_dose-533174L,2533353,2201667,331686
Finland,2021-05-21,"Moderna, Oxford/AstraZeneca, Pfizer/BioNTech",https://sampo.thl.fi/pivot/prod/en/vaccreg/cov19cov/fact_cov19cov?column=measure-533185.533172.433796.533175&row=cov_vac_dose-533174L,2635201,2267023,368178
Finland,2021-05-22,"Moderna, Oxford/AstraZeneca, Pfizer/BioNTech",https://sampo.thl.fi/pivot/prod/en/vaccreg/cov19cov/fact_cov19cov?column=measure-533185.533172.433796.533175&row=cov_vac_dose-533174L,2661869,2285568,376301
Finland,2021-05-23,"Moderna, Oxford/AstraZeneca, Pfizer/BioNTech",https://sampo.thl.fi/pivot/prod/en/vaccreg/cov19cov/fact_cov19cov?column=measure-533185.533172.433796.533175&row=cov_vac_dose-533174L,2667880,2290907,376973
Finland,2021-05-25,"Moderna, Oxford/AstraZeneca, Pfizer/BioNTech",https://sampo.thl.fi/pivot/prod/en/vaccreg/cov19cov/fact_cov19cov?column=measure-533185.533172.433796.533175&row=cov_vac_dose-533174L,2756404,2345128,411276
Finland,2021-05-26,"Moderna, Oxford/AstraZeneca, Pfizer/BioNTech",https://sampo.thl.fi/pivot/prod/en/vaccreg/cov19cov/fact_cov19cov?column=measure-533185.533172.433796.533175&row=cov_vac_dose-533174L,2810669,2375612,435057
Finland,2021-05-28,"Moderna, Oxford/AstraZeneca, Pfizer/BioNTech",https://sampo.thl.fi/pivot/prod/en/vaccreg/cov19cov/fact_cov19cov?column=measure-533185.533172.433796.533175&row=cov_vac_dose-533174L,2916093,2436782,479311
Finland,2021-05-29,"Moderna, Oxford/AstraZeneca, Pfizer/BioNTech",https://sampo.thl.fi/pivot/prod/en/vaccreg/cov19cov/fact_cov19cov?column=measure-533185.533172.433796.533175&row=cov_vac_dose-533174L,2939551,2453879,485672
Finland,2021-05-31,"Moderna, Oxford/AstraZeneca, Pfizer/BioNTech",https://sampo.thl.fi/pivot/prod/en/vaccreg/cov19cov/fact_cov19cov?column=measure-533185.533172.433796.533175&row=cov_vac_dose-533174L,2942586,2456153,486433
Finland,2021-06-01,"Moderna, Oxford/AstraZeneca, Pfizer/BioNTech",https://sampo.thl.fi/pivot/prod/en/vaccreg/cov19cov/fact_cov19cov?column=measure-533185.533172.433796.533175&row=cov_vac_dose-533174L,2976651,2476248,500403
Finland,2021-06-02,"Moderna, Oxford/AstraZeneca, Pfizer/BioNTech",https://sampo.thl.fi/pivot/prod/en/vaccreg/cov19cov/fact_cov19cov?column=measure-533185.533172.433796.533175&row=cov_vac_dose-533174L,3035338,2510921,524417
Finland,2021-06-03,"Moderna, Oxford/AstraZeneca, Pfizer/BioNTech",https://sampo.thl.fi/pivot/prod/en/vaccreg/cov19cov/fact_cov19cov?column=measure-533185.533172.433796.533175&row=cov_vac_dose-533174L,3157341,2582439,574902
Finland,2021-06-04,"Moderna, Oxford/AstraZeneca, Pfizer/BioNTech",https://sampo.thl.fi/pivot/prod/en/vaccreg/cov19cov/fact_cov19cov?column=measure-533185.533172.433796.533175&row=cov_vac_dose-533174L,3222023,2620440,601583
Finland,2021-06-06,"Moderna, Oxford/AstraZeneca, Pfizer/BioNTech",https://sampo.thl.fi/pivot/prod/en/vaccreg/cov19cov/fact_cov19cov?column=measure-533185.533172.433796.533175&row=cov_vac_dose-533174L,3240047,2631961,608086
Finland,2021-06-07,"Moderna, Oxford/AstraZeneca, Pfizer/BioNTech",https://sampo.thl.fi/pivot/prod/en/vaccreg/cov19cov/fact_cov19cov?column=measure-533185.533172.433796.533175&row=cov_vac_dose-533174L,3246294,2636209,610085
Finland,2021-06-08,"Moderna, Oxford/AstraZeneca, Pfizer/BioNTech",https://sampo.thl.fi/pivot/prod/en/vaccreg/cov19cov/fact_cov19cov?column=measure-533185.533172.433796.533175&row=cov_vac_dose-533174L,3292288,2665787,626501
Finland,2021-06-09,"Moderna, Oxford/AstraZeneca, Pfizer/BioNTech",https://sampo.thl.fi/pivot/prod/en/vaccreg/cov19cov/fact_cov19cov?column=measure-533185.533172.433796.533175&row=cov_vac_dose-533174L,3331391,2691057,640334
Finland,2021-06-10,"Moderna, Oxford/AstraZeneca, Pfizer/BioNTech",https://sampo.thl.fi/pivot/prod/en/vaccreg/cov19cov/fact_cov19cov?column=measure-533185.533172.433796.533175&row=cov_vac_dose-533174L,3382623,2721652,660971
Finland,2021-06-11,"Moderna, Oxford/AstraZeneca, Pfizer/BioNTech",https://sampo.thl.fi/pivot/prod/en/vaccreg/cov19cov/fact_cov19cov?column=measure-533185.533172.433796.533175&row=cov_vac_dose-533174L,3421475,2744650,676825
Finland,2021-06-12,"Moderna, Oxford/AstraZeneca, Pfizer/BioNTech",https://sampo.thl.fi/pivot/prod/en/vaccreg/cov19cov/fact_cov19cov?column=measure-533185.533172.433796.533175&row=cov_vac_dose-533174L,3493579,2788162,705417
Finland,2021-06-13,"Moderna, Oxford/AstraZeneca, Pfizer/BioNTech",https://sampo.thl.fi/pivot/prod/en/vaccreg/cov19cov/fact_cov19cov?column=measure-533185.533172.433796.533175&row=cov_vac_dose-533174L,3556222,2830820,725402
Finland,2021-06-14,"Moderna, Oxford/AstraZeneca, Pfizer/BioNTech",https://sampo.thl.fi/pivot/prod/en/vaccreg/cov19cov/fact_cov19cov?column=measure-533185.533172.433796.533175&row=cov_vac_dose-533174L,3574132,2845519,728613
Finland,2021-06-15,"Moderna, Oxford/AstraZeneca, Pfizer/BioNTech",https://sampo.thl.fi/pivot/prod/en/vaccreg/cov19cov/fact_cov19cov?column=measure-533185.533172.433796.533175&row=cov_vac_dose-533174L,3578059,2848931,729128
Finland,2021-06-16,"Moderna, Oxford/AstraZeneca, Pfizer/BioNTech",https://sampo.thl.fi/pivot/prod/en/vaccreg/cov19cov/fact_cov19cov?column=measure-533185.533172.433796.533175&row=cov_vac_dose-533174L,3643845,2896238,747607
Finland,2021-06-17,"Moderna, Oxford/AstraZeneca, Pfizer/BioNTech",https://sampo.thl.fi/pivot/prod/en/vaccreg/cov19cov/fact_cov19cov?column=measure-533185.533172.433796.533175&row=cov_vac_dose-533174L,3707724,2938365,769359
Finland,2021-06-18,"Moderna, Oxford/AstraZeneca, Pfizer/BioNTech",https://sampo.thl.fi/pivot/prod/en/vaccreg/cov19cov/fact_cov19cov?column=measure-533185.533172.433796.533175&row=cov_vac_dose-533174L,3867556,3037611,829945
Finland,2021-06-19,"Moderna, Oxford/AstraZeneca, Pfizer/BioNTech",https://sampo.thl.fi/pivot/prod/en/vaccreg/cov19cov/fact_cov19cov?column=measure-533185.533172.433796.533175&row=cov_vac_dose-533174L,3916915,3069289,847626
Finland,2021-06-20,"Moderna, Oxford/AstraZeneca, Pfizer/BioNTech",https://sampo.thl.fi/pivot/prod/en/vaccreg/cov19cov/fact_cov19cov?column=measure-533185.533172.433796.533175&row=cov_vac_dose-533174L,3929061,3077639,851422
Finland,2021-06-21,"Moderna, Oxford/AstraZeneca, Pfizer/BioNTech",https://sampo.thl.fi/pivot/prod/en/vaccreg/cov19cov/fact_cov19cov?column=measure-533185.533172.433796.533175&row=cov_vac_dose-533174L,3950537,3091297,859240
Finland,2021-06-23,"Moderna, Oxford/AstraZeneca, Pfizer/BioNTech",https://sampo.thl.fi/pivot/prod/en/vaccreg/cov19cov/fact_cov19cov?column=measure-533185.533172.433796.533175&row=cov_vac_dose-533174L,4011742,3128243,883499
Finland,2021-06-25,"Moderna, Oxford/AstraZeneca, Pfizer/BioNTech",https://sampo.thl.fi/pivot/prod/en/vaccreg/cov19cov/fact_cov19cov?column=measure-533185.533172.433796.533175&row=cov_vac_dose-533174L,4200693,3219930,980763
Finland,2021-06-26,"Moderna, Oxford/AstraZeneca, Pfizer/BioNTech",https://sampo.thl.fi/pivot/prod/en/vaccreg/cov19cov/fact_cov19cov?column=measure-533185.533172.433796.533175&row=cov_vac_dose-533174L,4200712,3219935,980777
Finland,2021-06-28,"Moderna, Oxford/AstraZeneca, Pfizer/BioNTech",https://sampo.thl.fi/pivot/prod/en/vaccreg/cov19cov/fact_cov19cov?column=measure-533185.533172.433796.533175&row=cov_vac_dose-533174L,4213157,3227042,986115
Finland,2021-06-30,"Moderna, Oxford/AstraZeneca, Pfizer/BioNTech",https://sampo.thl.fi/pivot/prod/en/vaccreg/cov19cov/fact_cov19cov?column=measure-533185.533172.433796.533175&row=cov_vac_dose-533174L,4322972,3290624,1032348
Finland,2021-07-02,"Moderna, Oxford/AstraZeneca, Pfizer/BioNTech",https://sampo.thl.fi/pivot/prod/en/vaccreg/cov19cov/fact_cov19cov?column=measure-533185.533172.433796.533175&row=cov_vac_dose-533174L,4462940,3349834,1113106
Finland,2021-07-03,"Moderna, Oxford/AstraZeneca, Pfizer/BioNTech",https://sampo.thl.fi/pivot/prod/en/vaccreg/cov19cov/fact_cov19cov?column=measure-533185.533172.433796.533175&row=cov_vac_dose-533174L,4511814,3368631,1143183
Finland,2021-07-04,"Moderna, Oxford/AstraZeneca, Pfizer/BioNTech",https://sampo.thl.fi/pivot/prod/en/vaccreg/cov19cov/fact_cov19cov?column=measure-533185.533172.433796.533175&row=cov_vac_dose-533174L,4525698,3372413,1153285
Finland,2021-07-06,"Moderna, Oxford/AstraZeneca, Pfizer/BioNTech",https://sampo.thl.fi/pivot/prod/en/vaccreg/cov19cov/fact_cov19cov?column=measure-533185.533172.433796.533175&row=cov_vac_dose-533174L,4538998,3376415,1162583
Finland,2021-07-07,"Moderna, Oxford/AstraZeneca, Pfizer/BioNTech",https://sampo.thl.fi/pivot/prod/en/vaccreg/cov19cov/fact_cov19cov?column=measure-533185.533172.433796.533175&row=cov_vac_dose-533174L,4588933,3395540,1193393
Finland,2021-07-08,"Moderna, Oxford/AstraZeneca, Pfizer/BioNTech",https://sampo.thl.fi/pivot/prod/en/vaccreg/cov19cov/fact_cov19cov?column=measure-533185.533172.433796.533175&row=cov_vac_dose-533174L,4635900,3412775,1223125
Finland,2021-07-09,"Moderna, Oxford/AstraZeneca, Pfizer/BioNTech",https://sampo.thl.fi/pivot/prod/en/vaccreg/cov19cov/fact_cov19cov?column=measure-533185.533172.433796.533175&row=cov_vac_dose-533174L,4715679,3440351,1275328
Finland,2021-07-10,"Moderna, Oxford/AstraZeneca, Pfizer/BioNTech",https://sampo.thl.fi/pivot/prod/en/vaccreg/cov19cov/fact_cov19cov?column=measure-533185.533172.433796.533175&row=cov_vac_dose-533174L,4766957,3458815,1308142
Finland,2021-07-11,"Moderna, Oxford/AstraZeneca, Pfizer/BioNTech",https://sampo.thl.fi/pivot/prod/en/vaccreg/cov19cov/fact_cov19cov?column=measure-533185.533172.433796.533175&row=cov_vac_dose-533174L,4827970,3480437,1347533
