location,date,vaccine,source_url,total_vaccinations,people_vaccinated,people_fully_vaccinated
Ireland,2020-12-31,Pfizer/BioNTech,https://twitter.com/RobOHanrahan/status/1344932276128411648,1800,,
Ireland,2021-01-04,Pfizer/BioNTech,https://www.thejournal.ie/covid-19-vaccine-rollout-in-nursing-homes-gets-under-way-this-week-5315501-Jan2021/,4000,,
Ireland,2021-01-07,Pfizer/BioNTech,https://twitter.com/newschambers/status/1347187910961999873,15314,,
Ireland,2021-01-10,Pfizer/BioNTech,https://twitter.com/DonnellyStephen/status/1349442669622263811,40000,,
Ireland,2021-01-13,Pfizer/BioNTech,https://covid19ireland-geohive.hub.arcgis.com/,77303,,
Ireland,2021-01-17,Pfizer/BioNTech,https://twitter.com/DonnellyStephen/status/1351461941097754625,94000,,
Ireland,2021-01-20,Pfizer/BioNTech,https://covid19ireland-geohive.hub.arcgis.com/,121900,,
Ireland,2021-01-24,Pfizer/BioNTech,https://twitter.com/DonnellyStephen/status/1353738605974462465,143000,,
Ireland,2021-01-27,Pfizer/BioNTech,https://covid19ireland-geohive.hub.arcgis.com/,161500,147700,13800
Ireland,2021-01-31,Pfizer/BioNTech,https://covid19ireland-geohive.hub.arcgis.com/,199800,150500,49300
Ireland,2021-02-05,"Moderna, Oxford/AstraZeneca, Pfizer/BioNTech",https://covid19ireland-geohive.hub.arcgis.com/,230766,151212,79554
Ireland,2021-02-07,"Moderna, Oxford/AstraZeneca, Pfizer/BioNTech",https://covid19ireland-geohive.hub.arcgis.com/,240487,153654,86833
Ireland,2021-02-08,"Moderna, Oxford/AstraZeneca, Pfizer/BioNTech",https://covid19ireland-geohive.hub.arcgis.com/,243353,154900,88453
Ireland,2021-02-09,"Moderna, Oxford/AstraZeneca, Pfizer/BioNTech",https://covid19ireland-geohive.hub.arcgis.com/,248284,158904,89380
Ireland,2021-02-10,"Moderna, Oxford/AstraZeneca, Pfizer/BioNTech",https://covid19ireland-geohive.hub.arcgis.com/,256681,166863,89818
Ireland,2021-02-11,"Moderna, Oxford/AstraZeneca, Pfizer/BioNTech",https://covid19ireland-geohive.hub.arcgis.com/,261073,171239,89834
Ireland,2021-02-12,"Moderna, Oxford/AstraZeneca, Pfizer/BioNTech",https://covid19ireland-geohive.hub.arcgis.com/,265237,175238,89999
Ireland,2021-02-13,"Moderna, Oxford/AstraZeneca, Pfizer/BioNTech",https://covid19ireland-geohive.hub.arcgis.com/,268551,176926,91625
Ireland,2021-02-14,"Moderna, Oxford/AstraZeneca, Pfizer/BioNTech",https://covid19ireland-geohive.hub.arcgis.com/,271942,180192,91750
Ireland,2021-02-15,"Moderna, Oxford/AstraZeneca, Pfizer/BioNTech",https://covid19ireland-geohive.hub.arcgis.com/,280581,182193,98388
Ireland,2021-02-16,"Moderna, Oxford/AstraZeneca, Pfizer/BioNTech",https://covid19ireland-geohive.hub.arcgis.com/,293752,187893,105859
Ireland,2021-02-17,"Moderna, Oxford/AstraZeneca, Pfizer/BioNTech",https://covid19ireland-geohive.hub.arcgis.com/,310900,197609,113291
Ireland,2021-02-18,"Moderna, Oxford/AstraZeneca, Pfizer/BioNTech",https://covid19ireland-geohive.hub.arcgis.com/,326475,205955,120520
Ireland,2021-02-19,"Moderna, Oxford/AstraZeneca, Pfizer/BioNTech",https://covid19ireland-geohive.hub.arcgis.com/,340704,214384,126320
Ireland,2021-02-20,"Moderna, Oxford/AstraZeneca, Pfizer/BioNTech",https://covid19ireland-geohive.hub.arcgis.com/,350322,219899,130423
Ireland,2021-02-21,"Moderna, Oxford/AstraZeneca, Pfizer/BioNTech",https://covid19ireland-geohive.hub.arcgis.com/,353971,222073,131898
Ireland,2021-02-22,"Moderna, Oxford/AstraZeneca, Pfizer/BioNTech",https://covid19ireland-geohive.hub.arcgis.com/,359616,226291,133325
Ireland,2021-02-23,"Moderna, Oxford/AstraZeneca, Pfizer/BioNTech",https://covid19ireland-geohive.hub.arcgis.com/,373280,238841,134439
Ireland,2021-02-24,"Moderna, Oxford/AstraZeneca, Pfizer/BioNTech",https://covid19ireland-geohive.hub.arcgis.com/,391355,254948,136407
Ireland,2021-02-25,"Moderna, Oxford/AstraZeneca, Pfizer/BioNTech",https://covid19ireland-geohive.hub.arcgis.com/,409529,271594,137935
Ireland,2021-02-26,"Moderna, Oxford/AstraZeneca, Pfizer/BioNTech",https://covid19ireland-geohive.hub.arcgis.com/,426070,285780,140290
Ireland,2021-02-27,"Moderna, Oxford/AstraZeneca, Pfizer/BioNTech",https://covid19ireland-geohive.hub.arcgis.com/,435895,294550,141345
Ireland,2021-02-28,"Moderna, Oxford/AstraZeneca, Pfizer/BioNTech",https://covid19ireland-geohive.hub.arcgis.com/,439782,297899,141883
Ireland,2021-03-01,"Moderna, Oxford/AstraZeneca, Pfizer/BioNTech",https://covid19ireland-geohive.hub.arcgis.com/,446474,303550,142924
Ireland,2021-03-02,"Moderna, Oxford/AstraZeneca, Pfizer/BioNTech",https://covid19ireland-geohive.hub.arcgis.com/,460637,316056,144581
Ireland,2021-03-04,"Moderna, Oxford/AstraZeneca, Pfizer/BioNTech",https://covid19ireland-geohive.hub.arcgis.com/,493873,346256,147617
Ireland,2021-03-05,"Moderna, Oxford/AstraZeneca, Pfizer/BioNTech",https://covid19ireland-geohive.hub.arcgis.com/,513322,363601,149721
Ireland,2021-03-06,"Moderna, Oxford/AstraZeneca, Pfizer/BioNTech",https://covid19ireland-geohive.hub.arcgis.com/,523069,373149,149920
Ireland,2021-03-07,"Moderna, Oxford/AstraZeneca, Pfizer/BioNTech",https://covid19ireland-geohive.hub.arcgis.com/,525768,375521,150247
Ireland,2021-03-08,"Moderna, Oxford/AstraZeneca, Pfizer/BioNTech",https://covid19ireland-geohive.hub.arcgis.com/,536617,382528,154089
Ireland,2021-03-09,"Moderna, Oxford/AstraZeneca, Pfizer/BioNTech",https://covid19ireland-geohive.hub.arcgis.com/,553161,396089,157072
Ireland,2021-03-10,"Moderna, Oxford/AstraZeneca, Pfizer/BioNTech",https://covid19ireland-geohive.hub.arcgis.com/,570391,409662,160729
Ireland,2021-03-11,"Moderna, Oxford/AstraZeneca, Pfizer/BioNTech",https://covid19ireland-geohive.hub.arcgis.com/,589512,426819,162693
Ireland,2021-03-12,"Moderna, Oxford/AstraZeneca, Pfizer/BioNTech",https://covid19ireland-geohive.hub.arcgis.com/,606904,443092,163812
Ireland,2021-03-13,"Moderna, Oxford/AstraZeneca, Pfizer/BioNTech",https://covid19ireland-geohive.hub.arcgis.com/,615934,451589,164345
Ireland,2021-03-14,"Moderna, Oxford/AstraZeneca, Pfizer/BioNTech",https://covid19ireland-geohive.hub.arcgis.com/,617050,452554,164496
Ireland,2021-03-15,"Moderna, Oxford/AstraZeneca, Pfizer/BioNTech",https://covid19ireland-geohive.hub.arcgis.com/,620580,455182,165398
Ireland,2021-03-16,"Moderna, Oxford/AstraZeneca, Pfizer/BioNTech",https://covid19ireland-geohive.hub.arcgis.com/,632359,463500,168859
Ireland,2021-03-17,"Moderna, Oxford/AstraZeneca, Pfizer/BioNTech",https://covid19ireland-geohive.hub.arcgis.com/,639586,468328,171258
Ireland,2021-03-18,"Moderna, Oxford/AstraZeneca, Pfizer/BioNTech",https://covid19ireland-geohive.hub.arcgis.com/,654251,478725,175526
Ireland,2021-03-19,"Moderna, Oxford/AstraZeneca, Pfizer/BioNTech",https://covid19ireland-geohive.hub.arcgis.com/,668529,487466,181063
Ireland,2021-03-20,"Moderna, Oxford/AstraZeneca, Pfizer/BioNTech",https://covid19ireland-geohive.hub.arcgis.com/,675946,492106,183840
Ireland,2021-03-21,"Moderna, Oxford/AstraZeneca, Pfizer/BioNTech",https://covid19ireland-geohive.hub.arcgis.com/,680015,495824,184191
Ireland,2021-03-22,"Moderna, Oxford/AstraZeneca, Pfizer/BioNTech",https://covid19ireland-geohive.hub.arcgis.com/,690449,503796,186653
Ireland,2021-03-23,"Moderna, Oxford/AstraZeneca, Pfizer/BioNTech",https://covid19ireland-geohive.hub.arcgis.com/,709348,515800,193548
Ireland,2021-03-24,"Moderna, Oxford/AstraZeneca, Pfizer/BioNTech",https://covid19ireland-geohive.hub.arcgis.com/,732678,529984,202694
Ireland,2021-03-25,"Moderna, Oxford/AstraZeneca, Pfizer/BioNTech",https://covid19ireland-geohive.hub.arcgis.com/,760168,548945,211223
Ireland,2021-03-26,"Moderna, Oxford/AstraZeneca, Pfizer/BioNTech",https://covid19ireland-geohive.hub.arcgis.com/,786569,567023,219546
Ireland,2021-03-27,"Moderna, Oxford/AstraZeneca, Pfizer/BioNTech",https://covid19ireland-geohive.hub.arcgis.com/,802502,577641,224861
Ireland,2021-03-28,"Moderna, Oxford/AstraZeneca, Pfizer/BioNTech",https://covid19ireland-geohive.hub.arcgis.com/,806541,580857,225684
Ireland,2021-03-29,"Moderna, Oxford/AstraZeneca, Pfizer/BioNTech",https://covid19ireland-geohive.hub.arcgis.com/,819676,590688,228988
Ireland,2021-03-30,"Moderna, Oxford/AstraZeneca, Pfizer/BioNTech",https://covid19ireland-geohive.hub.arcgis.com/,840561,603802,236759
Ireland,2021-03-31,"Moderna, Oxford/AstraZeneca, Pfizer/BioNTech",https://covid19ireland-geohive.hub.arcgis.com/,865460,619003,246457
Ireland,2021-04-01,"Moderna, Oxford/AstraZeneca, Pfizer/BioNTech",https://covid19ireland-geohive.hub.arcgis.com/,893375,636963,256412
Ireland,2021-04-02,"Moderna, Oxford/AstraZeneca, Pfizer/BioNTech",https://covid19ireland-geohive.hub.arcgis.com/,923878,655292,268586
Ireland,2021-04-03,"Moderna, Oxford/AstraZeneca, Pfizer/BioNTech",https://covid19ireland-geohive.hub.arcgis.com/,932324,660800,271524
Ireland,2021-04-05,"Moderna, Oxford/AstraZeneca, Pfizer/BioNTech",https://covid19ireland-geohive.hub.arcgis.com/,940883,667182,273701
Ireland,2021-04-06,"Moderna, Oxford/AstraZeneca, Pfizer/BioNTech",https://covid19ireland-geohive.hub.arcgis.com/,961887,679844,282043
Ireland,2021-04-07,"Moderna, Oxford/AstraZeneca, Pfizer/BioNTech",https://covid19ireland-geohive.hub.arcgis.com/,1018264,716636,301628
Ireland,2021-04-09,"Moderna, Oxford/AstraZeneca, Pfizer/BioNTech",https://covid19ireland-geohive.hub.arcgis.com/,1045919,735997,309922
Ireland,2021-04-11,"Moderna, Oxford/AstraZeneca, Pfizer/BioNTech",https://covid19ireland-geohive.hub.arcgis.com/,1063666,749450,314216
Ireland,2021-04-12,"Moderna, Oxford/AstraZeneca, Pfizer/BioNTech",https://covid19ireland-geohive.hub.arcgis.com/,1076216,758763,317453
Ireland,2021-04-13,"Moderna, Oxford/AstraZeneca, Pfizer/BioNTech",https://covid19ireland-geohive.hub.arcgis.com/,1094964,769721,325243
Ireland,2021-04-14,"Moderna, Oxford/AstraZeneca, Pfizer/BioNTech",https://covid19ireland-geohive.hub.arcgis.com/,1121003,789526,331477
Ireland,2021-04-16,"Moderna, Oxford/AstraZeneca, Pfizer/BioNTech",https://covid19ireland-geohive.hub.arcgis.com/,1188354,838644,349710
Ireland,2021-04-17,"Moderna, Oxford/AstraZeneca, Pfizer/BioNTech",https://covid19ireland-geohive.hub.arcgis.com/,1204063,852189,351874
Ireland,2021-04-18,"Moderna, Oxford/AstraZeneca, Pfizer/BioNTech",https://covid19ireland-geohive.hub.arcgis.com/,1208459,855512,352947
Ireland,2021-04-20,"Moderna, Oxford/AstraZeneca, Pfizer/BioNTech",https://covid19ireland-geohive.hub.arcgis.com/,1240965,878823,362142
Ireland,2021-04-21,"Moderna, Oxford/AstraZeneca, Pfizer/BioNTech",https://covid19ireland-geohive.hub.arcgis.com/,1275828,904774,371054
Ireland,2021-04-22,"Moderna, Oxford/AstraZeneca, Pfizer/BioNTech",https://covid19ireland-geohive.hub.arcgis.com/,1317165,934980,382185
Ireland,2021-04-23,"Moderna, Oxford/AstraZeneca, Pfizer/BioNTech",https://covid19ireland-geohive.hub.arcgis.com/,1359921,966611,393310
Ireland,2021-04-24,"Moderna, Oxford/AstraZeneca, Pfizer/BioNTech",https://covid19ireland-geohive.hub.arcgis.com/,1385753,987681,398072
Ireland,2021-04-25,"Moderna, Oxford/AstraZeneca, Pfizer/BioNTech",https://covid19ireland-geohive.hub.arcgis.com/,1398061,998134,399927
Ireland,2021-04-26,"Moderna, Oxford/AstraZeneca, Pfizer/BioNTech",https://covid19ireland-geohive.hub.arcgis.com/,1417942,1014640,403302
Ireland,2021-04-27,"Moderna, Oxford/AstraZeneca, Pfizer/BioNTech",https://covid19ireland-geohive.hub.arcgis.com/,1452434,1041284,411150
Ireland,2021-04-28,"Moderna, Oxford/AstraZeneca, Pfizer/BioNTech",https://covid19ireland-geohive.hub.arcgis.com/,1487043,1067378,419665
Ireland,2021-04-30,"Moderna, Oxford/AstraZeneca, Pfizer/BioNTech",https://covid19ireland-geohive.hub.arcgis.com/,1572779,1130958,441821
Ireland,2021-05-01,"Moderna, Oxford/AstraZeneca, Pfizer/BioNTech",https://covid19ireland-geohive.hub.arcgis.com/,1591888,1146562,445326
Ireland,2021-05-02,"Moderna, Oxford/AstraZeneca, Pfizer/BioNTech",https://covid19ireland-geohive.hub.arcgis.com/,1604644,1159083,445561
Ireland,2021-05-03,"Moderna, Oxford/AstraZeneca, Pfizer/BioNTech",https://covid19ireland-geohive.hub.arcgis.com/,1621870,1174292,447578
Ireland,2021-05-04,"Moderna, Oxford/AstraZeneca, Pfizer/BioNTech",https://covid19ireland-geohive.hub.arcgis.com/,1655866,1201373,454493
Ireland,2021-05-06,"Johnson&Johnson, Moderna, Oxford/AstraZeneca, Pfizer/BioNTech",https://covid19ireland-geohive.hub.arcgis.com/,1746912,1267167,479745
Ireland,2021-05-07,"Johnson&Johnson, Moderna, Oxford/AstraZeneca, Pfizer/BioNTech",https://covid19ireland-geohive.hub.arcgis.com/,1799190,1305178,494012
Ireland,2021-05-08,"Johnson&Johnson, Moderna, Oxford/AstraZeneca, Pfizer/BioNTech",https://covid19ireland-geohive.hub.arcgis.com/,1827610,1327821,499789
Ireland,2021-05-09,"Johnson&Johnson, Moderna, Oxford/AstraZeneca, Pfizer/BioNTech",https://covid19ireland-geohive.hub.arcgis.com/,1848747,1347561,501186
Ireland,2021-05-10,"Johnson&Johnson, Moderna, Oxford/AstraZeneca, Pfizer/BioNTech",https://covid19ireland-geohive.hub.arcgis.com/,1882635,1376583,506052
Ireland,2021-05-11,"Johnson&Johnson, Moderna, Oxford/AstraZeneca, Pfizer/BioNTech",https://covid19ireland-geohive.hub.arcgis.com/,1922913,1408655,514808
Ireland,2021-05-23,"Johnson&Johnson, Moderna, Oxford/AstraZeneca, Pfizer/BioNTech",https://covid19.who.int/,2349207,1734234,
Ireland,2021-05-30,"Johnson&Johnson, Moderna, Oxford/AstraZeneca, Pfizer/BioNTech",https://covid19.who.int/,2387348,1760642,
Ireland,2021-06-09,"Johnson&Johnson, Moderna, Oxford/AstraZeneca, Pfizer/BioNTech",https://www2.hse.ie/screening-and-vaccinations/covid-19-vaccine/rollout/,3100000,2100000,1000000
Ireland,2021-06-13,"Johnson&Johnson, Moderna, Oxford/AstraZeneca, Pfizer/BioNTech",https://covid19.who.int/,3218310,2217448,
Ireland,2021-06-20,"Johnson&Johnson, Moderna, Oxford/AstraZeneca, Pfizer/BioNTech",https://covid19.who.int/,3679531,2349219,
Ireland,2021-06-27,"Johnson&Johnson, Moderna, Oxford/AstraZeneca, Pfizer/BioNTech",https://covid19.who.int/,4005196,2464080,
Ireland,2021-07-04,"Johnson&Johnson, Moderna, Oxford/AstraZeneca, Pfizer/BioNTech",https://covid19ireland-geohive.hub.arcgis.com/,4369136,2654283,1786900
Ireland,2021-07-05,"Johnson&Johnson, Moderna, Oxford/AstraZeneca, Pfizer/BioNTech",https://covid19ireland-geohive.hub.arcgis.com/,4423158,2672005,1823201
Ireland,2021-07-06,"Johnson&Johnson, Moderna, Oxford/AstraZeneca, Pfizer/BioNTech",https://covid19ireland-geohive.hub.arcgis.com/,4486999,2685624,1873441
Ireland,2021-07-07,"Johnson&Johnson, Moderna, Oxford/AstraZeneca, Pfizer/BioNTech",https://covid19ireland-geohive.hub.arcgis.com/,4555032,2706335,1920762
Ireland,2021-07-09,"Johnson&Johnson, Moderna, Oxford/AstraZeneca, Pfizer/BioNTech",https://covid19ireland-geohive.hub.arcgis.com/,4676455,2737301,2011239
Ireland,2021-07-10,"Johnson&Johnson, Moderna, Oxford/AstraZeneca, Pfizer/BioNTech",https://covid19ireland-geohive.hub.arcgis.com/,4707181,2745931,2033341
