location,date,vaccine,source_url,total_vaccinations,people_vaccinated,people_fully_vaccinated
Israel,2020-12-19,Pfizer/BioNTech,https://datadashboard.health.gov.il/COVID-19/general,60,60,
Israel,2020-12-20,Pfizer/BioNTech,https://datadashboard.health.gov.il/COVID-19/general,7434,7434,
Israel,2020-12-21,Pfizer/BioNTech,https://datadashboard.health.gov.il/COVID-19/general,32317,32317,
Israel,2020-12-22,Pfizer/BioNTech,https://datadashboard.health.gov.il/COVID-19/general,76932,76932,
Israel,2020-12-23,Pfizer/BioNTech,https://datadashboard.health.gov.il/COVID-19/general,139761,139761,
Israel,2020-12-24,Pfizer/BioNTech,https://datadashboard.health.gov.il/COVID-19/general,213089,213089,
Israel,2020-12-25,Pfizer/BioNTech,https://datadashboard.health.gov.il/COVID-19/general,251539,251539,
Israel,2020-12-26,Pfizer/BioNTech,https://datadashboard.health.gov.il/COVID-19/general,284112,284112,
Israel,2020-12-27,Pfizer/BioNTech,https://datadashboard.health.gov.il/COVID-19/general,388482,388482,
Israel,2020-12-28,Pfizer/BioNTech,https://datadashboard.health.gov.il/COVID-19/general,523287,523287,
Israel,2020-12-29,Pfizer/BioNTech,https://datadashboard.health.gov.il/COVID-19/general,679235,679235,
Israel,2020-12-30,Pfizer/BioNTech,https://datadashboard.health.gov.il/COVID-19/general,831961,831961,
Israel,2020-12-31,Pfizer/BioNTech,https://datadashboard.health.gov.il/COVID-19/general,990135,990135,
Israel,2021-01-01,Pfizer/BioNTech,https://datadashboard.health.gov.il/COVID-19/general,1061369,1061369,
Israel,2021-01-02,Pfizer/BioNTech,https://datadashboard.health.gov.il/COVID-19/general,1132994,1132994,
Israel,2021-01-03,Pfizer/BioNTech,https://datadashboard.health.gov.il/COVID-19/general,1282397,1282397,
Israel,2021-01-04,Pfizer/BioNTech,https://datadashboard.health.gov.il/COVID-19/general,1434234,1434233,1
Israel,2021-01-05,Pfizer/BioNTech,https://datadashboard.health.gov.il/COVID-19/general,1559088,1559087,1
Israel,2021-01-06,Pfizer/BioNTech,https://datadashboard.health.gov.il/COVID-19/general,1662162,1662161,1
Israel,2021-01-07,"Moderna, Pfizer/BioNTech",https://datadashboard.health.gov.il/COVID-19/general,1777990,1777985,5
Israel,2021-01-08,"Moderna, Pfizer/BioNTech",https://datadashboard.health.gov.il/COVID-19/general,1844288,1844280,8
Israel,2021-01-09,"Moderna, Pfizer/BioNTech",https://datadashboard.health.gov.il/COVID-19/general,1888765,1888735,30
Israel,2021-01-10,"Moderna, Pfizer/BioNTech",https://datadashboard.health.gov.il/COVID-19/general,1932289,1926273,6016
Israel,2021-01-11,"Moderna, Pfizer/BioNTech",https://datadashboard.health.gov.il/COVID-19/general,1972539,1947287,25252
Israel,2021-01-12,"Moderna, Pfizer/BioNTech",https://datadashboard.health.gov.il/COVID-19/general,2032084,1971193,60891
Israel,2021-01-13,"Moderna, Pfizer/BioNTech",https://datadashboard.health.gov.il/COVID-19/general,2140815,2023112,117703
Israel,2021-01-14,"Moderna, Pfizer/BioNTech",https://datadashboard.health.gov.il/COVID-19/general,2265872,2079414,186458
Israel,2021-01-15,"Moderna, Pfizer/BioNTech",https://datadashboard.health.gov.il/COVID-19/general,2332369,2110029,222340
Israel,2021-01-16,"Moderna, Pfizer/BioNTech",https://datadashboard.health.gov.il/COVID-19/general,2387713,2139396,248317
Israel,2021-01-17,"Moderna, Pfizer/BioNTech",https://datadashboard.health.gov.il/COVID-19/general,2540424,2207650,332774
Israel,2021-01-18,"Moderna, Pfizer/BioNTech",https://datadashboard.health.gov.il/COVID-19/general,2730164,2277177,452987
Israel,2021-01-19,"Moderna, Pfizer/BioNTech",https://datadashboard.health.gov.il/COVID-19/general,2940268,2349753,590515
Israel,2021-01-20,"Moderna, Pfizer/BioNTech",https://datadashboard.health.gov.il/COVID-19/general,3160200,2426285,733915
Israel,2021-01-21,"Moderna, Pfizer/BioNTech",https://datadashboard.health.gov.il/COVID-19/general,3393739,2495867,897872
Israel,2021-01-22,"Moderna, Pfizer/BioNTech",https://datadashboard.health.gov.il/COVID-19/general,3502376,2533580,968796
Israel,2021-01-23,"Moderna, Pfizer/BioNTech",https://datadashboard.health.gov.il/COVID-19/general,3595700,2573429,1022271
Israel,2021-01-24,"Moderna, Pfizer/BioNTech",https://datadashboard.health.gov.il/COVID-19/general,3804977,2642368,1162609
Israel,2021-01-25,"Moderna, Pfizer/BioNTech",https://datadashboard.health.gov.il/COVID-19/general,4024883,2723102,1301781
Israel,2021-01-26,"Moderna, Pfizer/BioNTech",https://datadashboard.health.gov.il/COVID-19/general,4229429,2801582,1427847
Israel,2021-01-27,"Moderna, Pfizer/BioNTech",https://datadashboard.health.gov.il/COVID-19/general,4431842,2879273,1552569
Israel,2021-01-28,"Moderna, Pfizer/BioNTech",https://datadashboard.health.gov.il/COVID-19/general,4641545,2958682,1682863
Israel,2021-01-29,"Moderna, Pfizer/BioNTech",https://datadashboard.health.gov.il/COVID-19/general,4742678,2995205,1747473
Israel,2021-01-30,"Moderna, Pfizer/BioNTech",https://datadashboard.health.gov.il/COVID-19/general,4819628,3029493,1790135
Israel,2021-01-31,"Moderna, Pfizer/BioNTech",https://datadashboard.health.gov.il/COVID-19/general,4952148,3102671,1849477
Israel,2021-02-01,"Moderna, Pfizer/BioNTech",https://datadashboard.health.gov.il/COVID-19/general,5069628,3184942,1884686
Israel,2021-02-02,"Moderna, Pfizer/BioNTech",https://datadashboard.health.gov.il/COVID-19/general,5170439,3254805,1915634
Israel,2021-02-03,"Moderna, Pfizer/BioNTech",https://datadashboard.health.gov.il/COVID-19/general,5281780,3314877,1966903
Israel,2021-02-04,"Moderna, Pfizer/BioNTech",https://datadashboard.health.gov.il/COVID-19/general,5412087,3387264,2024823
Israel,2021-02-05,"Moderna, Pfizer/BioNTech",https://datadashboard.health.gov.il/COVID-19/general,5474520,3421041,2053479
Israel,2021-02-06,"Moderna, Pfizer/BioNTech",https://datadashboard.health.gov.il/COVID-19/general,5518194,3442575,2075619
Israel,2021-02-07,"Moderna, Pfizer/BioNTech",https://datadashboard.health.gov.il/COVID-19/general,5640677,3496513,2144164
Israel,2021-02-08,"Moderna, Pfizer/BioNTech",https://datadashboard.health.gov.il/COVID-19/general,5764359,3554993,2209366
Israel,2021-02-09,"Moderna, Pfizer/BioNTech",https://datadashboard.health.gov.il/COVID-19/general,5897755,3621111,2276644
Israel,2021-02-10,"Moderna, Pfizer/BioNTech",https://datadashboard.health.gov.il/COVID-19/general,6040041,3691449,2348592
Israel,2021-02-11,"Moderna, Pfizer/BioNTech",https://datadashboard.health.gov.il/COVID-19/general,6192466,3772341,2420125
Israel,2021-02-12,"Moderna, Pfizer/BioNTech",https://datadashboard.health.gov.il/COVID-19/general,6268812,3811278,2457534
Israel,2021-02-13,"Moderna, Pfizer/BioNTech",https://datadashboard.health.gov.il/COVID-19/general,6326546,3838666,2487880
Israel,2021-02-14,"Moderna, Pfizer/BioNTech",https://datadashboard.health.gov.il/COVID-19/general,6470146,3913395,2556751
Israel,2021-02-15,"Moderna, Pfizer/BioNTech",https://datadashboard.health.gov.il/COVID-19/general,6626954,3994714,2632240
Israel,2021-02-16,"Moderna, Pfizer/BioNTech",https://datadashboard.health.gov.il/COVID-19/general,6788312,4078033,2710279
Israel,2021-02-17,"Moderna, Pfizer/BioNTech",https://datadashboard.health.gov.il/COVID-19/general,6925446,4139829,2785617
Israel,2021-02-18,"Moderna, Pfizer/BioNTech",https://datadashboard.health.gov.il/COVID-19/general,7073915,4208804,2865111
Israel,2021-02-19,"Moderna, Pfizer/BioNTech",https://datadashboard.health.gov.il/COVID-19/general,7151466,4248363,2903103
Israel,2021-02-20,"Moderna, Pfizer/BioNTech",https://datadashboard.health.gov.il/COVID-19/general,7211692,4279946,2931746
Israel,2021-02-21,"Moderna, Pfizer/BioNTech",https://datadashboard.health.gov.il/COVID-19/general,7369350,4359259,3010091
Israel,2021-02-22,"Moderna, Pfizer/BioNTech",https://datadashboard.health.gov.il/COVID-19/general,7534581,4444136,3090445
Israel,2021-02-23,"Moderna, Pfizer/BioNTech",https://datadashboard.health.gov.il/COVID-19/general,7682002,4521329,3160673
Israel,2021-02-24,"Moderna, Pfizer/BioNTech",https://datadashboard.health.gov.il/COVID-19/general,7805746,4582204,3223542
Israel,2021-02-25,"Moderna, Pfizer/BioNTech",https://datadashboard.health.gov.il/COVID-19/general,7921794,4633710,3288084
Israel,2021-02-26,"Moderna, Pfizer/BioNTech",https://datadashboard.health.gov.il/COVID-19/general,7979434,4659463,3319971
Israel,2021-02-27,"Moderna, Pfizer/BioNTech",https://datadashboard.health.gov.il/COVID-19/general,8018817,4677718,3341099
Israel,2021-02-28,"Moderna, Pfizer/BioNTech",https://datadashboard.health.gov.il/COVID-19/general,8114693,4717883,3396810
Israel,2021-03-01,"Moderna, Pfizer/BioNTech",https://datadashboard.health.gov.il/COVID-19/general,8221466,4763391,3458075
Israel,2021-03-02,"Moderna, Pfizer/BioNTech",https://datadashboard.health.gov.il/COVID-19/general,8326991,4804395,3522596
Israel,2021-03-03,"Moderna, Pfizer/BioNTech",https://datadashboard.health.gov.il/COVID-19/general,8435335,4846179,3589156
Israel,2021-03-04,"Moderna, Pfizer/BioNTech",https://datadashboard.health.gov.il/COVID-19/general,8553657,4885654,3668003
Israel,2021-03-05,"Moderna, Pfizer/BioNTech",https://datadashboard.health.gov.il/COVID-19/general,8611144,4902820,3708324
Israel,2021-03-06,"Moderna, Pfizer/BioNTech",https://datadashboard.health.gov.il/COVID-19/general,8646988,4913386,3733602
Israel,2021-03-07,"Moderna, Pfizer/BioNTech",https://datadashboard.health.gov.il/COVID-19/general,8750631,4944350,3806281
Israel,2021-03-08,"Moderna, Pfizer/BioNTech",https://datadashboard.health.gov.il/COVID-19/general,8850873,4971512,3879361
Israel,2021-03-09,"Moderna, Pfizer/BioNTech",https://datadashboard.health.gov.il/COVID-19/general,8953850,4998012,3955838
Israel,2021-03-10,"Moderna, Pfizer/BioNTech",https://datadashboard.health.gov.il/COVID-19/general,9035444,5021101,4014343
Israel,2021-03-11,"Moderna, Pfizer/BioNTech",https://datadashboard.health.gov.il/COVID-19/general,9127384,5044158,4083226
Israel,2021-03-12,"Moderna, Pfizer/BioNTech",https://datadashboard.health.gov.il/COVID-19/general,9179776,5055254,4124522
Israel,2021-03-13,"Moderna, Pfizer/BioNTech",https://datadashboard.health.gov.il/COVID-19/general,9212805,5063102,4149703
Israel,2021-03-14,"Moderna, Pfizer/BioNTech",https://datadashboard.health.gov.il/COVID-19/general,9307461,5083932,4223529
Israel,2021-03-15,"Moderna, Pfizer/BioNTech",https://datadashboard.health.gov.il/COVID-19/general,9405416,5103835,4301581
Israel,2021-03-16,"Moderna, Pfizer/BioNTech",https://datadashboard.health.gov.il/COVID-19/general,9495302,5122367,4372935
Israel,2021-03-17,"Moderna, Pfizer/BioNTech",https://datadashboard.health.gov.il/COVID-19/general,9571636,5139869,4431767
Israel,2021-03-18,"Moderna, Pfizer/BioNTech",https://datadashboard.health.gov.il/COVID-19/general,9645424,5155695,4489729
Israel,2021-03-19,"Moderna, Pfizer/BioNTech",https://datadashboard.health.gov.il/COVID-19/general,9680044,5162447,4517597
Israel,2021-03-20,"Moderna, Pfizer/BioNTech",https://datadashboard.health.gov.il/COVID-19/general,9700387,5167564,4532823
Israel,2021-03-21,"Moderna, Pfizer/BioNTech",https://datadashboard.health.gov.il/COVID-19/general,9753780,5180593,4573187
Israel,2021-03-22,"Moderna, Pfizer/BioNTech",https://datadashboard.health.gov.il/COVID-19/general,9807504,5193947,4613557
Israel,2021-03-23,"Moderna, Pfizer/BioNTech",https://datadashboard.health.gov.il/COVID-19/general,9817259,5196548,4620711
Israel,2021-03-24,"Moderna, Pfizer/BioNTech",https://datadashboard.health.gov.il/COVID-19/general,9874395,5207335,4667060
Israel,2021-03-25,"Moderna, Pfizer/BioNTech",https://datadashboard.health.gov.il/COVID-19/general,9919685,5217370,4702315
Israel,2021-03-26,"Moderna, Pfizer/BioNTech",https://datadashboard.health.gov.il/COVID-19/general,9936906,5221375,4715531
Israel,2021-03-27,"Moderna, Pfizer/BioNTech",https://datadashboard.health.gov.il/COVID-19/general,9942816,5223085,4719731
Israel,2021-03-28,"Moderna, Pfizer/BioNTech",https://datadashboard.health.gov.il/COVID-19/general,9949403,5225124,4724279
Israel,2021-03-29,"Moderna, Pfizer/BioNTech",https://datadashboard.health.gov.il/COVID-19/general,9986034,5231899,4754135
Israel,2021-03-30,"Moderna, Pfizer/BioNTech",https://datadashboard.health.gov.il/COVID-19/general,10015923,5239557,4776366
Israel,2021-03-31,"Moderna, Pfizer/BioNTech",https://datadashboard.health.gov.il/COVID-19/general,10043121,5247505,4795616
Israel,2021-04-01,"Moderna, Pfizer/BioNTech",https://datadashboard.health.gov.il/COVID-19/general,10069532,5255449,4814083
Israel,2021-04-02,"Moderna, Pfizer/BioNTech",https://datadashboard.health.gov.il/COVID-19/general,10080264,5258217,4822047
Israel,2021-04-03,"Moderna, Pfizer/BioNTech",https://datadashboard.health.gov.il/COVID-19/general,10084481,5259556,4824925
Israel,2021-04-04,"Moderna, Pfizer/BioNTech",https://datadashboard.health.gov.il/COVID-19/general,10116737,5269096,4847641
Israel,2021-04-05,"Moderna, Pfizer/BioNTech",https://datadashboard.health.gov.il/COVID-19/general,10147991,5279269,4868722
Israel,2021-04-06,"Moderna, Pfizer/BioNTech",https://datadashboard.health.gov.il/COVID-19/general,10173315,5288040,4885275
Israel,2021-04-07,"Moderna, Pfizer/BioNTech",https://datadashboard.health.gov.il/COVID-19/general,10197078,5296713,4900365
Israel,2021-04-08,"Moderna, Pfizer/BioNTech",https://datadashboard.health.gov.il/COVID-19/general,10222985,5305874,4917111
Israel,2021-04-09,"Moderna, Pfizer/BioNTech",https://datadashboard.health.gov.il/COVID-19/general,10232407,5309243,4923164
Israel,2021-04-10,"Moderna, Pfizer/BioNTech",https://datadashboard.health.gov.il/COVID-19/general,10237327,5310734,4926593
Israel,2021-04-11,"Moderna, Pfizer/BioNTech",https://datadashboard.health.gov.il/COVID-19/general,10260315,5319628,4940687
Israel,2021-04-12,"Moderna, Pfizer/BioNTech",https://datadashboard.health.gov.il/COVID-19/general,10282039,5328329,4953710
Israel,2021-04-13,"Moderna, Pfizer/BioNTech",https://datadashboard.health.gov.il/COVID-19/general,10292416,5333926,4958490
Israel,2021-04-14,"Moderna, Pfizer/BioNTech",https://datadashboard.health.gov.il/COVID-19/general,10300951,5337352,4963599
Israel,2021-04-15,"Moderna, Pfizer/BioNTech",https://datadashboard.health.gov.il/COVID-19/general,10301814,5337802,4964012
Israel,2021-04-16,"Moderna, Pfizer/BioNTech",https://datadashboard.health.gov.il/COVID-19/general,10311463,5340993,4970470
Israel,2021-04-17,"Moderna, Pfizer/BioNTech",https://datadashboard.health.gov.il/COVID-19/general,10314118,5341736,4972382
Israel,2021-04-18,"Moderna, Pfizer/BioNTech",https://datadashboard.health.gov.il/COVID-19/general,10328433,5348700,4979733
Israel,2021-04-19,"Moderna, Pfizer/BioNTech",https://datadashboard.health.gov.il/COVID-19/general,10341605,5354904,4986701
Israel,2021-04-20,"Moderna, Pfizer/BioNTech",https://datadashboard.health.gov.il/COVID-19/general,10354333,5360947,4993386
Israel,2021-04-21,"Moderna, Pfizer/BioNTech",https://datadashboard.health.gov.il/COVID-19/general,10367383,5367097,5000286
Israel,2021-04-22,"Moderna, Pfizer/BioNTech",https://datadashboard.health.gov.il/COVID-19/general,10380592,5372839,5007753
Israel,2021-04-23,"Moderna, Pfizer/BioNTech",https://datadashboard.health.gov.il/COVID-19/general,10386408,5375423,5010985
Israel,2021-04-24,"Moderna, Pfizer/BioNTech",https://datadashboard.health.gov.il/COVID-19/general,10388298,5376102,5012196
Israel,2021-04-25,"Moderna, Pfizer/BioNTech",https://datadashboard.health.gov.il/COVID-19/general,10399839,5380818,5019021
Israel,2021-04-26,"Moderna, Pfizer/BioNTech",https://datadashboard.health.gov.il/COVID-19/general,10412894,5386149,5026745
Israel,2021-04-27,"Moderna, Pfizer/BioNTech",https://datadashboard.health.gov.il/COVID-19/general,10423655,5390496,5033159
Israel,2021-04-28,"Moderna, Pfizer/BioNTech",https://datadashboard.health.gov.il/COVID-19/general,10435059,5394806,5040253
Israel,2021-04-29,"Moderna, Pfizer/BioNTech",https://datadashboard.health.gov.il/COVID-19/general,10446334,5398997,5047337
Israel,2021-04-30,"Moderna, Pfizer/BioNTech",https://datadashboard.health.gov.il/COVID-19/general,10451065,5400728,5050337
Israel,2021-05-01,"Moderna, Pfizer/BioNTech",https://datadashboard.health.gov.il/COVID-19/general,10452267,5401110,5051157
Israel,2021-05-02,"Moderna, Pfizer/BioNTech",https://datadashboard.health.gov.il/COVID-19/general,10461374,5404266,5057108
Israel,2021-05-03,"Moderna, Pfizer/BioNTech",https://datadashboard.health.gov.il/COVID-19/general,10470403,5407665,5062738
Israel,2021-05-04,"Moderna, Pfizer/BioNTech",https://datadashboard.health.gov.il/COVID-19/general,10478313,5411047,5067266
Israel,2021-05-05,"Moderna, Pfizer/BioNTech",https://datadashboard.health.gov.il/COVID-19/general,10485286,5414156,5071130
Israel,2021-05-06,"Moderna, Pfizer/BioNTech",https://datadashboard.health.gov.il/COVID-19/general,10491644,5417592,5074052
Israel,2021-05-07,"Moderna, Pfizer/BioNTech",https://datadashboard.health.gov.il/COVID-19/general,10495587,5419253,5076334
Israel,2021-05-08,"Moderna, Pfizer/BioNTech",https://datadashboard.health.gov.il/COVID-19/general,10496185,5419428,5076757
Israel,2021-05-09,"Moderna, Pfizer/BioNTech",https://datadashboard.health.gov.il/COVID-19/general,10503572,5422190,5081382
Israel,2021-05-10,"Moderna, Pfizer/BioNTech",https://datadashboard.health.gov.il/COVID-19/general,10510857,5424954,5085903
Israel,2021-05-11,"Moderna, Pfizer/BioNTech",https://datadashboard.health.gov.il/COVID-19/general,10516910,5427368,5089542
Israel,2021-05-12,"Moderna, Pfizer/BioNTech",https://datadashboard.health.gov.il/COVID-19/general,10521819,5429183,5092636
Israel,2021-05-13,"Moderna, Pfizer/BioNTech",https://datadashboard.health.gov.il/COVID-19/general,10527107,5430997,5096110
Israel,2021-05-14,"Moderna, Pfizer/BioNTech",https://datadashboard.health.gov.il/COVID-19/general,10529210,5431767,5097443
Israel,2021-05-15,"Moderna, Pfizer/BioNTech",https://datadashboard.health.gov.il/COVID-19/general,10529515,5431899,5097616
Israel,2021-05-16,"Moderna, Pfizer/BioNTech",https://datadashboard.health.gov.il/COVID-19/general,10531074,5432324,5098750
Israel,2021-05-17,"Moderna, Pfizer/BioNTech",https://datadashboard.health.gov.il/COVID-19/general,10532019,5432511,5099508
Israel,2021-05-18,"Moderna, Pfizer/BioNTech",https://datadashboard.health.gov.il/COVID-19/general,10538632,5434326,5104306
Israel,2021-05-19,"Moderna, Pfizer/BioNTech",https://datadashboard.health.gov.il/COVID-19/general,10545537,5436356,5109181
Israel,2021-05-20,"Moderna, Pfizer/BioNTech",https://datadashboard.health.gov.il/COVID-19/general,10551345,5438449,5112896
Israel,2021-05-21,"Moderna, Pfizer/BioNTech",https://datadashboard.health.gov.il/COVID-19/general,10553575,5439456,5114119
Israel,2021-05-22,"Moderna, Pfizer/BioNTech",https://datadashboard.health.gov.il/COVID-19/general,10554037,5439595,5114442
Israel,2021-05-23,"Moderna, Pfizer/BioNTech",https://datadashboard.health.gov.il/COVID-19/general,10559354,5441790,5117564
Israel,2021-05-24,"Moderna, Pfizer/BioNTech",https://datadashboard.health.gov.il/COVID-19/general,10564792,5443767,5121025
Israel,2021-05-25,"Moderna, Pfizer/BioNTech",https://datadashboard.health.gov.il/COVID-19/general,10568878,5445416,5123462
Israel,2021-05-26,"Moderna, Pfizer/BioNTech",https://datadashboard.health.gov.il/COVID-19/general,10572420,5446634,5125786
Israel,2021-05-27,"Moderna, Pfizer/BioNTech",https://datadashboard.health.gov.il/COVID-19/general,10576996,5448268,5128728
Israel,2021-05-28,"Moderna, Pfizer/BioNTech",https://datadashboard.health.gov.il/COVID-19/general,10578852,5448884,5129968
Israel,2021-05-29,"Moderna, Pfizer/BioNTech",https://datadashboard.health.gov.il/COVID-19/general,10579117,5448988,5130129
Israel,2021-05-30,"Moderna, Pfizer/BioNTech",https://datadashboard.health.gov.il/COVID-19/general,10582508,5450534,5131974
Israel,2021-05-31,"Moderna, Pfizer/BioNTech",https://datadashboard.health.gov.il/COVID-19/general,10585977,5452056,5133921
Israel,2021-06-01,"Moderna, Pfizer/BioNTech",https://datadashboard.health.gov.il/COVID-19/general,10588818,5453233,5135585
Israel,2021-06-02,"Moderna, Pfizer/BioNTech",https://datadashboard.health.gov.il/COVID-19/general,10591532,5454520,5137012
Israel,2021-06-03,"Moderna, Pfizer/BioNTech",https://datadashboard.health.gov.il/COVID-19/general,10594325,5456023,5138302
Israel,2021-06-04,"Moderna, Pfizer/BioNTech",https://datadashboard.health.gov.il/COVID-19/general,10595796,5456948,5138848
Israel,2021-06-05,"Moderna, Pfizer/BioNTech",https://datadashboard.health.gov.il/COVID-19/general,10595965,5457051,5138914
Israel,2021-06-06,"Moderna, Pfizer/BioNTech",https://datadashboard.health.gov.il/COVID-19/general,10601017,5461230,5139787
Israel,2021-06-07,"Moderna, Pfizer/BioNTech",https://datadashboard.health.gov.il/COVID-19/general,10605899,5465448,5140451
Israel,2021-06-08,"Moderna, Pfizer/BioNTech",https://datadashboard.health.gov.il/COVID-19/general,10610467,5468999,5141468
Israel,2021-06-09,"Moderna, Pfizer/BioNTech",https://datadashboard.health.gov.il/COVID-19/general,10615048,5472452,5142596
Israel,2021-06-10,"Moderna, Pfizer/BioNTech",https://datadashboard.health.gov.il/COVID-19/general,10619355,5475637,5143718
Israel,2021-06-11,"Moderna, Pfizer/BioNTech",https://datadashboard.health.gov.il/COVID-19/general,10621000,5476877,5144123
Israel,2021-06-12,"Moderna, Pfizer/BioNTech",https://datadashboard.health.gov.il/COVID-19/general,10621227,5477015,5144212
Israel,2021-06-13,"Moderna, Pfizer/BioNTech",https://datadashboard.health.gov.il/COVID-19/general,10625423,5480046,5145377
Israel,2021-06-14,"Moderna, Pfizer/BioNTech",https://datadashboard.health.gov.il/COVID-19/general,10629650,5482925,5146725
Israel,2021-06-15,"Moderna, Pfizer/BioNTech",https://datadashboard.health.gov.il/COVID-19/general,10633778,5485872,5147906
Israel,2021-06-16,"Moderna, Pfizer/BioNTech",https://datadashboard.health.gov.il/COVID-19/general,10637167,5488433,5148734
Israel,2021-06-17,"Moderna, Pfizer/BioNTech",https://datadashboard.health.gov.il/COVID-19/general,10640724,5490981,5149743
Israel,2021-06-18,"Moderna, Pfizer/BioNTech",https://datadashboard.health.gov.il/COVID-19/general,10642137,5492062,5150075
Israel,2021-06-19,"Moderna, Pfizer/BioNTech",https://datadashboard.health.gov.il/COVID-19/general,10642356,5492203,5150153
Israel,2021-06-20,"Moderna, Pfizer/BioNTech",https://datadashboard.health.gov.il/COVID-19/general,10646791,5495427,5151364
Israel,2021-06-21,"Moderna, Pfizer/BioNTech",https://datadashboard.health.gov.il/COVID-19/general,10652876,5500458,5152418
Israel,2021-06-22,"Moderna, Pfizer/BioNTech",https://datadashboard.health.gov.il/COVID-19/general,10660494,5507173,5153321
Israel,2021-06-23,"Moderna, Pfizer/BioNTech",https://datadashboard.health.gov.il/COVID-19/general,10672165,5517744,5154421
Israel,2021-06-24,"Moderna, Pfizer/BioNTech",https://datadashboard.health.gov.il/COVID-19/general,10685308,5529586,5155722
Israel,2021-06-25,"Moderna, Pfizer/BioNTech",https://datadashboard.health.gov.il/COVID-19/general,10692989,5536500,5156489
Israel,2021-06-26,"Moderna, Pfizer/BioNTech",https://datadashboard.health.gov.il/COVID-19/general,10695284,5538685,5156599
Israel,2021-06-27,"Moderna, Pfizer/BioNTech",https://datadashboard.health.gov.il/COVID-19/general,10712086,5552196,5159890
Israel,2021-06-28,"Moderna, Pfizer/BioNTech",https://datadashboard.health.gov.il/COVID-19/general,10729871,5566513,5163358
Israel,2021-06-29,"Moderna, Pfizer/BioNTech",https://datadashboard.health.gov.il/COVID-19/general,10749882,5583011,5166871
Israel,2021-06-30,"Moderna, Pfizer/BioNTech",https://datadashboard.health.gov.il/COVID-19/general,10769337,5599283,5170054
Israel,2021-07-01,"Moderna, Pfizer/BioNTech",https://datadashboard.health.gov.il/COVID-19/general,10789185,5615947,5173238
Israel,2021-07-02,"Moderna, Pfizer/BioNTech",https://datadashboard.health.gov.il/COVID-19/general,10800237,5625603,5174634
Israel,2021-07-03,"Moderna, Pfizer/BioNTech",https://datadashboard.health.gov.il/COVID-19/general,10803063,5628191,5174872
Israel,2021-07-04,"Moderna, Pfizer/BioNTech",https://datadashboard.health.gov.il/COVID-19/general,10823751,5645812,5177939
Israel,2021-07-05,"Moderna, Pfizer/BioNTech",https://datadashboard.health.gov.il/COVID-19/general,10844234,5663434,5180800
Israel,2021-07-06,"Moderna, Pfizer/BioNTech",https://datadashboard.health.gov.il/COVID-19/general,10865121,5681131,5183990
Israel,2021-07-07,"Moderna, Pfizer/BioNTech",https://datadashboard.health.gov.il/COVID-19/general,10882886,5696403,5186483
Israel,2021-07-08,"Moderna, Pfizer/BioNTech",https://datadashboard.health.gov.il/COVID-19/general,10901907,5712769,5189138
Israel,2021-07-09,"Moderna, Pfizer/BioNTech",https://datadashboard.health.gov.il/COVID-19/general,10914201,5723760,5190441
Israel,2021-07-10,"Moderna, Pfizer/BioNTech",https://datadashboard.health.gov.il/COVID-19/general,10919381,5728637,5190744
Israel,2021-07-11,"Moderna, Pfizer/BioNTech",https://datadashboard.health.gov.il/COVID-19/general,10923521,5730022,5193499
