location,date,vaccine,source_url,total_vaccinations,people_vaccinated,people_fully_vaccinated
Jersey,2021-03-14,"Oxford/AstraZeneca, Pfizer/BioNTech",https://www.gov.je/Datasets/ListOpenData?ListName=COVID19Weekly&clean=true,45758,40137,5621
Jersey,2021-03-21,"Oxford/AstraZeneca, Pfizer/BioNTech",https://www.gov.je/Datasets/ListOpenData?ListName=COVID19Weekly&clean=true,52265,43136,9129
Jersey,2021-03-28,"Oxford/AstraZeneca, Pfizer/BioNTech",https://www.gov.je/Datasets/ListOpenData?ListName=COVID19Weekly&clean=true,59132,44318,14814
Jersey,2021-04-04,"Oxford/AstraZeneca, Pfizer/BioNTech",https://www.gov.je/Datasets/ListOpenData?ListName=COVID19Weekly&clean=true,67760,44981,22779
Jersey,2021-04-11,"Moderna, Oxford/AstraZeneca, Pfizer/BioNTech",https://www.gov.je/Datasets/ListOpenData?ListName=COVID19Weekly&clean=true,70859,45585,25274
Jersey,2021-04-18,"Moderna, Oxford/AstraZeneca, Pfizer/BioNTech",https://www.gov.je/Datasets/ListOpenData?ListName=COVID19Weekly&clean=true,77185,49413,27772
Jersey,2021-04-25,"Moderna, Oxford/AstraZeneca, Pfizer/BioNTech",https://www.gov.je/Datasets/ListOpenData?ListName=COVID19Weekly&clean=true,82738,52405,30333
Jersey,2021-05-02,"Moderna, Oxford/AstraZeneca, Pfizer/BioNTech",https://www.gov.je/Datasets/ListOpenData?ListName=COVID19Weekly&clean=true,88404,52891,35513
Jersey,2021-05-12,"Moderna, Oxford/AstraZeneca, Pfizer/BioNTech",https://www.gov.je/Datasets/ListOpenData?ListName=COVID19Weekly&clean=true,94574,55684,38890
Jersey,2021-05-16,"Moderna, Oxford/AstraZeneca, Pfizer/BioNTech",https://www.gov.je/Datasets/ListOpenData?ListName=COVID19Weekly&clean=true,97366,57124,40242
Jersey,2021-05-19,"Moderna, Oxford/AstraZeneca, Pfizer/BioNTech",https://www.gov.je/Datasets/ListOpenData?ListName=COVID19Weekly&clean=true,99736,59281,40455
Jersey,2021-05-23,"Moderna, Oxford/AstraZeneca, Pfizer/BioNTech",https://www.gov.je/Datasets/ListOpenData?ListName=COVID19Weekly&clean=true,103044,59388,43656
Jersey,2021-05-26,"Moderna, Oxford/AstraZeneca, Pfizer/BioNTech",https://www.gov.je/Datasets/ListOpenData?ListName=COVID19Weekly&clean=true,105714,60116,45598
Jersey,2021-05-30,"Moderna, Oxford/AstraZeneca, Pfizer/BioNTech",https://www.gov.je/Datasets/ListOpenData?ListName=COVID19Weekly&clean=true,108577,60961,47616
Jersey,2021-06-02,"Moderna, Oxford/AstraZeneca, Pfizer/BioNTech",https://www.gov.je/Datasets/ListOpenData?ListName=COVID19Weekly&clean=true,110975,61284,49691
Jersey,2021-06-06,"Moderna, Oxford/AstraZeneca, Pfizer/BioNTech",https://www.gov.je/Datasets/ListOpenData?ListName=COVID19Weekly&clean=true,113192,63340,49852
Jersey,2021-06-09,"Moderna, Oxford/AstraZeneca, Pfizer/BioNTech",https://www.gov.je/Datasets/ListOpenData?ListName=COVID19Weekly&clean=true,114615,64541,50074
Jersey,2021-06-13,"Moderna, Oxford/AstraZeneca, Pfizer/BioNTech",https://www.gov.je/Datasets/ListOpenData?ListName=COVID19Weekly&clean=true,116607,65146,51461
Jersey,2021-06-16,"Moderna, Oxford/AstraZeneca, Pfizer/BioNTech",https://www.gov.je/Datasets/ListOpenData?ListName=COVID19Weekly&clean=true,118216,66606,51610
Jersey,2021-06-20,"Moderna, Oxford/AstraZeneca, Pfizer/BioNTech",https://www.gov.je/Datasets/ListOpenData?ListName=COVID19Weekly&clean=true,119975,68210,51765
Jersey,2021-06-23,"Moderna, Oxford/AstraZeneca, Pfizer/BioNTech",https://www.gov.je/Datasets/ListOpenData?ListName=COVID19Weekly&clean=true,121209,69246,51963
Jersey,2021-06-27,"Moderna, Oxford/AstraZeneca, Pfizer/BioNTech",https://www.gov.je/Datasets/ListOpenData?ListName=COVID19Weekly&clean=true,122930,70335,52595
Jersey,2021-07-04,"Moderna, Oxford/AstraZeneca, Pfizer/BioNTech",https://www.gov.je/Datasets/ListOpenData?ListName=COVID19Weekly&clean=true,126554,71444,55110
