location,date,vaccine,source_url,total_vaccinations,people_vaccinated,people_fully_vaccinated
Latvia,2020-12-04,Moderna,https://data.gov.lv/dati/eng/dataset/covid19-vakcinacijas,1,1,0
Latvia,2020-12-16,Pfizer/BioNTech,https://data.gov.lv/dati/eng/dataset/covid19-vakcinacijas,2,2,0
Latvia,2020-12-20,Moderna,https://data.gov.lv/dati/eng/dataset/covid19-vakcinacijas,5,5,0
Latvia,2020-12-22,Pfizer/BioNTech,https://data.gov.lv/dati/eng/dataset/covid19-vakcinacijas,7,7,0
Latvia,2020-12-28,Pfizer/BioNTech,https://data.gov.lv/dati/eng/dataset/covid19-vakcinacijas,604,604,0
Latvia,2020-12-29,Pfizer/BioNTech,https://data.gov.lv/dati/eng/dataset/covid19-vakcinacijas,1477,1477,0
Latvia,2020-12-30,Pfizer/BioNTech,https://data.gov.lv/dati/eng/dataset/covid19-vakcinacijas,2271,2271,0
Latvia,2020-12-31,Pfizer/BioNTech,https://data.gov.lv/dati/eng/dataset/covid19-vakcinacijas,2272,2272,0
Latvia,2021-01-04,Pfizer/BioNTech,https://data.gov.lv/dati/eng/dataset/covid19-vakcinacijas,2973,2973,0
Latvia,2021-01-05,Pfizer/BioNTech,https://data.gov.lv/dati/eng/dataset/covid19-vakcinacijas,3863,3863,0
Latvia,2021-01-06,"Moderna, Pfizer/BioNTech",https://data.gov.lv/dati/eng/dataset/covid19-vakcinacijas,4641,4639,2
Latvia,2021-01-07,Pfizer/BioNTech,https://data.gov.lv/dati/eng/dataset/covid19-vakcinacijas,5452,5450,2
Latvia,2021-01-08,Pfizer/BioNTech,https://data.gov.lv/dati/eng/dataset/covid19-vakcinacijas,6360,6357,3
Latvia,2021-01-09,Pfizer/BioNTech,https://data.gov.lv/dati/eng/dataset/covid19-vakcinacijas,6665,6662,3
Latvia,2021-01-10,Pfizer/BioNTech,https://data.gov.lv/dati/eng/dataset/covid19-vakcinacijas,7001,6998,3
Latvia,2021-01-11,Pfizer/BioNTech,https://data.gov.lv/dati/eng/dataset/covid19-vakcinacijas,8368,8365,3
Latvia,2021-01-12,Pfizer/BioNTech,https://data.gov.lv/dati/eng/dataset/covid19-vakcinacijas,9998,9993,5
Latvia,2021-01-13,"Johnson&Johnson, Moderna, Pfizer/BioNTech",https://data.gov.lv/dati/eng/dataset/covid19-vakcinacijas,11512,11507,6
Latvia,2021-01-14,"Moderna, Oxford/AstraZeneca, Pfizer/BioNTech",https://data.gov.lv/dati/eng/dataset/covid19-vakcinacijas,13340,13334,7
Latvia,2021-01-15,"Moderna, Pfizer/BioNTech",https://data.gov.lv/dati/eng/dataset/covid19-vakcinacijas,15215,15209,7
Latvia,2021-01-16,"Moderna, Pfizer/BioNTech",https://data.gov.lv/dati/eng/dataset/covid19-vakcinacijas,15885,15879,7
Latvia,2021-01-17,Pfizer/BioNTech,https://data.gov.lv/dati/eng/dataset/covid19-vakcinacijas,16004,15996,9
Latvia,2021-01-18,"Moderna, Pfizer/BioNTech",https://data.gov.lv/dati/eng/dataset/covid19-vakcinacijas,16854,16269,586
Latvia,2021-01-19,"Moderna, Pfizer/BioNTech",https://data.gov.lv/dati/eng/dataset/covid19-vakcinacijas,17732,16342,1391
Latvia,2021-01-20,"Moderna, Pfizer/BioNTech",https://data.gov.lv/dati/eng/dataset/covid19-vakcinacijas,18509,16361,2149
Latvia,2021-01-21,Pfizer/BioNTech,https://data.gov.lv/dati/eng/dataset/covid19-vakcinacijas,18792,16629,2164
Latvia,2021-01-22,"Moderna, Pfizer/BioNTech",https://data.gov.lv/dati/eng/dataset/covid19-vakcinacijas,19011,16830,2182
Latvia,2021-01-23,Pfizer/BioNTech,https://data.gov.lv/dati/eng/dataset/covid19-vakcinacijas,19138,16957,2182
Latvia,2021-01-25,Pfizer/BioNTech,https://data.gov.lv/dati/eng/dataset/covid19-vakcinacijas,19807,16976,2832
Latvia,2021-01-26,"Moderna, Pfizer/BioNTech",https://data.gov.lv/dati/eng/dataset/covid19-vakcinacijas,20662,17008,3655
Latvia,2021-01-27,"Moderna, Pfizer/BioNTech",https://data.gov.lv/dati/eng/dataset/covid19-vakcinacijas,21494,17095,4400
Latvia,2021-01-28,Pfizer/BioNTech,https://data.gov.lv/dati/eng/dataset/covid19-vakcinacijas,22277,17124,5154
Latvia,2021-01-29,"Moderna, Pfizer/BioNTech",https://data.gov.lv/dati/eng/dataset/covid19-vakcinacijas,23243,17176,6068
Latvia,2021-01-30,Pfizer/BioNTech,https://data.gov.lv/dati/eng/dataset/covid19-vakcinacijas,23551,17180,6372
Latvia,2021-01-31,Pfizer/BioNTech,https://data.gov.lv/dati/eng/dataset/covid19-vakcinacijas,23890,17184,6707
Latvia,2021-02-01,"Moderna, Pfizer/BioNTech",https://data.gov.lv/dati/eng/dataset/covid19-vakcinacijas,25083,17201,7883
Latvia,2021-02-02,"Moderna, Oxford/AstraZeneca, Pfizer/BioNTech",https://data.gov.lv/dati/eng/dataset/covid19-vakcinacijas,26904,17342,9563
Latvia,2021-02-03,"Moderna, Pfizer/BioNTech",https://data.gov.lv/dati/eng/dataset/covid19-vakcinacijas,28531,17588,10944
Latvia,2021-02-04,"Moderna, Pfizer/BioNTech",https://data.gov.lv/dati/eng/dataset/covid19-vakcinacijas,30041,17730,12312
Latvia,2021-02-05,"Moderna, Oxford/AstraZeneca, Pfizer/BioNTech",https://data.gov.lv/dati/eng/dataset/covid19-vakcinacijas,31712,17894,13819
Latvia,2021-02-06,Pfizer/BioNTech,https://data.gov.lv/dati/eng/dataset/covid19-vakcinacijas,32282,17903,14380
Latvia,2021-02-07,"Oxford/AstraZeneca, Pfizer/BioNTech",https://data.gov.lv/dati/eng/dataset/covid19-vakcinacijas,32409,17907,14503
Latvia,2021-02-08,"Moderna, Pfizer/BioNTech",https://data.gov.lv/dati/eng/dataset/covid19-vakcinacijas,32820,18163,14658
Latvia,2021-02-09,"Moderna, Oxford/AstraZeneca, Pfizer/BioNTech",https://data.gov.lv/dati/eng/dataset/covid19-vakcinacijas,33006,18305,14702
Latvia,2021-02-10,"Moderna, Oxford/AstraZeneca, Pfizer/BioNTech",https://data.gov.lv/dati/eng/dataset/covid19-vakcinacijas,33641,18740,14902
Latvia,2021-02-11,"Moderna, Oxford/AstraZeneca, Pfizer/BioNTech",https://data.gov.lv/dati/eng/dataset/covid19-vakcinacijas,35430,19846,15585
Latvia,2021-02-12,"Moderna, Oxford/AstraZeneca, Pfizer/BioNTech",https://data.gov.lv/dati/eng/dataset/covid19-vakcinacijas,37173,21030,16144
Latvia,2021-02-13,"Moderna, Oxford/AstraZeneca, Pfizer/BioNTech",https://data.gov.lv/dati/eng/dataset/covid19-vakcinacijas,37575,21255,16321
Latvia,2021-02-14,"Moderna, Oxford/AstraZeneca, Pfizer/BioNTech",https://data.gov.lv/dati/eng/dataset/covid19-vakcinacijas,37597,21256,16342
Latvia,2021-02-15,"Moderna, Oxford/AstraZeneca, Pfizer/BioNTech",https://data.gov.lv/dati/eng/dataset/covid19-vakcinacijas,38477,21980,16498
Latvia,2021-02-16,"Moderna, Oxford/AstraZeneca, Pfizer/BioNTech",https://data.gov.lv/dati/eng/dataset/covid19-vakcinacijas,39867,23292,16576
Latvia,2021-02-17,"Moderna, Oxford/AstraZeneca, Pfizer/BioNTech",https://data.gov.lv/dati/eng/dataset/covid19-vakcinacijas,41875,25119,16757
Latvia,2021-02-18,"Moderna, Oxford/AstraZeneca, Pfizer/BioNTech",https://data.gov.lv/dati/eng/dataset/covid19-vakcinacijas,43429,26618,16812
Latvia,2021-02-19,"Moderna, Oxford/AstraZeneca, Pfizer/BioNTech",https://data.gov.lv/dati/eng/dataset/covid19-vakcinacijas,44808,27940,16869
Latvia,2021-02-20,"Moderna, Oxford/AstraZeneca",https://data.gov.lv/dati/eng/dataset/covid19-vakcinacijas,45552,28665,16888
Latvia,2021-02-21,Oxford/AstraZeneca,https://data.gov.lv/dati/eng/dataset/covid19-vakcinacijas,46360,29473,16888
Latvia,2021-02-22,"Moderna, Oxford/AstraZeneca, Pfizer/BioNTech",https://data.gov.lv/dati/eng/dataset/covid19-vakcinacijas,48148,31228,16921
Latvia,2021-02-23,"Moderna, Oxford/AstraZeneca, Pfizer/BioNTech",https://data.gov.lv/dati/eng/dataset/covid19-vakcinacijas,50548,33599,16950
Latvia,2021-02-24,"Moderna, Oxford/AstraZeneca, Pfizer/BioNTech",https://data.gov.lv/dati/eng/dataset/covid19-vakcinacijas,54881,37894,16988
Latvia,2021-02-25,"Moderna, Oxford/AstraZeneca, Pfizer/BioNTech",https://data.gov.lv/dati/eng/dataset/covid19-vakcinacijas,59084,42052,17033
Latvia,2021-02-26,"Moderna, Oxford/AstraZeneca, Pfizer/BioNTech",https://data.gov.lv/dati/eng/dataset/covid19-vakcinacijas,62479,45359,17121
Latvia,2021-02-27,"Moderna, Oxford/AstraZeneca, Pfizer/BioNTech",https://data.gov.lv/dati/eng/dataset/covid19-vakcinacijas,63072,45943,17130
Latvia,2021-02-28,"Moderna, Oxford/AstraZeneca, Pfizer/BioNTech",https://data.gov.lv/dati/eng/dataset/covid19-vakcinacijas,63207,46075,17133
Latvia,2021-03-01,"Moderna, Oxford/AstraZeneca, Pfizer/BioNTech",https://data.gov.lv/dati/eng/dataset/covid19-vakcinacijas,65496,48134,17363
Latvia,2021-03-02,"Moderna, Oxford/AstraZeneca, Pfizer/BioNTech",https://data.gov.lv/dati/eng/dataset/covid19-vakcinacijas,68364,50700,17665
Latvia,2021-03-03,"Moderna, Oxford/AstraZeneca, Pfizer/BioNTech",https://data.gov.lv/dati/eng/dataset/covid19-vakcinacijas,73938,56082,17857
Latvia,2021-03-04,"Moderna, Oxford/AstraZeneca, Pfizer/BioNTech",https://data.gov.lv/dati/eng/dataset/covid19-vakcinacijas,82298,64324,17975
Latvia,2021-03-05,"Johnson&Johnson, Moderna, Oxford/AstraZeneca, Pfizer/BioNTech",https://data.gov.lv/dati/eng/dataset/covid19-vakcinacijas,89384,71273,18113
Latvia,2021-03-06,"Moderna, Oxford/AstraZeneca, Pfizer/BioNTech",https://data.gov.lv/dati/eng/dataset/covid19-vakcinacijas,90588,72472,18118
Latvia,2021-03-07,"Johnson&Johnson, Oxford/AstraZeneca, Pfizer/BioNTech",https://data.gov.lv/dati/eng/dataset/covid19-vakcinacijas,90670,72551,18122
Latvia,2021-03-08,"Johnson&Johnson, Moderna, Oxford/AstraZeneca, Pfizer/BioNTech",https://data.gov.lv/dati/eng/dataset/covid19-vakcinacijas,93130,74974,18160
Latvia,2021-03-09,"Moderna, Oxford/AstraZeneca, Pfizer/BioNTech",https://data.gov.lv/dati/eng/dataset/covid19-vakcinacijas,96342,78160,18186
Latvia,2021-03-10,"Moderna, Oxford/AstraZeneca, Pfizer/BioNTech",https://data.gov.lv/dati/eng/dataset/covid19-vakcinacijas,99836,81604,18236
Latvia,2021-03-11,"Moderna, Oxford/AstraZeneca, Pfizer/BioNTech",https://data.gov.lv/dati/eng/dataset/covid19-vakcinacijas,103683,85440,18247
Latvia,2021-03-12,"Moderna, Oxford/AstraZeneca, Pfizer/BioNTech",https://data.gov.lv/dati/eng/dataset/covid19-vakcinacijas,111189,92937,18256
Latvia,2021-03-13,"Moderna, Oxford/AstraZeneca, Pfizer/BioNTech",https://data.gov.lv/dati/eng/dataset/covid19-vakcinacijas,112564,94311,18257
Latvia,2021-03-14,Oxford/AstraZeneca,https://data.gov.lv/dati/eng/dataset/covid19-vakcinacijas,112636,94383,18257
Latvia,2021-03-15,"Moderna, Oxford/AstraZeneca, Pfizer/BioNTech",https://data.gov.lv/dati/eng/dataset/covid19-vakcinacijas,118266,99948,18322
Latvia,2021-03-16,"Johnson&Johnson, Moderna, Oxford/AstraZeneca, Pfizer/BioNTech",https://data.gov.lv/dati/eng/dataset/covid19-vakcinacijas,118453,100011,18447
Latvia,2021-03-17,"Moderna, Oxford/AstraZeneca, Pfizer/BioNTech",https://data.gov.lv/dati/eng/dataset/covid19-vakcinacijas,118629,100082,18552
Latvia,2021-03-18,"Johnson&Johnson, Moderna, Oxford/AstraZeneca, Pfizer/BioNTech",https://data.gov.lv/dati/eng/dataset/covid19-vakcinacijas,118911,100103,18814
Latvia,2021-03-19,"Moderna, Oxford/AstraZeneca, Pfizer/BioNTech",https://data.gov.lv/dati/eng/dataset/covid19-vakcinacijas,119846,100747,19105
Latvia,2021-03-20,"Moderna, Oxford/AstraZeneca, Pfizer/BioNTech",https://data.gov.lv/dati/eng/dataset/covid19-vakcinacijas,120250,101150,19106
Latvia,2021-03-21,"Oxford/AstraZeneca, Pfizer/BioNTech",https://data.gov.lv/dati/eng/dataset/covid19-vakcinacijas,120275,101174,19107
Latvia,2021-03-22,"Johnson&Johnson, Moderna, Oxford/AstraZeneca, Pfizer/BioNTech",https://data.gov.lv/dati/eng/dataset/covid19-vakcinacijas,123967,104636,19339
Latvia,2021-03-23,"Moderna, Oxford/AstraZeneca, Pfizer/BioNTech",https://data.gov.lv/dati/eng/dataset/covid19-vakcinacijas,131525,111804,19729
Latvia,2021-03-24,"Moderna, Oxford/AstraZeneca, Pfizer/BioNTech",https://data.gov.lv/dati/eng/dataset/covid19-vakcinacijas,139992,119585,20415
Latvia,2021-03-25,"Moderna, Oxford/AstraZeneca, Pfizer/BioNTech",https://data.gov.lv/dati/eng/dataset/covid19-vakcinacijas,147089,126003,21094
Latvia,2021-03-26,"Moderna, Oxford/AstraZeneca, Pfizer/BioNTech",https://data.gov.lv/dati/eng/dataset/covid19-vakcinacijas,152117,130332,21793
Latvia,2021-03-27,"Moderna, Oxford/AstraZeneca, Pfizer/BioNTech",https://data.gov.lv/dati/eng/dataset/covid19-vakcinacijas,152694,130577,22125
Latvia,2021-03-28,"Oxford/AstraZeneca, Pfizer/BioNTech",https://data.gov.lv/dati/eng/dataset/covid19-vakcinacijas,152725,130607,22126
Latvia,2021-03-29,"Moderna, Oxford/AstraZeneca, Pfizer/BioNTech",https://data.gov.lv/dati/eng/dataset/covid19-vakcinacijas,155411,132895,22524
Latvia,2021-03-30,"Moderna, Oxford/AstraZeneca, Pfizer/BioNTech",https://data.gov.lv/dati/eng/dataset/covid19-vakcinacijas,161622,138387,23243
Latvia,2021-03-31,"Moderna, Oxford/AstraZeneca, Pfizer/BioNTech",https://data.gov.lv/dati/eng/dataset/covid19-vakcinacijas,168662,144192,24478
Latvia,2021-04-01,"Moderna, Oxford/AstraZeneca, Pfizer/BioNTech",https://data.gov.lv/dati/eng/dataset/covid19-vakcinacijas,173575,148379,25204
Latvia,2021-04-02,"Johnson&Johnson, Moderna, Oxford/AstraZeneca, Pfizer/BioNTech",https://data.gov.lv/dati/eng/dataset/covid19-vakcinacijas,174149,148953,25205
Latvia,2021-04-03,"Johnson&Johnson, Moderna, Oxford/AstraZeneca, Pfizer/BioNTech",https://data.gov.lv/dati/eng/dataset/covid19-vakcinacijas,177814,152548,25276
Latvia,2021-04-04,"Moderna, Oxford/AstraZeneca, Pfizer/BioNTech",https://data.gov.lv/dati/eng/dataset/covid19-vakcinacijas,179441,154175,25276
Latvia,2021-04-05,"Johnson&Johnson, Moderna, Oxford/AstraZeneca, Pfizer/BioNTech",https://data.gov.lv/dati/eng/dataset/covid19-vakcinacijas,182315,157047,25279
Latvia,2021-04-06,"Moderna, Oxford/AstraZeneca, Pfizer/BioNTech",https://data.gov.lv/dati/eng/dataset/covid19-vakcinacijas,188383,162611,25783
Latvia,2021-04-07,"Johnson&Johnson, Moderna, Oxford/AstraZeneca, Pfizer/BioNTech",https://data.gov.lv/dati/eng/dataset/covid19-vakcinacijas,199024,172768,26273
Latvia,2021-04-08,"Moderna, Oxford/AstraZeneca, Pfizer/BioNTech",https://data.gov.lv/dati/eng/dataset/covid19-vakcinacijas,206838,180295,26560
Latvia,2021-04-09,"Johnson&Johnson, Moderna, Oxford/AstraZeneca, Pfizer/BioNTech",https://data.gov.lv/dati/eng/dataset/covid19-vakcinacijas,212612,185876,26757
Latvia,2021-04-10,"Moderna, Oxford/AstraZeneca, Pfizer/BioNTech",https://data.gov.lv/dati/eng/dataset/covid19-vakcinacijas,214624,187803,26842
Latvia,2021-04-11,"Johnson&Johnson, Moderna, Oxford/AstraZeneca, Pfizer/BioNTech",https://data.gov.lv/dati/eng/dataset/covid19-vakcinacijas,214719,187898,26843
Latvia,2021-04-12,"Moderna, Oxford/AstraZeneca, Pfizer/BioNTech",https://data.gov.lv/dati/eng/dataset/covid19-vakcinacijas,217713,190819,26916
Latvia,2021-04-13,"Moderna, Oxford/AstraZeneca, Pfizer/BioNTech",https://data.gov.lv/dati/eng/dataset/covid19-vakcinacijas,222092,195128,26986
Latvia,2021-04-14,"Moderna, Oxford/AstraZeneca, Pfizer/BioNTech",https://data.gov.lv/dati/eng/dataset/covid19-vakcinacijas,228948,201739,27231
Latvia,2021-04-15,"Moderna, Oxford/AstraZeneca, Pfizer/BioNTech",https://data.gov.lv/dati/eng/dataset/covid19-vakcinacijas,235339,207307,28054
Latvia,2021-04-16,"Moderna, Oxford/AstraZeneca, Pfizer/BioNTech",https://data.gov.lv/dati/eng/dataset/covid19-vakcinacijas,244818,216053,28787
Latvia,2021-04-17,"Moderna, Oxford/AstraZeneca, Pfizer/BioNTech",https://data.gov.lv/dati/eng/dataset/covid19-vakcinacijas,251367,222496,28893
Latvia,2021-04-18,"Moderna, Oxford/AstraZeneca, Pfizer/BioNTech",https://data.gov.lv/dati/eng/dataset/covid19-vakcinacijas,252291,223419,28894
Latvia,2021-04-19,"Moderna, Oxford/AstraZeneca, Pfizer/BioNTech",https://data.gov.lv/dati/eng/dataset/covid19-vakcinacijas,256275,226709,29588
Latvia,2021-04-20,"Moderna, Oxford/AstraZeneca, Pfizer/BioNTech",https://data.gov.lv/dati/eng/dataset/covid19-vakcinacijas,263661,232148,31535
Latvia,2021-04-21,"Moderna, Oxford/AstraZeneca, Pfizer/BioNTech",https://data.gov.lv/dati/eng/dataset/covid19-vakcinacijas,274120,239490,34652
Latvia,2021-04-22,"Moderna, Oxford/AstraZeneca, Pfizer/BioNTech",https://data.gov.lv/dati/eng/dataset/covid19-vakcinacijas,283954,246835,37141
Latvia,2021-04-23,"Moderna, Oxford/AstraZeneca, Pfizer/BioNTech",https://data.gov.lv/dati/eng/dataset/covid19-vakcinacijas,294762,255594,39190
Latvia,2021-04-24,"Moderna, Oxford/AstraZeneca, Pfizer/BioNTech",https://data.gov.lv/dati/eng/dataset/covid19-vakcinacijas,300925,261092,39855
Latvia,2021-04-25,"Moderna, Oxford/AstraZeneca, Pfizer/BioNTech",https://data.gov.lv/dati/eng/dataset/covid19-vakcinacijas,302297,262431,39888
Latvia,2021-04-26,"Moderna, Oxford/AstraZeneca, Pfizer/BioNTech",https://data.gov.lv/dati/eng/dataset/covid19-vakcinacijas,306867,265083,41806
Latvia,2021-04-27,"Johnson&Johnson, Moderna, Oxford/AstraZeneca, Pfizer/BioNTech",https://data.gov.lv/dati/eng/dataset/covid19-vakcinacijas,314368,269752,44713
Latvia,2021-04-28,"Johnson&Johnson, Moderna, Oxford/AstraZeneca, Pfizer/BioNTech",https://data.gov.lv/dati/eng/dataset/covid19-vakcinacijas,329010,280832,48386
Latvia,2021-04-29,"Johnson&Johnson, Moderna, Oxford/AstraZeneca, Pfizer/BioNTech",https://data.gov.lv/dati/eng/dataset/covid19-vakcinacijas,343462,291216,52503
Latvia,2021-04-30,"Johnson&Johnson, Moderna, Oxford/AstraZeneca, Pfizer/BioNTech",https://data.gov.lv/dati/eng/dataset/covid19-vakcinacijas,355010,300188,55159
Latvia,2021-05-01,"Johnson&Johnson, Moderna, Oxford/AstraZeneca, Pfizer/BioNTech",https://data.gov.lv/dati/eng/dataset/covid19-vakcinacijas,361867,306526,55679
Latvia,2021-05-02,"Johnson&Johnson, Moderna, Oxford/AstraZeneca, Pfizer/BioNTech",https://data.gov.lv/dati/eng/dataset/covid19-vakcinacijas,363472,308106,55715
Latvia,2021-05-03,"Moderna, Oxford/AstraZeneca, Pfizer/BioNTech",https://data.gov.lv/dati/eng/dataset/covid19-vakcinacijas,366449,310181,56617
Latvia,2021-05-04,"Johnson&Johnson, Moderna, Oxford/AstraZeneca, Pfizer/BioNTech",https://data.gov.lv/dati/eng/dataset/covid19-vakcinacijas,375324,318910,56766
Latvia,2021-05-05,"Johnson&Johnson, Moderna, Oxford/AstraZeneca, Pfizer/BioNTech",https://data.gov.lv/dati/eng/dataset/covid19-vakcinacijas,392072,328509,64050
Latvia,2021-05-06,"Johnson&Johnson, Moderna, Oxford/AstraZeneca, Pfizer/BioNTech",https://data.gov.lv/dati/eng/dataset/covid19-vakcinacijas,413784,342080,72363
Latvia,2021-05-07,"Johnson&Johnson, Moderna, Oxford/AstraZeneca, Pfizer/BioNTech",https://data.gov.lv/dati/eng/dataset/covid19-vakcinacijas,433777,353876,80725
Latvia,2021-05-08,"Johnson&Johnson, Moderna, Oxford/AstraZeneca, Pfizer/BioNTech",https://data.gov.lv/dati/eng/dataset/covid19-vakcinacijas,446072,363905,83040
Latvia,2021-05-09,"Johnson&Johnson, Moderna, Oxford/AstraZeneca, Pfizer/BioNTech",https://data.gov.lv/dati/eng/dataset/covid19-vakcinacijas,447692,365235,83412
Latvia,2021-05-10,"Johnson&Johnson, Moderna, Oxford/AstraZeneca, Pfizer/BioNTech",https://data.gov.lv/dati/eng/dataset/covid19-vakcinacijas,457276,370251,88104
Latvia,2021-05-11,"Johnson&Johnson, Moderna, Oxford/AstraZeneca, Pfizer/BioNTech",https://data.gov.lv/dati/eng/dataset/covid19-vakcinacijas,475276,383102,93532
Latvia,2021-05-12,"Johnson&Johnson, Moderna, Oxford/AstraZeneca, Pfizer/BioNTech",https://data.gov.lv/dati/eng/dataset/covid19-vakcinacijas,498087,399067,100947
Latvia,2021-05-13,"Johnson&Johnson, Moderna, Oxford/AstraZeneca, Pfizer/BioNTech",https://data.gov.lv/dati/eng/dataset/covid19-vakcinacijas,520537,414376,108751
Latvia,2021-05-14,"Johnson&Johnson, Moderna, Oxford/AstraZeneca, Pfizer/BioNTech",https://data.gov.lv/dati/eng/dataset/covid19-vakcinacijas,542474,426557,119442
Latvia,2021-05-15,"Johnson&Johnson, Moderna, Oxford/AstraZeneca, Pfizer/BioNTech",https://data.gov.lv/dati/eng/dataset/covid19-vakcinacijas,555770,434295,125090
Latvia,2021-05-16,"Johnson&Johnson, Moderna, Oxford/AstraZeneca, Pfizer/BioNTech",https://data.gov.lv/dati/eng/dataset/covid19-vakcinacijas,560797,438319,126113
Latvia,2021-05-17,"Johnson&Johnson, Moderna, Oxford/AstraZeneca, Pfizer/BioNTech",https://data.gov.lv/dati/eng/dataset/covid19-vakcinacijas,572749,445709,131309
Latvia,2021-05-18,"Johnson&Johnson, Moderna, Oxford/AstraZeneca, Pfizer/BioNTech",https://data.gov.lv/dati/eng/dataset/covid19-vakcinacijas,590064,456626,138991
Latvia,2021-05-19,"Johnson&Johnson, Moderna, Oxford/AstraZeneca, Pfizer/BioNTech",https://data.gov.lv/dati/eng/dataset/covid19-vakcinacijas,612886,466422,153925
Latvia,2021-05-20,"Johnson&Johnson, Moderna, Oxford/AstraZeneca, Pfizer/BioNTech",https://data.gov.lv/dati/eng/dataset/covid19-vakcinacijas,634192,474676,168769
Latvia,2021-05-21,"Johnson&Johnson, Moderna, Oxford/AstraZeneca, Pfizer/BioNTech",https://data.gov.lv/dati/eng/dataset/covid19-vakcinacijas,654916,485462,181119
Latvia,2021-05-22,"Johnson&Johnson, Moderna, Oxford/AstraZeneca, Pfizer/BioNTech",https://data.gov.lv/dati/eng/dataset/covid19-vakcinacijas,667591,491525,189213
Latvia,2021-05-23,"Johnson&Johnson, Moderna, Oxford/AstraZeneca, Pfizer/BioNTech",https://data.gov.lv/dati/eng/dataset/covid19-vakcinacijas,670394,492589,191163
Latvia,2021-05-24,"Johnson&Johnson, Moderna, Oxford/AstraZeneca, Pfizer/BioNTech",https://data.gov.lv/dati/eng/dataset/covid19-vakcinacijas,682253,498900,198077
Latvia,2021-05-25,"Johnson&Johnson, Moderna, Oxford/AstraZeneca, Pfizer/BioNTech",https://data.gov.lv/dati/eng/dataset/covid19-vakcinacijas,702602,505775,212673
Latvia,2021-05-26,"Johnson&Johnson, Moderna, Oxford/AstraZeneca, Pfizer/BioNTech",https://data.gov.lv/dati/eng/dataset/covid19-vakcinacijas,724323,513681,227513
Latvia,2021-05-27,"Johnson&Johnson, Moderna, Oxford/AstraZeneca, Pfizer/BioNTech",https://data.gov.lv/dati/eng/dataset/covid19-vakcinacijas,745993,519359,244432
Latvia,2021-05-28,"Johnson&Johnson, Moderna, Oxford/AstraZeneca, Pfizer/BioNTech",https://data.gov.lv/dati/eng/dataset/covid19-vakcinacijas,770534,529818,259943
Latvia,2021-05-29,"Johnson&Johnson, Moderna, Oxford/AstraZeneca, Pfizer/BioNTech",https://data.gov.lv/dati/eng/dataset/covid19-vakcinacijas,782348,534903,268315
Latvia,2021-05-30,"Johnson&Johnson, Moderna, Oxford/AstraZeneca, Pfizer/BioNTech",https://data.gov.lv/dati/eng/dataset/covid19-vakcinacijas,786488,537649,270447
Latvia,2021-05-31,"Johnson&Johnson, Moderna, Oxford/AstraZeneca, Pfizer/BioNTech",https://data.gov.lv/dati/eng/dataset/covid19-vakcinacijas,799392,543654,278389
Latvia,2021-06-01,"Johnson&Johnson, Moderna, Oxford/AstraZeneca, Pfizer/BioNTech",https://data.gov.lv/dati/eng/dataset/covid19-vakcinacijas,820493,550705,293368
Latvia,2021-06-02,"Johnson&Johnson, Moderna, Oxford/AstraZeneca, Pfizer/BioNTech",https://data.gov.lv/dati/eng/dataset/covid19-vakcinacijas,842408,555439,311997
Latvia,2021-06-03,"Johnson&Johnson, Moderna, Oxford/AstraZeneca, Pfizer/BioNTech",https://data.gov.lv/dati/eng/dataset/covid19-vakcinacijas,864095,559978,330211
Latvia,2021-06-04,"Johnson&Johnson, Moderna, Oxford/AstraZeneca, Pfizer/BioNTech",https://data.gov.lv/dati/eng/dataset/covid19-vakcinacijas,883995,566851,345047
Latvia,2021-06-05,"Johnson&Johnson, Moderna, Oxford/AstraZeneca, Pfizer/BioNTech",https://data.gov.lv/dati/eng/dataset/covid19-vakcinacijas,895207,570241,353908
Latvia,2021-06-06,"Johnson&Johnson, Moderna, Oxford/AstraZeneca, Pfizer/BioNTech",https://data.gov.lv/dati/eng/dataset/covid19-vakcinacijas,900395,571624,358792
Latvia,2021-06-07,"Johnson&Johnson, Moderna, Oxford/AstraZeneca, Pfizer/BioNTech",https://data.gov.lv/dati/eng/dataset/covid19-vakcinacijas,915262,577682,368644
Latvia,2021-06-08,"Johnson&Johnson, Moderna, Oxford/AstraZeneca, Pfizer/BioNTech",https://data.gov.lv/dati/eng/dataset/covid19-vakcinacijas,933274,583091,382641
Latvia,2021-06-09,"Johnson&Johnson, Moderna, Oxford/AstraZeneca, Pfizer/BioNTech",https://data.gov.lv/dati/eng/dataset/covid19-vakcinacijas,951530,589288,395908
Latvia,2021-06-10,"Johnson&Johnson, Moderna, Oxford/AstraZeneca, Pfizer/BioNTech",https://data.gov.lv/dati/eng/dataset/covid19-vakcinacijas,968467,595318,408405
Latvia,2021-06-11,"Johnson&Johnson, Moderna, Oxford/AstraZeneca, Pfizer/BioNTech",https://data.gov.lv/dati/eng/dataset/covid19-vakcinacijas,985705,601095,421436
Latvia,2021-06-12,"Johnson&Johnson, Moderna, Oxford/AstraZeneca, Pfizer/BioNTech",https://data.gov.lv/dati/eng/dataset/covid19-vakcinacijas,993926,605471,426569
Latvia,2021-06-13,"Johnson&Johnson, Moderna, Oxford/AstraZeneca, Pfizer/BioNTech",https://data.gov.lv/dati/eng/dataset/covid19-vakcinacijas,995524,606718,427379
Latvia,2021-06-14,"Johnson&Johnson, Moderna, Oxford/AstraZeneca, Pfizer/BioNTech",https://data.gov.lv/dati/eng/dataset/covid19-vakcinacijas,1005795,610317,434937
Latvia,2021-06-15,"Johnson&Johnson, Moderna, Oxford/AstraZeneca, Pfizer/BioNTech",https://data.gov.lv/dati/eng/dataset/covid19-vakcinacijas,1018715,614793,445041
Latvia,2021-06-16,"Johnson&Johnson, Moderna, Oxford/AstraZeneca, Pfizer/BioNTech",https://data.gov.lv/dati/eng/dataset/covid19-vakcinacijas,1034249,620400,456559
Latvia,2021-06-17,"Johnson&Johnson, Moderna, Oxford/AstraZeneca, Pfizer/BioNTech",https://data.gov.lv/dati/eng/dataset/covid19-vakcinacijas,1047470,625922,465908
Latvia,2021-06-18,"Johnson&Johnson, Moderna, Oxford/AstraZeneca, Pfizer/BioNTech",https://data.gov.lv/dati/eng/dataset/covid19-vakcinacijas,1064565,631518,479403
Latvia,2021-06-19,"Johnson&Johnson, Moderna, Oxford/AstraZeneca, Pfizer/BioNTech",https://data.gov.lv/dati/eng/dataset/covid19-vakcinacijas,1072882,635024,485693
Latvia,2021-06-20,"Johnson&Johnson, Moderna, Oxford/AstraZeneca, Pfizer/BioNTech",https://data.gov.lv/dati/eng/dataset/covid19-vakcinacijas,1076329,636035,488785
Latvia,2021-06-21,"Johnson&Johnson, Moderna, Oxford/AstraZeneca, Pfizer/BioNTech",https://data.gov.lv/dati/eng/dataset/covid19-vakcinacijas,1088718,639589,499124
Latvia,2021-06-22,"Johnson&Johnson, Moderna, Oxford/AstraZeneca, Pfizer/BioNTech",https://data.gov.lv/dati/eng/dataset/covid19-vakcinacijas,1098886,642499,507653
Latvia,2021-06-23,"Johnson&Johnson, Moderna, Oxford/AstraZeneca, Pfizer/BioNTech",https://data.gov.lv/dati/eng/dataset/covid19-vakcinacijas,1099201,642714,507878
Latvia,2021-06-24,"Johnson&Johnson, Moderna, Pfizer/BioNTech",https://data.gov.lv/dati/eng/dataset/covid19-vakcinacijas,1099280,642747,507934
Latvia,2021-06-25,"Johnson&Johnson, Moderna, Oxford/AstraZeneca, Pfizer/BioNTech",https://data.gov.lv/dati/eng/dataset/covid19-vakcinacijas,1102227,643525,510430
Latvia,2021-06-26,"Johnson&Johnson, Moderna, Oxford/AstraZeneca, Pfizer/BioNTech",https://data.gov.lv/dati/eng/dataset/covid19-vakcinacijas,1105411,644772,512975
Latvia,2021-06-27,"Johnson&Johnson, Moderna, Oxford/AstraZeneca, Pfizer/BioNTech",https://data.gov.lv/dati/eng/dataset/covid19-vakcinacijas,1107655,645445,515017
Latvia,2021-06-28,"Johnson&Johnson, Moderna, Oxford/AstraZeneca, Pfizer/BioNTech",https://data.gov.lv/dati/eng/dataset/covid19-vakcinacijas,1122976,648720,528360
Latvia,2021-06-29,"Johnson&Johnson, Moderna, Oxford/AstraZeneca, Pfizer/BioNTech",https://data.gov.lv/dati/eng/dataset/covid19-vakcinacijas,1137167,653697,539399
Latvia,2021-06-30,"Johnson&Johnson, Moderna, Oxford/AstraZeneca, Pfizer/BioNTech",https://data.gov.lv/dati/eng/dataset/covid19-vakcinacijas,1151719,658567,550988
Latvia,2021-07-01,"Johnson&Johnson, Moderna, Oxford/AstraZeneca, Pfizer/BioNTech",https://data.gov.lv/dati/eng/dataset/covid19-vakcinacijas,1163199,663236,559449
Latvia,2021-07-02,"Johnson&Johnson, Moderna, Oxford/AstraZeneca, Pfizer/BioNTech",https://data.gov.lv/dati/eng/dataset/covid19-vakcinacijas,1175368,668253,568533
Latvia,2021-07-03,"Johnson&Johnson, Moderna, Oxford/AstraZeneca, Pfizer/BioNTech",https://data.gov.lv/dati/eng/dataset/covid19-vakcinacijas,1183903,671378,575503
Latvia,2021-07-04,"Johnson&Johnson, Moderna, Oxford/AstraZeneca, Pfizer/BioNTech",https://data.gov.lv/dati/eng/dataset/covid19-vakcinacijas,1186075,672750,577105
Latvia,2021-07-05,"Johnson&Johnson, Moderna, Oxford/AstraZeneca, Pfizer/BioNTech",https://data.gov.lv/dati/eng/dataset/covid19-vakcinacijas,1193695,676778,582220
Latvia,2021-07-06,"Johnson&Johnson, Moderna, Oxford/AstraZeneca, Pfizer/BioNTech",https://data.gov.lv/dati/eng/dataset/covid19-vakcinacijas,1202272,681371,588172
Latvia,2021-07-07,"Johnson&Johnson, Moderna, Oxford/AstraZeneca, Pfizer/BioNTech",https://data.gov.lv/dati/eng/dataset/covid19-vakcinacijas,1212178,686593,595316
Latvia,2021-07-08,"Johnson&Johnson, Moderna, Oxford/AstraZeneca, Pfizer/BioNTech",https://data.gov.lv/dati/eng/dataset/covid19-vakcinacijas,1220566,690836,601360
Latvia,2021-07-09,"Johnson&Johnson, Moderna, Oxford/AstraZeneca, Pfizer/BioNTech",https://data.gov.lv/dati/eng/dataset/covid19-vakcinacijas,1230440,695617,608785
Latvia,2021-07-10,"Johnson&Johnson, Moderna, Oxford/AstraZeneca, Pfizer/BioNTech",https://data.gov.lv/dati/eng/dataset/covid19-vakcinacijas,1236414,697504,613987
Latvia,2021-07-11,"Johnson&Johnson, Moderna, Oxford/AstraZeneca, Pfizer/BioNTech",https://data.gov.lv/dati/eng/dataset/covid19-vakcinacijas,1238086,698648,615268
