location,date,vaccine,source_url,total_vaccinations,people_vaccinated,people_fully_vaccinated
Liechtenstein,2020-12-22,Pfizer/BioNTech,https://www.covid19.admin.ch/en/epidemiologic/vacc-doses?detGeo=FL,0,0,0
Liechtenstein,2020-12-23,Pfizer/BioNTech,https://www.covid19.admin.ch/en/epidemiologic/vacc-doses?detGeo=FL,0,0,0
Liechtenstein,2020-12-24,Pfizer/BioNTech,https://www.covid19.admin.ch/en/epidemiologic/vacc-doses?detGeo=FL,0,0,0
Liechtenstein,2020-12-25,Pfizer/BioNTech,https://www.covid19.admin.ch/en/epidemiologic/vacc-doses?detGeo=FL,0,0,0
Liechtenstein,2020-12-26,Pfizer/BioNTech,https://www.covid19.admin.ch/en/epidemiologic/vacc-doses?detGeo=FL,0,0,0
Liechtenstein,2020-12-27,Pfizer/BioNTech,https://www.covid19.admin.ch/en/epidemiologic/vacc-doses?detGeo=FL,0,0,0
Liechtenstein,2020-12-28,Pfizer/BioNTech,https://www.covid19.admin.ch/en/epidemiologic/vacc-doses?detGeo=FL,0,0,0
Liechtenstein,2020-12-29,Pfizer/BioNTech,https://www.covid19.admin.ch/en/epidemiologic/vacc-doses?detGeo=FL,0,0,0
Liechtenstein,2020-12-30,Pfizer/BioNTech,https://www.covid19.admin.ch/en/epidemiologic/vacc-doses?detGeo=FL,0,0,0
Liechtenstein,2020-12-31,Pfizer/BioNTech,https://www.covid19.admin.ch/en/epidemiologic/vacc-doses?detGeo=FL,0,0,0
Liechtenstein,2021-01-01,Pfizer/BioNTech,https://www.covid19.admin.ch/en/epidemiologic/vacc-doses?detGeo=FL,0,0,0
Liechtenstein,2021-01-02,Pfizer/BioNTech,https://www.covid19.admin.ch/en/epidemiologic/vacc-doses?detGeo=FL,0,0,0
Liechtenstein,2021-01-03,Pfizer/BioNTech,https://www.covid19.admin.ch/en/epidemiologic/vacc-doses?detGeo=FL,0,0,0
Liechtenstein,2021-01-04,Pfizer/BioNTech,https://www.covid19.admin.ch/en/epidemiologic/vacc-doses?detGeo=FL,2,2,0
Liechtenstein,2021-01-05,Pfizer/BioNTech,https://www.covid19.admin.ch/en/epidemiologic/vacc-doses?detGeo=FL,2,2,0
Liechtenstein,2021-01-06,Pfizer/BioNTech,https://www.covid19.admin.ch/en/epidemiologic/vacc-doses?detGeo=FL,5,5,0
Liechtenstein,2021-01-07,Pfizer/BioNTech,https://www.covid19.admin.ch/en/epidemiologic/vacc-doses?detGeo=FL,6,6,0
Liechtenstein,2021-01-08,Pfizer/BioNTech,https://www.covid19.admin.ch/en/epidemiologic/vacc-doses?detGeo=FL,6,6,0
Liechtenstein,2021-01-09,Pfizer/BioNTech,https://www.covid19.admin.ch/en/epidemiologic/vacc-doses?detGeo=FL,6,6,0
Liechtenstein,2021-01-10,Pfizer/BioNTech,https://www.covid19.admin.ch/en/epidemiologic/vacc-doses?detGeo=FL,6,6,0
Liechtenstein,2021-01-11,Pfizer/BioNTech,https://www.covid19.admin.ch/en/epidemiologic/vacc-doses?detGeo=FL,6,6,0
Liechtenstein,2021-01-12,Pfizer/BioNTech,https://www.covid19.admin.ch/en/epidemiologic/vacc-doses?detGeo=FL,11,11,0
Liechtenstein,2021-01-13,Pfizer/BioNTech,https://www.covid19.admin.ch/en/epidemiologic/vacc-doses?detGeo=FL,11,11,0
Liechtenstein,2021-01-14,Pfizer/BioNTech,https://www.covid19.admin.ch/en/epidemiologic/vacc-doses?detGeo=FL,11,11,0
Liechtenstein,2021-01-15,Pfizer/BioNTech,https://www.covid19.admin.ch/en/epidemiologic/vacc-doses?detGeo=FL,11,11,0
Liechtenstein,2021-01-16,Pfizer/BioNTech,https://www.covid19.admin.ch/en/epidemiologic/vacc-doses?detGeo=FL,11,11,0
Liechtenstein,2021-01-17,Pfizer/BioNTech,https://www.covid19.admin.ch/en/epidemiologic/vacc-doses?detGeo=FL,11,11,0
Liechtenstein,2021-01-18,Pfizer/BioNTech,https://www.covid19.admin.ch/en/epidemiologic/vacc-doses?detGeo=FL,116,116,0
Liechtenstein,2021-01-19,Pfizer/BioNTech,https://www.covid19.admin.ch/en/epidemiologic/vacc-doses?detGeo=FL,191,191,0
Liechtenstein,2021-01-20,Pfizer/BioNTech,https://www.covid19.admin.ch/en/epidemiologic/vacc-doses?detGeo=FL,247,247,0
Liechtenstein,2021-01-21,Pfizer/BioNTech,https://www.covid19.admin.ch/en/epidemiologic/vacc-doses?detGeo=FL,313,313,0
Liechtenstein,2021-01-22,Pfizer/BioNTech,https://www.covid19.admin.ch/en/epidemiologic/vacc-doses?detGeo=FL,343,343,0
Liechtenstein,2021-01-23,Pfizer/BioNTech,https://www.covid19.admin.ch/en/epidemiologic/vacc-doses?detGeo=FL,343,343,0
Liechtenstein,2021-01-24,Pfizer/BioNTech,https://www.covid19.admin.ch/en/epidemiologic/vacc-doses?detGeo=FL,343,343,0
Liechtenstein,2021-01-25,Pfizer/BioNTech,https://www.covid19.admin.ch/en/epidemiologic/vacc-doses?detGeo=FL,418,418,0
Liechtenstein,2021-01-26,Pfizer/BioNTech,https://www.covid19.admin.ch/en/epidemiologic/vacc-doses?detGeo=FL,463,463,0
Liechtenstein,2021-01-27,Pfizer/BioNTech,https://www.covid19.admin.ch/en/epidemiologic/vacc-doses?detGeo=FL,463,463,0
Liechtenstein,2021-01-28,Pfizer/BioNTech,https://www.covid19.admin.ch/en/epidemiologic/vacc-doses?detGeo=FL,651,651,0
Liechtenstein,2021-01-29,"Moderna, Pfizer/BioNTech",https://www.covid19.admin.ch/en/epidemiologic/vacc-doses?detGeo=FL,841,841,0
Liechtenstein,2021-01-30,"Moderna, Pfizer/BioNTech",https://www.covid19.admin.ch/en/epidemiologic/vacc-doses?detGeo=FL,841,841,0
Liechtenstein,2021-01-31,"Moderna, Pfizer/BioNTech",https://www.covid19.admin.ch/en/epidemiologic/vacc-doses?detGeo=FL,841,841,0
Liechtenstein,2021-02-01,"Moderna, Pfizer/BioNTech",https://www.covid19.admin.ch/en/epidemiologic/vacc-doses?detGeo=FL,841,841,0
Liechtenstein,2021-02-02,"Moderna, Pfizer/BioNTech",https://www.covid19.admin.ch/en/epidemiologic/vacc-doses?detGeo=FL,841,841,0
Liechtenstein,2021-02-03,"Moderna, Pfizer/BioNTech",https://www.covid19.admin.ch/en/epidemiologic/vacc-doses?detGeo=FL,846,841,5
Liechtenstein,2021-02-04,"Moderna, Pfizer/BioNTech",https://www.covid19.admin.ch/en/epidemiologic/vacc-doses?detGeo=FL,846,841,5
Liechtenstein,2021-02-05,"Moderna, Pfizer/BioNTech",https://www.covid19.admin.ch/en/epidemiologic/vacc-doses?detGeo=FL,846,841,5
Liechtenstein,2021-02-06,"Moderna, Pfizer/BioNTech",https://www.covid19.admin.ch/en/epidemiologic/vacc-doses?detGeo=FL,846,841,5
Liechtenstein,2021-02-07,"Moderna, Pfizer/BioNTech",https://www.covid19.admin.ch/en/epidemiologic/vacc-doses?detGeo=FL,846,841,5
Liechtenstein,2021-02-08,"Moderna, Pfizer/BioNTech",https://www.covid19.admin.ch/en/epidemiologic/vacc-doses?detGeo=FL,951,841,110
Liechtenstein,2021-02-09,"Moderna, Pfizer/BioNTech",https://www.covid19.admin.ch/en/epidemiologic/vacc-doses?detGeo=FL,1026,842,184
Liechtenstein,2021-02-10,"Moderna, Pfizer/BioNTech",https://www.covid19.admin.ch/en/epidemiologic/vacc-doses?detGeo=FL,1079,844,235
Liechtenstein,2021-02-11,"Moderna, Pfizer/BioNTech",https://www.covid19.admin.ch/en/epidemiologic/vacc-doses?detGeo=FL,1144,844,300
Liechtenstein,2021-02-12,"Moderna, Pfizer/BioNTech",https://www.covid19.admin.ch/en/epidemiologic/vacc-doses?detGeo=FL,1174,844,330
Liechtenstein,2021-02-13,"Moderna, Pfizer/BioNTech",https://www.covid19.admin.ch/en/epidemiologic/vacc-doses?detGeo=FL,1174,844,330
Liechtenstein,2021-02-14,"Moderna, Pfizer/BioNTech",https://www.covid19.admin.ch/en/epidemiologic/vacc-doses?detGeo=FL,1174,844,330
Liechtenstein,2021-02-15,"Moderna, Pfizer/BioNTech",https://www.covid19.admin.ch/en/epidemiologic/vacc-doses?detGeo=FL,1249,845,404
Liechtenstein,2021-02-16,"Moderna, Pfizer/BioNTech",https://www.covid19.admin.ch/en/epidemiologic/vacc-doses?detGeo=FL,1494,1046,448
Liechtenstein,2021-02-17,"Moderna, Pfizer/BioNTech",https://www.covid19.admin.ch/en/epidemiologic/vacc-doses?detGeo=FL,1695,1247,448
Liechtenstein,2021-02-18,"Moderna, Pfizer/BioNTech",https://www.covid19.admin.ch/en/epidemiologic/vacc-doses?detGeo=FL,1815,1367,448
Liechtenstein,2021-02-19,"Moderna, Pfizer/BioNTech",https://www.covid19.admin.ch/en/epidemiologic/vacc-doses?detGeo=FL,1815,1367,448
Liechtenstein,2021-02-20,"Moderna, Pfizer/BioNTech",https://www.covid19.admin.ch/en/epidemiologic/vacc-doses?detGeo=FL,1815,1367,448
Liechtenstein,2021-02-21,"Moderna, Pfizer/BioNTech",https://www.covid19.admin.ch/en/epidemiologic/vacc-doses?detGeo=FL,1815,1367,448
Liechtenstein,2021-02-22,"Moderna, Pfizer/BioNTech",https://www.covid19.admin.ch/en/epidemiologic/vacc-doses?detGeo=FL,2018,1570,448
Liechtenstein,2021-02-23,"Moderna, Pfizer/BioNTech",https://www.covid19.admin.ch/en/epidemiologic/vacc-doses?detGeo=FL,2222,1774,448
Liechtenstein,2021-02-24,"Moderna, Pfizer/BioNTech",https://www.covid19.admin.ch/en/epidemiologic/vacc-doses?detGeo=FL,2222,1774,448
Liechtenstein,2021-02-25,"Moderna, Pfizer/BioNTech",https://www.covid19.admin.ch/en/epidemiologic/vacc-doses?detGeo=FL,2411,1781,630
Liechtenstein,2021-02-26,"Moderna, Pfizer/BioNTech",https://www.covid19.admin.ch/en/epidemiologic/vacc-doses?detGeo=FL,2601,1781,820
Liechtenstein,2021-02-27,"Moderna, Pfizer/BioNTech",https://www.covid19.admin.ch/en/epidemiologic/vacc-doses?detGeo=FL,2601,1781,820
Liechtenstein,2021-02-28,"Moderna, Pfizer/BioNTech",https://www.covid19.admin.ch/en/epidemiologic/vacc-doses?detGeo=FL,2601,1781,820
Liechtenstein,2021-03-01,"Moderna, Pfizer/BioNTech",https://www.covid19.admin.ch/en/epidemiologic/vacc-doses?detGeo=FL,2601,1781,820
Liechtenstein,2021-03-02,"Moderna, Pfizer/BioNTech",https://www.covid19.admin.ch/en/epidemiologic/vacc-doses?detGeo=FL,2601,1781,820
Liechtenstein,2021-03-03,"Moderna, Pfizer/BioNTech",https://www.covid19.admin.ch/en/epidemiologic/vacc-doses?detGeo=FL,2723,1903,820
Liechtenstein,2021-03-04,"Moderna, Pfizer/BioNTech",https://www.covid19.admin.ch/en/epidemiologic/vacc-doses?detGeo=FL,2919,2099,820
Liechtenstein,2021-03-05,"Moderna, Pfizer/BioNTech",https://www.covid19.admin.ch/en/epidemiologic/vacc-doses?detGeo=FL,3128,2308,820
Liechtenstein,2021-03-06,"Moderna, Pfizer/BioNTech",https://www.covid19.admin.ch/en/epidemiologic/vacc-doses?detGeo=FL,3128,2308,820
Liechtenstein,2021-03-07,"Moderna, Pfizer/BioNTech",https://www.covid19.admin.ch/en/epidemiologic/vacc-doses?detGeo=FL,3128,2308,820
Liechtenstein,2021-03-08,"Moderna, Pfizer/BioNTech",https://www.covid19.admin.ch/en/epidemiologic/vacc-doses?detGeo=FL,3128,2308,820
Liechtenstein,2021-03-09,"Moderna, Pfizer/BioNTech",https://www.covid19.admin.ch/en/epidemiologic/vacc-doses?detGeo=FL,3339,2518,821
Liechtenstein,2021-03-10,"Moderna, Pfizer/BioNTech",https://www.covid19.admin.ch/en/epidemiologic/vacc-doses?detGeo=FL,3540,2719,821
Liechtenstein,2021-03-11,"Moderna, Pfizer/BioNTech",https://www.covid19.admin.ch/en/epidemiologic/vacc-doses?detGeo=FL,3779,2958,821
Liechtenstein,2021-03-12,"Moderna, Pfizer/BioNTech",https://www.covid19.admin.ch/en/epidemiologic/vacc-doses?detGeo=FL,3779,2958,821
Liechtenstein,2021-03-13,"Moderna, Pfizer/BioNTech",https://www.covid19.admin.ch/en/epidemiologic/vacc-doses?detGeo=FL,3779,2958,821
Liechtenstein,2021-03-14,"Moderna, Pfizer/BioNTech",https://www.covid19.admin.ch/en/epidemiologic/vacc-doses?detGeo=FL,3779,2958,821
Liechtenstein,2021-03-15,"Moderna, Pfizer/BioNTech",https://www.covid19.admin.ch/en/epidemiologic/vacc-doses?detGeo=FL,3789,2968,821
Liechtenstein,2021-03-16,"Moderna, Pfizer/BioNTech",https://www.covid19.admin.ch/en/epidemiologic/vacc-doses?detGeo=FL,4004,2983,1021
Liechtenstein,2021-03-17,"Moderna, Pfizer/BioNTech",https://www.covid19.admin.ch/en/epidemiologic/vacc-doses?detGeo=FL,4236,3001,1235
Liechtenstein,2021-03-18,"Moderna, Pfizer/BioNTech",https://www.covid19.admin.ch/en/epidemiologic/vacc-doses?detGeo=FL,4366,3012,1354
Liechtenstein,2021-03-19,"Moderna, Pfizer/BioNTech",https://www.covid19.admin.ch/en/epidemiologic/vacc-doses?detGeo=FL,4366,3012,1354
Liechtenstein,2021-03-20,"Moderna, Pfizer/BioNTech",https://www.covid19.admin.ch/en/epidemiologic/vacc-doses?detGeo=FL,4366,3012,1354
Liechtenstein,2021-03-21,"Moderna, Pfizer/BioNTech",https://www.covid19.admin.ch/en/epidemiologic/vacc-doses?detGeo=FL,4366,3012,1354
Liechtenstein,2021-03-22,"Moderna, Pfizer/BioNTech",https://www.covid19.admin.ch/en/epidemiologic/vacc-doses?detGeo=FL,4569,3014,1555
Liechtenstein,2021-03-23,"Moderna, Pfizer/BioNTech",https://www.covid19.admin.ch/en/epidemiologic/vacc-doses?detGeo=FL,4772,3019,1753
Liechtenstein,2021-03-24,"Moderna, Pfizer/BioNTech",https://www.covid19.admin.ch/en/epidemiologic/vacc-doses?detGeo=FL,5011,3258,1753
Liechtenstein,2021-03-25,"Moderna, Pfizer/BioNTech",https://www.covid19.admin.ch/en/epidemiologic/vacc-doses?detGeo=FL,5251,3498,1753
Liechtenstein,2021-03-26,"Moderna, Pfizer/BioNTech",https://www.covid19.admin.ch/en/epidemiologic/vacc-doses?detGeo=FL,5490,3737,1753
Liechtenstein,2021-03-27,"Moderna, Pfizer/BioNTech",https://www.covid19.admin.ch/en/epidemiologic/vacc-doses?detGeo=FL,5490,3737,1753
Liechtenstein,2021-03-28,"Moderna, Pfizer/BioNTech",https://www.covid19.admin.ch/en/epidemiologic/vacc-doses?detGeo=FL,5490,3737,1753
Liechtenstein,2021-03-29,"Moderna, Pfizer/BioNTech",https://www.covid19.admin.ch/en/epidemiologic/vacc-doses?detGeo=FL,5729,3976,1753
Liechtenstein,2021-03-30,"Moderna, Pfizer/BioNTech",https://www.covid19.admin.ch/en/epidemiologic/vacc-doses?detGeo=FL,5979,4217,1762
Liechtenstein,2021-03-31,"Moderna, Pfizer/BioNTech",https://www.covid19.admin.ch/en/epidemiologic/vacc-doses?detGeo=FL,6101,4217,1884
Liechtenstein,2021-04-01,"Moderna, Pfizer/BioNTech",https://www.covid19.admin.ch/en/epidemiologic/vacc-doses?detGeo=FL,6298,4217,2081
Liechtenstein,2021-04-02,"Moderna, Pfizer/BioNTech",https://www.covid19.admin.ch/en/epidemiologic/vacc-doses?detGeo=FL,6504,4219,2285
Liechtenstein,2021-04-03,"Moderna, Pfizer/BioNTech",https://www.covid19.admin.ch/en/epidemiologic/vacc-doses?detGeo=FL,6504,4219,2285
Liechtenstein,2021-04-04,"Moderna, Pfizer/BioNTech",https://www.covid19.admin.ch/en/epidemiologic/vacc-doses?detGeo=FL,6504,4219,2285
Liechtenstein,2021-04-05,"Moderna, Pfizer/BioNTech",https://www.covid19.admin.ch/en/epidemiologic/vacc-doses?detGeo=FL,6504,4219,2285
Liechtenstein,2021-04-06,"Moderna, Pfizer/BioNTech",https://www.covid19.admin.ch/en/epidemiologic/vacc-doses?detGeo=FL,6714,4220,2494
Liechtenstein,2021-04-07,"Moderna, Pfizer/BioNTech",https://www.covid19.admin.ch/en/epidemiologic/vacc-doses?detGeo=FL,6914,4221,2693
Liechtenstein,2021-04-08,"Moderna, Pfizer/BioNTech",https://www.covid19.admin.ch/en/epidemiologic/vacc-doses?detGeo=FL,7154,4224,2930
Liechtenstein,2021-04-09,"Moderna, Pfizer/BioNTech",https://www.covid19.admin.ch/en/epidemiologic/vacc-doses?detGeo=FL,7414,4484,2930
Liechtenstein,2021-04-10,"Moderna, Pfizer/BioNTech",https://www.covid19.admin.ch/en/epidemiologic/vacc-doses?detGeo=FL,7414,4484,2930
Liechtenstein,2021-04-11,"Moderna, Pfizer/BioNTech",https://www.covid19.admin.ch/en/epidemiologic/vacc-doses?detGeo=FL,7414,4484,2930
Liechtenstein,2021-04-12,"Moderna, Pfizer/BioNTech",https://www.covid19.admin.ch/en/epidemiologic/vacc-doses?detGeo=FL,7693,4753,2940
Liechtenstein,2021-04-13,"Moderna, Pfizer/BioNTech",https://www.covid19.admin.ch/en/epidemiologic/vacc-doses?detGeo=FL,7968,5017,2951
Liechtenstein,2021-04-14,"Moderna, Pfizer/BioNTech",https://www.covid19.admin.ch/en/epidemiologic/vacc-doses?detGeo=FL,8275,5305,2970
Liechtenstein,2021-04-15,"Moderna, Pfizer/BioNTech",https://www.covid19.admin.ch/en/epidemiologic/vacc-doses?detGeo=FL,8572,5590,2982
Liechtenstein,2021-04-16,"Moderna, Pfizer/BioNTech",https://www.covid19.admin.ch/en/epidemiologic/vacc-doses?detGeo=FL,8860,5876,2984
Liechtenstein,2021-04-17,"Moderna, Pfizer/BioNTech",https://www.covid19.admin.ch/en/epidemiologic/vacc-doses?detGeo=FL,8860,5876,2984
Liechtenstein,2021-04-18,"Moderna, Pfizer/BioNTech",https://www.covid19.admin.ch/en/epidemiologic/vacc-doses?detGeo=FL,8860,5876,2984
Liechtenstein,2021-04-19,"Moderna, Pfizer/BioNTech",https://www.covid19.admin.ch/en/epidemiologic/vacc-doses?detGeo=FL,9418,6428,2990
Liechtenstein,2021-04-20,"Moderna, Pfizer/BioNTech",https://www.covid19.admin.ch/en/epidemiologic/vacc-doses?detGeo=FL,9959,6969,2990
Liechtenstein,2021-04-21,"Moderna, Pfizer/BioNTech",https://www.covid19.admin.ch/en/epidemiologic/vacc-doses?detGeo=FL,10457,7229,3228
Liechtenstein,2021-04-22,"Moderna, Pfizer/BioNTech",https://www.covid19.admin.ch/en/epidemiologic/vacc-doses?detGeo=FL,10960,7489,3471
Liechtenstein,2021-04-23,"Moderna, Pfizer/BioNTech",https://www.covid19.admin.ch/en/epidemiologic/vacc-doses?detGeo=FL,11457,7752,3705
Liechtenstein,2021-04-24,"Moderna, Pfizer/BioNTech",https://www.covid19.admin.ch/en/epidemiologic/vacc-doses?detGeo=FL,11457,7752,3705
Liechtenstein,2021-04-25,"Moderna, Pfizer/BioNTech",https://www.covid19.admin.ch/en/epidemiologic/vacc-doses?detGeo=FL,11457,7752,3705
Liechtenstein,2021-04-26,"Moderna, Pfizer/BioNTech",https://www.covid19.admin.ch/en/epidemiologic/vacc-doses?detGeo=FL,11697,7756,3941
Liechtenstein,2021-04-27,"Moderna, Pfizer/BioNTech",https://www.covid19.admin.ch/en/epidemiologic/vacc-doses?detGeo=FL,11946,7773,4173
Liechtenstein,2021-04-28,"Moderna, Pfizer/BioNTech",https://www.covid19.admin.ch/en/epidemiologic/vacc-doses?detGeo=FL,12219,8044,4175
Liechtenstein,2021-04-29,"Moderna, Pfizer/BioNTech",https://www.covid19.admin.ch/en/epidemiologic/vacc-doses?detGeo=FL,12488,8311,4177
Liechtenstein,2021-04-30,"Moderna, Pfizer/BioNTech",https://www.covid19.admin.ch/en/epidemiologic/vacc-doses?detGeo=FL,12998,8815,4183
Liechtenstein,2021-05-01,"Moderna, Pfizer/BioNTech",https://www.covid19.admin.ch/en/epidemiologic/vacc-doses?detGeo=FL,12998,8815,4183
Liechtenstein,2021-05-02,"Moderna, Pfizer/BioNTech",https://www.covid19.admin.ch/en/epidemiologic/vacc-doses?detGeo=FL,12998,8815,4183
Liechtenstein,2021-05-03,"Moderna, Pfizer/BioNTech",https://www.covid19.admin.ch/en/epidemiologic/vacc-doses?detGeo=FL,13277,9094,4183
Liechtenstein,2021-05-04,"Moderna, Pfizer/BioNTech",https://www.covid19.admin.ch/en/epidemiologic/vacc-doses?detGeo=FL,13549,9366,4183
Liechtenstein,2021-05-05,"Moderna, Pfizer/BioNTech",https://www.covid19.admin.ch/en/epidemiologic/vacc-doses?detGeo=FL,13829,9645,4184
Liechtenstein,2021-05-06,"Moderna, Pfizer/BioNTech",https://www.covid19.admin.ch/en/epidemiologic/vacc-doses?detGeo=FL,14109,9925,4184
Liechtenstein,2021-05-07,"Moderna, Pfizer/BioNTech",https://www.covid19.admin.ch/en/epidemiologic/vacc-doses?detGeo=FL,14369,9932,4437
Liechtenstein,2021-05-08,"Moderna, Pfizer/BioNTech",https://www.covid19.admin.ch/en/epidemiologic/vacc-doses?detGeo=FL,14369,9932,4437
Liechtenstein,2021-05-09,"Moderna, Pfizer/BioNTech",https://www.covid19.admin.ch/en/epidemiologic/vacc-doses?detGeo=FL,14369,9932,4437
Liechtenstein,2021-05-10,"Moderna, Pfizer/BioNTech",https://www.covid19.admin.ch/en/epidemiologic/vacc-doses?detGeo=FL,14929,10226,4703
Liechtenstein,2021-05-11,"Moderna, Pfizer/BioNTech",https://www.covid19.admin.ch/en/epidemiologic/vacc-doses?detGeo=FL,15469,10511,4958
Liechtenstein,2021-05-12,"Moderna, Pfizer/BioNTech",https://www.covid19.admin.ch/en/epidemiologic/vacc-doses?detGeo=FL,15765,10518,5247
Liechtenstein,2021-05-13,"Moderna, Pfizer/BioNTech",https://www.covid19.admin.ch/en/epidemiologic/vacc-doses?detGeo=FL,16051,10523,5528
Liechtenstein,2021-05-14,"Moderna, Pfizer/BioNTech",https://www.covid19.admin.ch/en/epidemiologic/vacc-doses?detGeo=FL,16333,10529,5804
Liechtenstein,2021-05-15,"Moderna, Pfizer/BioNTech",https://www.covid19.admin.ch/en/epidemiologic/vacc-doses?detGeo=FL,16333,10529,5804
Liechtenstein,2021-05-16,"Moderna, Pfizer/BioNTech",https://www.covid19.admin.ch/en/epidemiologic/vacc-doses?detGeo=FL,16333,10529,5804
Liechtenstein,2021-05-17,"Moderna, Pfizer/BioNTech",https://www.covid19.admin.ch/en/epidemiologic/vacc-doses?detGeo=FL,16892,10540,6352
Liechtenstein,2021-05-18,"Moderna, Pfizer/BioNTech",https://www.covid19.admin.ch/en/epidemiologic/vacc-doses?detGeo=FL,17437,10545,6892
Liechtenstein,2021-05-19,"Moderna, Pfizer/BioNTech",https://www.covid19.admin.ch/en/epidemiologic/vacc-doses?detGeo=FL,17978,10826,7152
Liechtenstein,2021-05-20,"Moderna, Pfizer/BioNTech",https://www.covid19.admin.ch/en/epidemiologic/vacc-doses?detGeo=FL,18520,11110,7410
Liechtenstein,2021-05-21,"Moderna, Pfizer/BioNTech",https://www.covid19.admin.ch/en/epidemiologic/vacc-doses?detGeo=FL,19078,11406,7672
Liechtenstein,2021-05-22,"Moderna, Pfizer/BioNTech",https://www.covid19.admin.ch/en/epidemiologic/vacc-doses?detGeo=FL,19078,11406,7672
Liechtenstein,2021-05-23,"Moderna, Pfizer/BioNTech",https://www.covid19.admin.ch/en/epidemiologic/vacc-doses?detGeo=FL,19078,11406,7672
Liechtenstein,2021-05-24,"Moderna, Pfizer/BioNTech",https://www.covid19.admin.ch/en/epidemiologic/vacc-doses?detGeo=FL,19078,11406,7672
Liechtenstein,2021-05-25,"Moderna, Pfizer/BioNTech",https://www.covid19.admin.ch/en/epidemiologic/vacc-doses?detGeo=FL,19637,11965,7672
Liechtenstein,2021-05-26,"Moderna, Pfizer/BioNTech",https://www.covid19.admin.ch/en/epidemiologic/vacc-doses?detGeo=FL,20184,12245,7939
Liechtenstein,2021-05-27,"Moderna, Pfizer/BioNTech",https://www.covid19.admin.ch/en/epidemiologic/vacc-doses?detGeo=FL,20752,12539,8213
Liechtenstein,2021-05-28,"Moderna, Pfizer/BioNTech",https://www.covid19.admin.ch/en/epidemiologic/vacc-doses?detGeo=FL,21281,12551,8730
Liechtenstein,2021-05-29,"Moderna, Pfizer/BioNTech",https://www.covid19.admin.ch/en/epidemiologic/vacc-doses?detGeo=FL,21281,12551,8730
Liechtenstein,2021-05-30,"Moderna, Pfizer/BioNTech",https://www.covid19.admin.ch/en/epidemiologic/vacc-doses?detGeo=FL,21281,12551,8730
Liechtenstein,2021-05-31,"Moderna, Pfizer/BioNTech",https://www.covid19.admin.ch/en/epidemiologic/vacc-doses?detGeo=FL,21836,12826,9010
Liechtenstein,2021-06-01,"Moderna, Pfizer/BioNTech",https://www.covid19.admin.ch/en/epidemiologic/vacc-doses?detGeo=FL,22385,13111,9274
Liechtenstein,2021-06-02,"Moderna, Pfizer/BioNTech",https://www.covid19.admin.ch/en/epidemiologic/vacc-doses?detGeo=FL,22944,13400,9544
Liechtenstein,2021-06-03,"Moderna, Pfizer/BioNTech",https://www.covid19.admin.ch/en/epidemiologic/vacc-doses?detGeo=FL,23494,13682,9812
Liechtenstein,2021-06-04,"Moderna, Pfizer/BioNTech",https://www.covid19.admin.ch/en/epidemiologic/vacc-doses?detGeo=FL,24054,14237,9817
Liechtenstein,2021-06-05,"Moderna, Pfizer/BioNTech",https://www.covid19.admin.ch/en/epidemiologic/vacc-doses?detGeo=FL,24054,14237,9817
Liechtenstein,2021-06-06,"Moderna, Pfizer/BioNTech",https://www.covid19.admin.ch/en/epidemiologic/vacc-doses?detGeo=FL,24054,14237,9817
Liechtenstein,2021-06-07,"Moderna, Pfizer/BioNTech",https://www.covid19.admin.ch/en/epidemiologic/vacc-doses?detGeo=FL,24633,14517,10116
Liechtenstein,2021-06-08,"Moderna, Pfizer/BioNTech",https://www.covid19.admin.ch/en/epidemiologic/vacc-doses?detGeo=FL,25211,14804,10407
Liechtenstein,2021-06-09,"Moderna, Pfizer/BioNTech",https://www.covid19.admin.ch/en/epidemiologic/vacc-doses?detGeo=FL,25779,15372,10407
Liechtenstein,2021-06-10,"Moderna, Pfizer/BioNTech",https://www.covid19.admin.ch/en/epidemiologic/vacc-doses?detGeo=FL,26349,15933,10416
Liechtenstein,2021-06-11,"Moderna, Pfizer/BioNTech",https://www.covid19.admin.ch/en/epidemiologic/vacc-doses?detGeo=FL,26927,16477,10450
Liechtenstein,2021-06-12,"Moderna, Pfizer/BioNTech",https://www.covid19.admin.ch/en/epidemiologic/vacc-doses?detGeo=FL,26927,16477,10450
Liechtenstein,2021-06-13,"Moderna, Pfizer/BioNTech",https://www.covid19.admin.ch/en/epidemiologic/vacc-doses?detGeo=FL,26927,16477,10450
Liechtenstein,2021-06-14,"Moderna, Pfizer/BioNTech",https://www.covid19.admin.ch/en/epidemiologic/vacc-doses?detGeo=FL,27488,17030,10458
Liechtenstein,2021-06-15,"Moderna, Pfizer/BioNTech",https://www.covid19.admin.ch/en/epidemiologic/vacc-doses?detGeo=FL,28045,17587,10458
Liechtenstein,2021-06-16,"Moderna, Pfizer/BioNTech",https://www.covid19.admin.ch/en/epidemiologic/vacc-doses?detGeo=FL,28605,17872,10733
Liechtenstein,2021-06-17,"Moderna, Pfizer/BioNTech",https://www.covid19.admin.ch/en/epidemiologic/vacc-doses?detGeo=FL,29155,18159,10996
Liechtenstein,2021-06-18,"Moderna, Pfizer/BioNTech",https://www.covid19.admin.ch/en/epidemiologic/vacc-doses?detGeo=FL,29735,18445,11290
Liechtenstein,2021-06-19,"Moderna, Pfizer/BioNTech",https://www.covid19.admin.ch/en/epidemiologic/vacc-doses?detGeo=FL,29735,18445,11290
Liechtenstein,2021-06-20,"Moderna, Pfizer/BioNTech",https://www.covid19.admin.ch/en/epidemiologic/vacc-doses?detGeo=FL,29735,18445,11290
Liechtenstein,2021-06-21,"Moderna, Pfizer/BioNTech",https://www.covid19.admin.ch/en/epidemiologic/vacc-doses?detGeo=FL,29735,18445,11290
Liechtenstein,2021-06-22,"Moderna, Pfizer/BioNTech",https://www.covid19.admin.ch/en/epidemiologic/vacc-doses?detGeo=FL,30260,18447,11813
Liechtenstein,2021-06-23,"Moderna, Pfizer/BioNTech",https://www.covid19.admin.ch/en/epidemiologic/vacc-doses?detGeo=FL,30556,18461,12095
Liechtenstein,2021-06-24,"Moderna, Pfizer/BioNTech",https://www.covid19.admin.ch/en/epidemiologic/vacc-doses?detGeo=FL,31074,18672,12402
Liechtenstein,2021-06-25,"Moderna, Pfizer/BioNTech",https://www.covid19.admin.ch/en/epidemiologic/vacc-doses?detGeo=FL,31352,18932,12420
Liechtenstein,2021-06-26,"Moderna, Pfizer/BioNTech",https://www.covid19.admin.ch/en/epidemiologic/vacc-doses?detGeo=FL,31352,18932,12420
Liechtenstein,2021-06-27,"Moderna, Pfizer/BioNTech",https://www.covid19.admin.ch/en/epidemiologic/vacc-doses?detGeo=FL,31352,18932,12420
Liechtenstein,2021-06-28,"Moderna, Pfizer/BioNTech",https://www.covid19.admin.ch/en/epidemiologic/vacc-doses?detGeo=FL,31641,18962,12679
Liechtenstein,2021-06-29,"Moderna, Pfizer/BioNTech",https://www.covid19.admin.ch/en/epidemiologic/vacc-doses?detGeo=FL,31940,18980,12960
Liechtenstein,2021-06-30,"Moderna, Pfizer/BioNTech",https://www.covid19.admin.ch/en/epidemiologic/vacc-doses?detGeo=FL,32482,19247,13235
Liechtenstein,2021-07-01,"Moderna, Pfizer/BioNTech",https://www.covid19.admin.ch/en/epidemiologic/vacc-doses?detGeo=FL,33028,19526,13502
Liechtenstein,2021-07-02,"Moderna, Pfizer/BioNTech",https://www.covid19.admin.ch/en/epidemiologic/vacc-doses?detGeo=FL,33627,19582,14045
Liechtenstein,2021-07-03,"Moderna, Pfizer/BioNTech",https://www.covid19.admin.ch/en/epidemiologic/vacc-doses?detGeo=FL,33627,19582,14045
Liechtenstein,2021-07-04,"Moderna, Pfizer/BioNTech",https://www.covid19.admin.ch/en/epidemiologic/vacc-doses?detGeo=FL,33627,19582,14045
Liechtenstein,2021-07-05,"Moderna, Pfizer/BioNTech",https://www.covid19.admin.ch/en/epidemiologic/vacc-doses?detGeo=FL,33923,19599,14324
Liechtenstein,2021-07-06,"Moderna, Pfizer/BioNTech",https://www.covid19.admin.ch/en/epidemiologic/vacc-doses?detGeo=FL,34461,19850,14611
Liechtenstein,2021-07-07,"Moderna, Pfizer/BioNTech",https://www.covid19.admin.ch/en/epidemiologic/vacc-doses?detGeo=FL,35050,19907,15143
