location,date,vaccine,source_url,total_vaccinations,people_vaccinated,people_fully_vaccinated
Lithuania,2020-12-27,Pfizer/BioNTech,https://experience.arcgis.com/experience/cab84dcfe0464c2a8050a78f817924ca/page/page_3/,2454,2454,
Lithuania,2020-12-28,Pfizer/BioNTech,https://experience.arcgis.com/experience/cab84dcfe0464c2a8050a78f817924ca/page/page_3/,5211,5211,
Lithuania,2020-12-29,Pfizer/BioNTech,https://experience.arcgis.com/experience/cab84dcfe0464c2a8050a78f817924ca/page/page_3/,8185,8185,
Lithuania,2020-12-30,Pfizer/BioNTech,https://experience.arcgis.com/experience/cab84dcfe0464c2a8050a78f817924ca/page/page_3/,9717,9717,
Lithuania,2020-12-31,Pfizer/BioNTech,https://experience.arcgis.com/experience/cab84dcfe0464c2a8050a78f817924ca/page/page_3/,9742,9742,
Lithuania,2021-01-01,Pfizer/BioNTech,https://experience.arcgis.com/experience/cab84dcfe0464c2a8050a78f817924ca/page/page_3/,9742,9742,
Lithuania,2021-01-02,Pfizer/BioNTech,https://experience.arcgis.com/experience/cab84dcfe0464c2a8050a78f817924ca/page/page_3/,9742,9742,
Lithuania,2021-01-03,Pfizer/BioNTech,https://experience.arcgis.com/experience/cab84dcfe0464c2a8050a78f817924ca/page/page_3/,9742,9742,
Lithuania,2021-01-04,Pfizer/BioNTech,https://experience.arcgis.com/experience/cab84dcfe0464c2a8050a78f817924ca/page/page_3/,9744,9744,
Lithuania,2021-01-05,Pfizer/BioNTech,https://experience.arcgis.com/experience/cab84dcfe0464c2a8050a78f817924ca/page/page_3/,10368,10368,
Lithuania,2021-01-06,Pfizer/BioNTech,https://experience.arcgis.com/experience/cab84dcfe0464c2a8050a78f817924ca/page/page_3/,13872,13872,
Lithuania,2021-01-07,Pfizer/BioNTech,https://experience.arcgis.com/experience/cab84dcfe0464c2a8050a78f817924ca/page/page_3/,18052,18052,
Lithuania,2021-01-08,Pfizer/BioNTech,https://experience.arcgis.com/experience/cab84dcfe0464c2a8050a78f817924ca/page/page_3/,23241,23241,
Lithuania,2021-01-09,Pfizer/BioNTech,https://experience.arcgis.com/experience/cab84dcfe0464c2a8050a78f817924ca/page/page_3/,23545,23545,
Lithuania,2021-01-10,Pfizer/BioNTech,https://experience.arcgis.com/experience/cab84dcfe0464c2a8050a78f817924ca/page/page_3/,23548,23548,
Lithuania,2021-01-11,Pfizer/BioNTech,https://experience.arcgis.com/experience/cab84dcfe0464c2a8050a78f817924ca/page/page_3/,25753,25753,
Lithuania,2021-01-12,Pfizer/BioNTech,https://experience.arcgis.com/experience/cab84dcfe0464c2a8050a78f817924ca/page/page_3/,27844,27844,
Lithuania,2021-01-13,"Moderna, Pfizer/BioNTech",https://experience.arcgis.com/experience/cab84dcfe0464c2a8050a78f817924ca/page/page_3/,34109,34109,
Lithuania,2021-01-14,"Moderna, Pfizer/BioNTech",https://experience.arcgis.com/experience/cab84dcfe0464c2a8050a78f817924ca/page/page_3/,42789,42789,
Lithuania,2021-01-15,"Moderna, Pfizer/BioNTech",https://experience.arcgis.com/experience/cab84dcfe0464c2a8050a78f817924ca/page/page_3/,50122,50122,
Lithuania,2021-01-16,"Moderna, Pfizer/BioNTech",https://experience.arcgis.com/experience/cab84dcfe0464c2a8050a78f817924ca/page/page_3/,51227,51227,
Lithuania,2021-01-17,"Moderna, Pfizer/BioNTech",https://experience.arcgis.com/experience/cab84dcfe0464c2a8050a78f817924ca/page/page_3/,52360,51269,1091
Lithuania,2021-01-18,"Moderna, Pfizer/BioNTech",https://experience.arcgis.com/experience/cab84dcfe0464c2a8050a78f817924ca/page/page_3/,56892,54122,2770
Lithuania,2021-01-19,"Moderna, Pfizer/BioNTech",https://experience.arcgis.com/experience/cab84dcfe0464c2a8050a78f817924ca/page/page_3/,63189,56501,6688
Lithuania,2021-01-20,"Moderna, Pfizer/BioNTech",https://experience.arcgis.com/experience/cab84dcfe0464c2a8050a78f817924ca/page/page_3/,66669,58144,8525
Lithuania,2021-01-21,"Moderna, Pfizer/BioNTech",https://experience.arcgis.com/experience/cab84dcfe0464c2a8050a78f817924ca/page/page_3/,68218,59055,9163
Lithuania,2021-01-22,"Moderna, Pfizer/BioNTech",https://experience.arcgis.com/experience/cab84dcfe0464c2a8050a78f817924ca/page/page_3/,68612,59379,9233
Lithuania,2021-01-23,"Moderna, Pfizer/BioNTech",https://experience.arcgis.com/experience/cab84dcfe0464c2a8050a78f817924ca/page/page_3/,68620,59387,9233
Lithuania,2021-01-24,"Moderna, Pfizer/BioNTech",https://experience.arcgis.com/experience/cab84dcfe0464c2a8050a78f817924ca/page/page_3/,68620,59387,9233
Lithuania,2021-01-25,"Moderna, Pfizer/BioNTech",https://experience.arcgis.com/experience/cab84dcfe0464c2a8050a78f817924ca/page/page_3/,68725,59489,9236
Lithuania,2021-01-26,"Moderna, Pfizer/BioNTech",https://experience.arcgis.com/experience/cab84dcfe0464c2a8050a78f817924ca/page/page_3/,71876,61980,9896
Lithuania,2021-01-27,"Moderna, Pfizer/BioNTech",https://experience.arcgis.com/experience/cab84dcfe0464c2a8050a78f817924ca/page/page_3/,78797,65824,12973
Lithuania,2021-01-28,"Moderna, Pfizer/BioNTech",https://experience.arcgis.com/experience/cab84dcfe0464c2a8050a78f817924ca/page/page_3/,85911,69214,16697
Lithuania,2021-01-29,"Moderna, Pfizer/BioNTech",https://experience.arcgis.com/experience/cab84dcfe0464c2a8050a78f817924ca/page/page_3/,94002,72204,21798
Lithuania,2021-01-30,"Moderna, Pfizer/BioNTech",https://experience.arcgis.com/experience/cab84dcfe0464c2a8050a78f817924ca/page/page_3/,94646,72400,22246
Lithuania,2021-01-31,"Moderna, Pfizer/BioNTech",https://experience.arcgis.com/experience/cab84dcfe0464c2a8050a78f817924ca/page/page_3/,94654,72408,22246
Lithuania,2021-02-01,"Moderna, Pfizer/BioNTech",https://experience.arcgis.com/experience/cab84dcfe0464c2a8050a78f817924ca/page/page_3/,97545,73460,24085
Lithuania,2021-02-02,"Moderna, Oxford/AstraZeneca, Pfizer/BioNTech",https://experience.arcgis.com/experience/cab84dcfe0464c2a8050a78f817924ca/page/page_3/,101465,75118,26347
Lithuania,2021-02-03,"Moderna, Oxford/AstraZeneca, Pfizer/BioNTech",https://experience.arcgis.com/experience/cab84dcfe0464c2a8050a78f817924ca/page/page_3/,108288,76737,31551
Lithuania,2021-02-04,"Moderna, Oxford/AstraZeneca, Pfizer/BioNTech",https://experience.arcgis.com/experience/cab84dcfe0464c2a8050a78f817924ca/page/page_3/,118165,78229,39936
Lithuania,2021-02-05,"Moderna, Oxford/AstraZeneca, Pfizer/BioNTech",https://experience.arcgis.com/experience/cab84dcfe0464c2a8050a78f817924ca/page/page_3/,125520,79168,46352
Lithuania,2021-02-06,"Moderna, Oxford/AstraZeneca, Pfizer/BioNTech",https://experience.arcgis.com/experience/cab84dcfe0464c2a8050a78f817924ca/page/page_3/,126251,79237,47014
Lithuania,2021-02-07,"Moderna, Oxford/AstraZeneca, Pfizer/BioNTech",https://experience.arcgis.com/experience/cab84dcfe0464c2a8050a78f817924ca/page/page_3/,126348,79239,47109
Lithuania,2021-02-08,"Moderna, Oxford/AstraZeneca, Pfizer/BioNTech",https://experience.arcgis.com/experience/cab84dcfe0464c2a8050a78f817924ca/page/page_3/,129018,79457,49561
Lithuania,2021-02-09,"Moderna, Oxford/AstraZeneca, Pfizer/BioNTech",https://experience.arcgis.com/experience/cab84dcfe0464c2a8050a78f817924ca/page/page_3/,131888,80530,51358
Lithuania,2021-02-10,"Moderna, Oxford/AstraZeneca, Pfizer/BioNTech",https://experience.arcgis.com/experience/cab84dcfe0464c2a8050a78f817924ca/page/page_3/,138051,85048,53003
Lithuania,2021-02-11,"Moderna, Oxford/AstraZeneca, Pfizer/BioNTech",https://experience.arcgis.com/experience/cab84dcfe0464c2a8050a78f817924ca/page/page_3/,147126,92818,54308
Lithuania,2021-02-12,"Moderna, Oxford/AstraZeneca, Pfizer/BioNTech",https://experience.arcgis.com/experience/cab84dcfe0464c2a8050a78f817924ca/page/page_3/,154435,99137,55298
Lithuania,2021-02-13,"Moderna, Oxford/AstraZeneca, Pfizer/BioNTech",https://experience.arcgis.com/experience/cab84dcfe0464c2a8050a78f817924ca/page/page_3/,154882,99584,55298
Lithuania,2021-02-14,"Moderna, Oxford/AstraZeneca, Pfizer/BioNTech",https://experience.arcgis.com/experience/cab84dcfe0464c2a8050a78f817924ca/page/page_3/,154883,99584,55299
Lithuania,2021-02-15,"Moderna, Oxford/AstraZeneca, Pfizer/BioNTech",https://experience.arcgis.com/experience/cab84dcfe0464c2a8050a78f817924ca/page/page_3/,159534,103539,55995
Lithuania,2021-02-16,"Moderna, Oxford/AstraZeneca, Pfizer/BioNTech",https://experience.arcgis.com/experience/cab84dcfe0464c2a8050a78f817924ca/page/page_3/,160056,103850,56206
Lithuania,2021-02-17,"Moderna, Oxford/AstraZeneca, Pfizer/BioNTech",https://experience.arcgis.com/experience/cab84dcfe0464c2a8050a78f817924ca/page/page_3/,168347,108201,60146
Lithuania,2021-02-18,"Moderna, Oxford/AstraZeneca, Pfizer/BioNTech",https://experience.arcgis.com/experience/cab84dcfe0464c2a8050a78f817924ca/page/page_3/,179700,114710,64990
Lithuania,2021-02-19,"Moderna, Oxford/AstraZeneca, Pfizer/BioNTech",https://experience.arcgis.com/experience/cab84dcfe0464c2a8050a78f817924ca/page/page_3/,190194,121877,68317
Lithuania,2021-02-20,"Moderna, Oxford/AstraZeneca, Pfizer/BioNTech",https://experience.arcgis.com/experience/cab84dcfe0464c2a8050a78f817924ca/page/page_3/,191200,122821,68379
Lithuania,2021-02-21,"Moderna, Oxford/AstraZeneca, Pfizer/BioNTech",https://experience.arcgis.com/experience/cab84dcfe0464c2a8050a78f817924ca/page/page_3/,191200,122821,68379
Lithuania,2021-02-22,"Moderna, Oxford/AstraZeneca, Pfizer/BioNTech",https://experience.arcgis.com/experience/cab84dcfe0464c2a8050a78f817924ca/page/page_3/,196676,126716,69960
Lithuania,2021-02-23,"Moderna, Oxford/AstraZeneca, Pfizer/BioNTech",https://experience.arcgis.com/experience/cab84dcfe0464c2a8050a78f817924ca/page/page_3/,205333,134268,71065
Lithuania,2021-02-24,"Moderna, Oxford/AstraZeneca, Pfizer/BioNTech",https://experience.arcgis.com/experience/cab84dcfe0464c2a8050a78f817924ca/page/page_3/,217064,145072,71992
Lithuania,2021-02-25,"Moderna, Oxford/AstraZeneca, Pfizer/BioNTech",https://experience.arcgis.com/experience/cab84dcfe0464c2a8050a78f817924ca/page/page_3/,228935,155994,72941
Lithuania,2021-02-26,"Moderna, Oxford/AstraZeneca, Pfizer/BioNTech",https://experience.arcgis.com/experience/cab84dcfe0464c2a8050a78f817924ca/page/page_3/,238980,164991,73989
Lithuania,2021-02-27,"Moderna, Oxford/AstraZeneca, Pfizer/BioNTech",https://experience.arcgis.com/experience/cab84dcfe0464c2a8050a78f817924ca/page/page_3/,239773,165753,74020
Lithuania,2021-02-28,"Moderna, Oxford/AstraZeneca, Pfizer/BioNTech",https://experience.arcgis.com/experience/cab84dcfe0464c2a8050a78f817924ca/page/page_3/,240222,166202,74020
Lithuania,2021-03-01,"Moderna, Oxford/AstraZeneca, Pfizer/BioNTech",https://experience.arcgis.com/experience/cab84dcfe0464c2a8050a78f817924ca/page/page_3/,247793,173625,74168
Lithuania,2021-03-02,"Moderna, Oxford/AstraZeneca, Pfizer/BioNTech",https://experience.arcgis.com/experience/cab84dcfe0464c2a8050a78f817924ca/page/page_3/,257144,182363,74781
Lithuania,2021-03-03,"Moderna, Oxford/AstraZeneca, Pfizer/BioNTech",https://experience.arcgis.com/experience/cab84dcfe0464c2a8050a78f817924ca/page/page_3/,269156,192115,77041
Lithuania,2021-03-04,"Moderna, Oxford/AstraZeneca, Pfizer/BioNTech",https://experience.arcgis.com/experience/cab84dcfe0464c2a8050a78f817924ca/page/page_3/,284635,202392,82243
Lithuania,2021-03-05,"Moderna, Oxford/AstraZeneca, Pfizer/BioNTech",https://experience.arcgis.com/experience/cab84dcfe0464c2a8050a78f817924ca/page/page_3/,298662,211742,86920
Lithuania,2021-03-06,"Moderna, Oxford/AstraZeneca, Pfizer/BioNTech",https://experience.arcgis.com/experience/cab84dcfe0464c2a8050a78f817924ca/page/page_3/,299288,212225,87063
Lithuania,2021-03-07,"Moderna, Oxford/AstraZeneca, Pfizer/BioNTech",https://experience.arcgis.com/experience/cab84dcfe0464c2a8050a78f817924ca/page/page_3/,299290,212226,87064
Lithuania,2021-03-08,"Moderna, Oxford/AstraZeneca, Pfizer/BioNTech",https://experience.arcgis.com/experience/cab84dcfe0464c2a8050a78f817924ca/page/page_3/,308215,220188,88027
Lithuania,2021-03-09,"Moderna, Oxford/AstraZeneca, Pfizer/BioNTech",https://experience.arcgis.com/experience/cab84dcfe0464c2a8050a78f817924ca/page/page_3/,320122,230725,89397
Lithuania,2021-03-10,"Moderna, Oxford/AstraZeneca, Pfizer/BioNTech",https://experience.arcgis.com/experience/cab84dcfe0464c2a8050a78f817924ca/page/page_3/,335768,243806,91962
Lithuania,2021-03-11,"Moderna, Oxford/AstraZeneca, Pfizer/BioNTech",https://experience.arcgis.com/experience/cab84dcfe0464c2a8050a78f817924ca/page/page_3/,336905,244264,92641
Lithuania,2021-03-12,"Moderna, Oxford/AstraZeneca, Pfizer/BioNTech",https://experience.arcgis.com/experience/cab84dcfe0464c2a8050a78f817924ca/page/page_3/,354851,254905,99946
Lithuania,2021-03-13,"Moderna, Oxford/AstraZeneca, Pfizer/BioNTech",https://experience.arcgis.com/experience/cab84dcfe0464c2a8050a78f817924ca/page/page_3/,356598,255938,100660
Lithuania,2021-03-14,"Moderna, Oxford/AstraZeneca, Pfizer/BioNTech",https://experience.arcgis.com/experience/cab84dcfe0464c2a8050a78f817924ca/page/page_3/,356623,255963,100660
Lithuania,2021-03-15,"Moderna, Oxford/AstraZeneca, Pfizer/BioNTech",https://experience.arcgis.com/experience/cab84dcfe0464c2a8050a78f817924ca/page/page_3/,364677,262892,101785
Lithuania,2021-03-16,"Moderna, Oxford/AstraZeneca, Pfizer/BioNTech",https://experience.arcgis.com/experience/cab84dcfe0464c2a8050a78f817924ca/page/page_3/,374886,268444,106442
Lithuania,2021-03-17,"Moderna, Oxford/AstraZeneca, Pfizer/BioNTech",https://experience.arcgis.com/experience/cab84dcfe0464c2a8050a78f817924ca/page/page_3/,385427,271100,114327
Lithuania,2021-03-18,"Moderna, Oxford/AstraZeneca, Pfizer/BioNTech",https://experience.arcgis.com/experience/cab84dcfe0464c2a8050a78f817924ca/page/page_3/,393828,273873,119955
Lithuania,2021-03-19,"Moderna, Oxford/AstraZeneca, Pfizer/BioNTech",https://experience.arcgis.com/experience/cab84dcfe0464c2a8050a78f817924ca/page/page_3/,403087,277024,126063
Lithuania,2021-03-20,"Moderna, Oxford/AstraZeneca, Pfizer/BioNTech",https://experience.arcgis.com/experience/cab84dcfe0464c2a8050a78f817924ca/page/page_3/,403820,277505,126315
Lithuania,2021-03-21,"Moderna, Oxford/AstraZeneca, Pfizer/BioNTech",https://experience.arcgis.com/experience/cab84dcfe0464c2a8050a78f817924ca/page/page_3/,403853,277518,126335
Lithuania,2021-03-22,"Moderna, Oxford/AstraZeneca, Pfizer/BioNTech",https://experience.arcgis.com/experience/cab84dcfe0464c2a8050a78f817924ca/page/page_3/,412096,284401,127695
Lithuania,2021-03-23,"Moderna, Oxford/AstraZeneca, Pfizer/BioNTech",https://experience.arcgis.com/experience/cab84dcfe0464c2a8050a78f817924ca/page/page_3/,424996,291625,133371
Lithuania,2021-03-24,"Moderna, Oxford/AstraZeneca, Pfizer/BioNTech",https://experience.arcgis.com/experience/cab84dcfe0464c2a8050a78f817924ca/page/page_3/,442619,303772,138847
Lithuania,2021-03-25,"Moderna, Oxford/AstraZeneca, Pfizer/BioNTech",https://experience.arcgis.com/experience/cab84dcfe0464c2a8050a78f817924ca/page/page_3/,459575,313865,145710
Lithuania,2021-03-26,"Moderna, Oxford/AstraZeneca, Pfizer/BioNTech",https://experience.arcgis.com/experience/cab84dcfe0464c2a8050a78f817924ca/page/page_3/,476017,323659,152358
Lithuania,2021-03-27,"Moderna, Oxford/AstraZeneca, Pfizer/BioNTech",https://experience.arcgis.com/experience/cab84dcfe0464c2a8050a78f817924ca/page/page_3/,479169,326699,152470
Lithuania,2021-03-28,"Moderna, Oxford/AstraZeneca, Pfizer/BioNTech",https://experience.arcgis.com/experience/cab84dcfe0464c2a8050a78f817924ca/page/page_3/,479354,326800,152554
Lithuania,2021-03-29,"Moderna, Oxford/AstraZeneca, Pfizer/BioNTech",https://experience.arcgis.com/experience/cab84dcfe0464c2a8050a78f817924ca/page/page_3/,487215,332620,154595
Lithuania,2021-03-30,"Moderna, Oxford/AstraZeneca, Pfizer/BioNTech",https://experience.arcgis.com/experience/cab84dcfe0464c2a8050a78f817924ca/page/page_3/,500095,339344,160751
Lithuania,2021-03-31,"Moderna, Oxford/AstraZeneca, Pfizer/BioNTech",https://experience.arcgis.com/experience/cab84dcfe0464c2a8050a78f817924ca/page/page_3/,520818,352740,168078
Lithuania,2021-04-01,"Moderna, Oxford/AstraZeneca, Pfizer/BioNTech",https://experience.arcgis.com/experience/cab84dcfe0464c2a8050a78f817924ca/page/page_3/,539106,368334,170772
Lithuania,2021-04-02,"Moderna, Oxford/AstraZeneca, Pfizer/BioNTech",https://experience.arcgis.com/experience/cab84dcfe0464c2a8050a78f817924ca/page/page_3/,558900,381212,177688
Lithuania,2021-04-03,"Moderna, Oxford/AstraZeneca, Pfizer/BioNTech",https://experience.arcgis.com/experience/cab84dcfe0464c2a8050a78f817924ca/page/page_3/,567569,389272,178297
Lithuania,2021-04-04,"Moderna, Oxford/AstraZeneca, Pfizer/BioNTech",https://experience.arcgis.com/experience/cab84dcfe0464c2a8050a78f817924ca/page/page_3/,569978,391679,178299
Lithuania,2021-04-05,"Moderna, Oxford/AstraZeneca, Pfizer/BioNTech",https://experience.arcgis.com/experience/cab84dcfe0464c2a8050a78f817924ca/page/page_3/,573693,395349,178344
Lithuania,2021-04-06,"Moderna, Oxford/AstraZeneca, Pfizer/BioNTech",https://experience.arcgis.com/experience/cab84dcfe0464c2a8050a78f817924ca/page/page_3/,588387,407072,181315
Lithuania,2021-04-07,"Moderna, Oxford/AstraZeneca, Pfizer/BioNTech",https://experience.arcgis.com/experience/cab84dcfe0464c2a8050a78f817924ca/page/page_3/,601138,418750,182388
Lithuania,2021-04-08,"Moderna, Oxford/AstraZeneca, Pfizer/BioNTech",https://experience.arcgis.com/experience/cab84dcfe0464c2a8050a78f817924ca/page/page_3/,628071,440627,187444
Lithuania,2021-04-09,"Moderna, Oxford/AstraZeneca, Pfizer/BioNTech",https://experience.arcgis.com/experience/cab84dcfe0464c2a8050a78f817924ca/page/page_3/,661545,470519,191026
Lithuania,2021-04-10,"Moderna, Oxford/AstraZeneca, Pfizer/BioNTech",https://experience.arcgis.com/experience/cab84dcfe0464c2a8050a78f817924ca/page/page_3/,677168,485962,191206
Lithuania,2021-04-11,"Moderna, Oxford/AstraZeneca, Pfizer/BioNTech",https://experience.arcgis.com/experience/cab84dcfe0464c2a8050a78f817924ca/page/page_3/,678887,487640,191247
Lithuania,2021-04-12,"Moderna, Oxford/AstraZeneca, Pfizer/BioNTech",https://experience.arcgis.com/experience/cab84dcfe0464c2a8050a78f817924ca/page/page_3/,687648,495921,191727
Lithuania,2021-04-13,"Moderna, Oxford/AstraZeneca, Pfizer/BioNTech",https://experience.arcgis.com/experience/cab84dcfe0464c2a8050a78f817924ca/page/page_3/,706477,511816,194661
Lithuania,2021-04-14,"Moderna, Oxford/AstraZeneca, Pfizer/BioNTech",https://experience.arcgis.com/experience/cab84dcfe0464c2a8050a78f817924ca/page/page_3/,733264,531998,201266
Lithuania,2021-04-15,"Moderna, Oxford/AstraZeneca, Pfizer/BioNTech",https://experience.arcgis.com/experience/cab84dcfe0464c2a8050a78f817924ca/page/page_3/,756445,550048,206397
Lithuania,2021-04-16,"Moderna, Oxford/AstraZeneca, Pfizer/BioNTech",https://experience.arcgis.com/experience/cab84dcfe0464c2a8050a78f817924ca/page/page_3/,776866,565662,211204
Lithuania,2021-04-17,"Moderna, Oxford/AstraZeneca, Pfizer/BioNTech",https://experience.arcgis.com/experience/cab84dcfe0464c2a8050a78f817924ca/page/page_3/,779373,567972,211401
Lithuania,2021-04-18,"Moderna, Oxford/AstraZeneca, Pfizer/BioNTech",https://experience.arcgis.com/experience/cab84dcfe0464c2a8050a78f817924ca/page/page_3/,779457,568055,211402
Lithuania,2021-04-19,"Moderna, Oxford/AstraZeneca, Pfizer/BioNTech",https://experience.arcgis.com/experience/cab84dcfe0464c2a8050a78f817924ca/page/page_3/,785305,572921,212384
Lithuania,2021-04-20,"Moderna, Oxford/AstraZeneca, Pfizer/BioNTech",https://experience.arcgis.com/experience/cab84dcfe0464c2a8050a78f817924ca/page/page_3/,800568,583634,216934
Lithuania,2021-04-21,"Johnson&Johnson, Moderna, Oxford/AstraZeneca, Pfizer/BioNTech",https://experience.arcgis.com/experience/cab84dcfe0464c2a8050a78f817924ca/page/page_3/,827233,597512,229721
Lithuania,2021-04-22,"Johnson&Johnson, Moderna, Oxford/AstraZeneca, Pfizer/BioNTech",https://experience.arcgis.com/experience/cab84dcfe0464c2a8050a78f817924ca/page/page_3/,853383,613259,240124
Lithuania,2021-04-23,"Johnson&Johnson, Moderna, Oxford/AstraZeneca, Pfizer/BioNTech",https://experience.arcgis.com/experience/cab84dcfe0464c2a8050a78f817924ca/page/page_3/,878031,629903,248128
Lithuania,2021-04-24,"Johnson&Johnson, Moderna, Oxford/AstraZeneca, Pfizer/BioNTech",https://experience.arcgis.com/experience/cab84dcfe0464c2a8050a78f817924ca/page/page_3/,882574,633862,248712
Lithuania,2021-04-25,"Johnson&Johnson, Moderna, Oxford/AstraZeneca, Pfizer/BioNTech",https://experience.arcgis.com/experience/cab84dcfe0464c2a8050a78f817924ca/page/page_3/,882841,634125,248716
Lithuania,2021-04-26,"Johnson&Johnson, Moderna, Oxford/AstraZeneca, Pfizer/BioNTech",https://experience.arcgis.com/experience/cab84dcfe0464c2a8050a78f817924ca/page/page_3/,889018,639048,249970
Lithuania,2021-04-27,"Johnson&Johnson, Moderna, Oxford/AstraZeneca, Pfizer/BioNTech",https://experience.arcgis.com/experience/cab84dcfe0464c2a8050a78f817924ca/page/page_3/,902103,650901,251202
Lithuania,2021-04-28,"Johnson&Johnson, Moderna, Oxford/AstraZeneca, Pfizer/BioNTech",https://experience.arcgis.com/experience/cab84dcfe0464c2a8050a78f817924ca/page/page_3/,917485,664768,252717
Lithuania,2021-04-29,"Johnson&Johnson, Moderna, Oxford/AstraZeneca, Pfizer/BioNTech",https://experience.arcgis.com/experience/cab84dcfe0464c2a8050a78f817924ca/page/page_3/,950190,677736,272454
Lithuania,2021-04-30,"Johnson&Johnson, Moderna, Oxford/AstraZeneca, Pfizer/BioNTech",https://experience.arcgis.com/experience/cab84dcfe0464c2a8050a78f817924ca/page/page_3/,987901,689087,298814
Lithuania,2021-05-01,"Johnson&Johnson, Moderna, Oxford/AstraZeneca, Pfizer/BioNTech",https://experience.arcgis.com/experience/cab84dcfe0464c2a8050a78f817924ca/page/page_3/,1003687,695811,307876
Lithuania,2021-05-02,"Johnson&Johnson, Moderna, Oxford/AstraZeneca, Pfizer/BioNTech",https://experience.arcgis.com/experience/cab84dcfe0464c2a8050a78f817924ca/page/page_3/,1004433,695839,308594
Lithuania,2021-05-03,"Johnson&Johnson, Moderna, Oxford/AstraZeneca, Pfizer/BioNTech",https://experience.arcgis.com/experience/cab84dcfe0464c2a8050a78f817924ca/page/page_3/,1017834,705262,312572
Lithuania,2021-05-04,"Johnson&Johnson, Moderna, Oxford/AstraZeneca, Pfizer/BioNTech",https://experience.arcgis.com/experience/cab84dcfe0464c2a8050a78f817924ca/page/page_3/,1046139,716420,329719
Lithuania,2021-05-05,"Johnson&Johnson, Moderna, Oxford/AstraZeneca, Pfizer/BioNTech",https://experience.arcgis.com/experience/cab84dcfe0464c2a8050a78f817924ca/page/page_3/,1080877,729057,351820
Lithuania,2021-05-06,"Johnson&Johnson, Moderna, Oxford/AstraZeneca, Pfizer/BioNTech",https://experience.arcgis.com/experience/cab84dcfe0464c2a8050a78f817924ca/page/page_3/,1116455,744134,372321
Lithuania,2021-05-07,"Johnson&Johnson, Moderna, Oxford/AstraZeneca, Pfizer/BioNTech",https://experience.arcgis.com/experience/cab84dcfe0464c2a8050a78f817924ca/page/page_3/,1150351,763299,387052
Lithuania,2021-05-08,"Johnson&Johnson, Moderna, Oxford/AstraZeneca, Pfizer/BioNTech",https://experience.arcgis.com/experience/cab84dcfe0464c2a8050a78f817924ca/page/page_3/,1166167,777419,388748
Lithuania,2021-05-09,"Johnson&Johnson, Moderna, Oxford/AstraZeneca, Pfizer/BioNTech",https://experience.arcgis.com/experience/cab84dcfe0464c2a8050a78f817924ca/page/page_3/,1173302,784500,388802
Lithuania,2021-05-10,"Johnson&Johnson, Moderna, Oxford/AstraZeneca, Pfizer/BioNTech",https://experience.arcgis.com/experience/cab84dcfe0464c2a8050a78f817924ca/page/page_3/,1193957,800142,393815
Lithuania,2021-05-11,"Johnson&Johnson, Moderna, Oxford/AstraZeneca, Pfizer/BioNTech",https://experience.arcgis.com/experience/cab84dcfe0464c2a8050a78f817924ca/page/page_3/,1220450,815940,404510
Lithuania,2021-05-12,"Johnson&Johnson, Moderna, Oxford/AstraZeneca, Pfizer/BioNTech",https://experience.arcgis.com/experience/cab84dcfe0464c2a8050a78f817924ca/page/page_3/,1252164,834486,417678
Lithuania,2021-05-13,"Johnson&Johnson, Moderna, Oxford/AstraZeneca, Pfizer/BioNTech",https://experience.arcgis.com/experience/cab84dcfe0464c2a8050a78f817924ca/page/page_3/,1282371,851069,431302
Lithuania,2021-05-14,"Johnson&Johnson, Moderna, Oxford/AstraZeneca, Pfizer/BioNTech",https://experience.arcgis.com/experience/cab84dcfe0464c2a8050a78f817924ca/page/page_3/,1313944,867644,446300
Lithuania,2021-05-15,"Johnson&Johnson, Moderna, Oxford/AstraZeneca, Pfizer/BioNTech",https://experience.arcgis.com/experience/cab84dcfe0464c2a8050a78f817924ca/page/page_3/,1320083,870746,449337
Lithuania,2021-05-16,"Johnson&Johnson, Moderna, Oxford/AstraZeneca, Pfizer/BioNTech",https://experience.arcgis.com/experience/cab84dcfe0464c2a8050a78f817924ca/page/page_3/,1320584,871041,449543
Lithuania,2021-05-17,"Johnson&Johnson, Moderna, Oxford/AstraZeneca, Pfizer/BioNTech",https://experience.arcgis.com/experience/cab84dcfe0464c2a8050a78f817924ca/page/page_3/,1336378,881855,454523
Lithuania,2021-05-18,"Johnson&Johnson, Moderna, Oxford/AstraZeneca, Pfizer/BioNTech",https://experience.arcgis.com/experience/cab84dcfe0464c2a8050a78f817924ca/page/page_3/,1360998,892591,468407
Lithuania,2021-05-19,"Johnson&Johnson, Moderna, Oxford/AstraZeneca, Pfizer/BioNTech",https://experience.arcgis.com/experience/cab84dcfe0464c2a8050a78f817924ca/page/page_3/,1394245,908978,485267
Lithuania,2021-05-20,"Johnson&Johnson, Moderna, Oxford/AstraZeneca, Pfizer/BioNTech",https://experience.arcgis.com/experience/cab84dcfe0464c2a8050a78f817924ca/page/page_3/,1426947,924733,502214
Lithuania,2021-05-21,"Johnson&Johnson, Moderna, Oxford/AstraZeneca, Pfizer/BioNTech",https://experience.arcgis.com/experience/cab84dcfe0464c2a8050a78f817924ca/page/page_3/,1452872,935335,517537
Lithuania,2021-05-22,"Johnson&Johnson, Moderna, Oxford/AstraZeneca, Pfizer/BioNTech",https://experience.arcgis.com/experience/cab84dcfe0464c2a8050a78f817924ca/page/page_3/,1461963,937750,524213
Lithuania,2021-05-23,"Johnson&Johnson, Moderna, Oxford/AstraZeneca, Pfizer/BioNTech",https://experience.arcgis.com/experience/cab84dcfe0464c2a8050a78f817924ca/page/page_3/,1463796,939235,524561
Lithuania,2021-05-24,"Johnson&Johnson, Moderna, Oxford/AstraZeneca, Pfizer/BioNTech",https://experience.arcgis.com/experience/cab84dcfe0464c2a8050a78f817924ca/page/page_3/,1478357,944674,533683
Lithuania,2021-05-25,"Johnson&Johnson, Moderna, Oxford/AstraZeneca, Pfizer/BioNTech",https://experience.arcgis.com/experience/cab84dcfe0464c2a8050a78f817924ca/page/page_3/,1504128,959617,544511
Lithuania,2021-05-26,"Johnson&Johnson, Moderna, Oxford/AstraZeneca, Pfizer/BioNTech",https://experience.arcgis.com/experience/cab84dcfe0464c2a8050a78f817924ca/page/page_3/,1533433,975964,557469
Lithuania,2021-05-27,"Johnson&Johnson, Moderna, Oxford/AstraZeneca, Pfizer/BioNTech",https://experience.arcgis.com/experience/cab84dcfe0464c2a8050a78f817924ca/page/page_3/,1563873,991188,572685
Lithuania,2021-05-28,"Johnson&Johnson, Moderna, Oxford/AstraZeneca, Pfizer/BioNTech",https://experience.arcgis.com/experience/cab84dcfe0464c2a8050a78f817924ca/page/page_3/,1596415,1008260,588155
Lithuania,2021-05-29,"Johnson&Johnson, Moderna, Oxford/AstraZeneca, Pfizer/BioNTech",https://experience.arcgis.com/experience/cab84dcfe0464c2a8050a78f817924ca/page/page_3/,1607961,1013740,594221
Lithuania,2021-05-30,"Johnson&Johnson, Moderna, Oxford/AstraZeneca, Pfizer/BioNTech",https://experience.arcgis.com/experience/cab84dcfe0464c2a8050a78f817924ca/page/page_3/,1608553,1014303,594250
Lithuania,2021-05-31,"Johnson&Johnson, Moderna, Oxford/AstraZeneca, Pfizer/BioNTech",https://experience.arcgis.com/experience/cab84dcfe0464c2a8050a78f817924ca/page/page_3/,1627067,1019498,607569
Lithuania,2021-06-01,"Johnson&Johnson, Moderna, Oxford/AstraZeneca, Pfizer/BioNTech",https://experience.arcgis.com/experience/cab84dcfe0464c2a8050a78f817924ca/page/page_3/,1659857,1037443,622414
Lithuania,2021-06-02,"Johnson&Johnson, Moderna, Oxford/AstraZeneca, Pfizer/BioNTech",https://experience.arcgis.com/experience/cab84dcfe0464c2a8050a78f817924ca/page/page_3/,1700541,1056542,643999
Lithuania,2021-06-03,"Johnson&Johnson, Moderna, Oxford/AstraZeneca, Pfizer/BioNTech",https://experience.arcgis.com/experience/cab84dcfe0464c2a8050a78f817924ca/page/page_3/,1738215,1077297,660918
Lithuania,2021-06-04,"Johnson&Johnson, Moderna, Oxford/AstraZeneca, Pfizer/BioNTech",https://experience.arcgis.com/experience/cab84dcfe0464c2a8050a78f817924ca/page/page_3/,1780809,1097167,683642
Lithuania,2021-06-05,"Johnson&Johnson, Moderna, Oxford/AstraZeneca, Pfizer/BioNTech",https://experience.arcgis.com/experience/cab84dcfe0464c2a8050a78f817924ca/page/page_3/,1799136,1109510,689626
Lithuania,2021-06-06,"Johnson&Johnson, Moderna, Oxford/AstraZeneca, Pfizer/BioNTech",https://experience.arcgis.com/experience/cab84dcfe0464c2a8050a78f817924ca/page/page_3/,1804758,1114933,689825
Lithuania,2021-06-07,"Johnson&Johnson, Moderna, Oxford/AstraZeneca, Pfizer/BioNTech",https://experience.arcgis.com/experience/cab84dcfe0464c2a8050a78f817924ca/page/page_3/,1827899,1121821,706078
Lithuania,2021-06-08,"Johnson&Johnson, Moderna, Oxford/AstraZeneca, Pfizer/BioNTech",https://experience.arcgis.com/experience/cab84dcfe0464c2a8050a78f817924ca/page/page_3/,1855792,1133818,721974
Lithuania,2021-06-09,"Johnson&Johnson, Moderna, Oxford/AstraZeneca, Pfizer/BioNTech",https://experience.arcgis.com/experience/cab84dcfe0464c2a8050a78f817924ca/page/page_3/,1885413,1145393,740020
Lithuania,2021-06-10,"Johnson&Johnson, Moderna, Oxford/AstraZeneca, Pfizer/BioNTech",https://experience.arcgis.com/experience/cab84dcfe0464c2a8050a78f817924ca/page/page_3/,1912309,1154384,757925
Lithuania,2021-06-11,"Johnson&Johnson, Moderna, Oxford/AstraZeneca, Pfizer/BioNTech",https://experience.arcgis.com/experience/cab84dcfe0464c2a8050a78f817924ca/page/page_3/,1937113,1165250,771863
Lithuania,2021-06-12,"Johnson&Johnson, Moderna, Oxford/AstraZeneca, Pfizer/BioNTech",https://experience.arcgis.com/experience/cab84dcfe0464c2a8050a78f817924ca/page/page_3/,1944000,1169296,774704
Lithuania,2021-06-13,"Johnson&Johnson, Moderna, Oxford/AstraZeneca, Pfizer/BioNTech",https://experience.arcgis.com/experience/cab84dcfe0464c2a8050a78f817924ca/page/page_3/,1951208,1172436,778772
Lithuania,2021-06-14,"Johnson&Johnson, Moderna, Oxford/AstraZeneca, Pfizer/BioNTech",https://experience.arcgis.com/experience/cab84dcfe0464c2a8050a78f817924ca/page/page_3/,1971493,1176539,794954
Lithuania,2021-06-15,"Johnson&Johnson, Moderna, Oxford/AstraZeneca, Pfizer/BioNTech",https://experience.arcgis.com/experience/cab84dcfe0464c2a8050a78f817924ca/page/page_3/,1997728,1184662,813066
Lithuania,2021-06-16,"Johnson&Johnson, Moderna, Oxford/AstraZeneca, Pfizer/BioNTech",https://experience.arcgis.com/experience/cab84dcfe0464c2a8050a78f817924ca/page/page_3/,2027691,1191594,836097
Lithuania,2021-06-17,"Johnson&Johnson, Moderna, Oxford/AstraZeneca, Pfizer/BioNTech",https://experience.arcgis.com/experience/cab84dcfe0464c2a8050a78f817924ca/page/page_3/,2057885,1201440,856445
Lithuania,2021-06-18,"Johnson&Johnson, Moderna, Oxford/AstraZeneca, Pfizer/BioNTech",https://experience.arcgis.com/experience/cab84dcfe0464c2a8050a78f817924ca/page/page_3/,2083957,1207415,876542
Lithuania,2021-06-19,"Johnson&Johnson, Moderna, Oxford/AstraZeneca, Pfizer/BioNTech",https://experience.arcgis.com/experience/cab84dcfe0464c2a8050a78f817924ca/page/page_3/,2091031,1208674,882357
Lithuania,2021-06-20,"Johnson&Johnson, Moderna, Oxford/AstraZeneca, Pfizer/BioNTech",https://experience.arcgis.com/experience/cab84dcfe0464c2a8050a78f817924ca/page/page_3/,2092347,1209028,883319
Lithuania,2021-06-21,"Johnson&Johnson, Moderna, Oxford/AstraZeneca, Pfizer/BioNTech",https://experience.arcgis.com/experience/cab84dcfe0464c2a8050a78f817924ca/page/page_3/,2109468,1213679,895789
Lithuania,2021-06-22,"Johnson&Johnson, Moderna, Oxford/AstraZeneca, Pfizer/BioNTech",https://experience.arcgis.com/experience/cab84dcfe0464c2a8050a78f817924ca/page/page_3/,2135263,1217730,917533
Lithuania,2021-06-23,"Johnson&Johnson, Moderna, Oxford/AstraZeneca, Pfizer/BioNTech",https://experience.arcgis.com/experience/cab84dcfe0464c2a8050a78f817924ca/page/page_3/,2162800,1221096,941704
Lithuania,2021-06-24,"Johnson&Johnson, Moderna, Oxford/AstraZeneca, Pfizer/BioNTech",https://experience.arcgis.com/experience/cab84dcfe0464c2a8050a78f817924ca/page/page_3/,2173168,1222709,950459
Lithuania,2021-06-25,"Johnson&Johnson, Moderna, Oxford/AstraZeneca, Pfizer/BioNTech",https://experience.arcgis.com/experience/cab84dcfe0464c2a8050a78f817924ca/page/page_3/,2202498,1226946,975552
Lithuania,2021-06-26,"Johnson&Johnson, Moderna, Oxford/AstraZeneca, Pfizer/BioNTech",https://experience.arcgis.com/experience/cab84dcfe0464c2a8050a78f817924ca/page/page_3/,2210933,1227880,983053
Lithuania,2021-06-27,"Johnson&Johnson, Moderna, Oxford/AstraZeneca, Pfizer/BioNTech",https://experience.arcgis.com/experience/cab84dcfe0464c2a8050a78f817924ca/page/page_3/,2217224,1228517,988707
Lithuania,2021-06-28,"Johnson&Johnson, Moderna, Oxford/AstraZeneca, Pfizer/BioNTech",https://experience.arcgis.com/experience/cab84dcfe0464c2a8050a78f817924ca/page/page_3/,2237533,1231660,1005873
Lithuania,2021-06-29,"Johnson&Johnson, Moderna, Oxford/AstraZeneca, Pfizer/BioNTech",https://experience.arcgis.com/experience/cab84dcfe0464c2a8050a78f817924ca/page/page_3/,2263791,1236038,1027753
Lithuania,2021-06-30,"Johnson&Johnson, Moderna, Oxford/AstraZeneca, Pfizer/BioNTech",https://experience.arcgis.com/experience/cab84dcfe0464c2a8050a78f817924ca/page/page_3/,2288905,1241607,1047298
Lithuania,2021-07-01,"Johnson&Johnson, Moderna, Oxford/AstraZeneca, Pfizer/BioNTech",https://experience.arcgis.com/experience/cab84dcfe0464c2a8050a78f817924ca/page/page_3/,2307484,1247018,1060466
Lithuania,2021-07-02,"Johnson&Johnson, Moderna, Oxford/AstraZeneca, Pfizer/BioNTech",https://experience.arcgis.com/experience/cab84dcfe0464c2a8050a78f817924ca/page/page_3/,2328289,1251830,1076459
Lithuania,2021-07-03,"Johnson&Johnson, Moderna, Oxford/AstraZeneca, Pfizer/BioNTech",https://experience.arcgis.com/experience/cab84dcfe0464c2a8050a78f817924ca/page/page_3/,2334427,1253807,1080620
Lithuania,2021-07-04,"Johnson&Johnson, Moderna, Oxford/AstraZeneca, Pfizer/BioNTech",https://experience.arcgis.com/experience/cab84dcfe0464c2a8050a78f817924ca/page/page_3/,2335068,1254085,1080983
Lithuania,2021-07-05,"Johnson&Johnson, Moderna, Oxford/AstraZeneca, Pfizer/BioNTech",https://experience.arcgis.com/experience/cab84dcfe0464c2a8050a78f817924ca/page/page_3/,2348783,1257704,1091079
Lithuania,2021-07-06,"Johnson&Johnson, Moderna, Oxford/AstraZeneca, Pfizer/BioNTech",https://experience.arcgis.com/experience/cab84dcfe0464c2a8050a78f817924ca/page/page_3/,2353750,1259147,1094603
Lithuania,2021-07-07,"Johnson&Johnson, Moderna, Oxford/AstraZeneca, Pfizer/BioNTech",https://experience.arcgis.com/experience/cab84dcfe0464c2a8050a78f817924ca/page/page_3/,2371485,1264488,1106997
Lithuania,2021-07-08,"Johnson&Johnson, Moderna, Oxford/AstraZeneca, Pfizer/BioNTech",https://experience.arcgis.com/experience/cab84dcfe0464c2a8050a78f817924ca/page/page_3/,2390229,1270083,1120146
Lithuania,2021-07-09,"Johnson&Johnson, Moderna, Oxford/AstraZeneca, Pfizer/BioNTech",https://experience.arcgis.com/experience/cab84dcfe0464c2a8050a78f817924ca/page/page_3/,2405727,1275260,1130467
Lithuania,2021-07-10,"Johnson&Johnson, Moderna, Oxford/AstraZeneca, Pfizer/BioNTech",https://experience.arcgis.com/experience/cab84dcfe0464c2a8050a78f817924ca/page/page_3/,2411237,1277209,1134028
Lithuania,2021-07-11,"Johnson&Johnson, Moderna, Oxford/AstraZeneca, Pfizer/BioNTech",https://experience.arcgis.com/experience/cab84dcfe0464c2a8050a78f817924ca/page/page_3/,2411631,1277415,1134216
