location,date,vaccine,source_url,total_vaccinations,people_vaccinated,people_fully_vaccinated
Macao,2021-02-08,Sinopharm/Beijing,https://www.asgam.com/index.php/2021/02/11/macau-vaccinates-first-595-residents-as-more-than-4000-register/,0,,
Macao,2021-02-09,Sinopharm/Beijing,https://www.asgam.com/index.php/2021/02/11/macau-vaccinates-first-595-residents-as-more-than-4000-register/,595,,
Macao,2021-02-17,Sinopharm/Beijing,https://www.macaubusiness.com/residents-will-be-resistant-to-vaccination-at-first-health-bureau-doctors-association-president/,2000,,
Macao,2021-02-22,Sinopharm/Beijing,https://www.gov.mo/zh-hant/news/366405/,3700,,
Macao,2021-02-24,Sinopharm/Beijing,https://www.gov.mo/zh-hant/news/366595/,9284,,
Macao,2021-02-25,Sinopharm/Beijing,https://www.gov.mo/zh-hant/news/366747/,10691,,
Macao,2021-02-26,Sinopharm/Beijing,https://www.gov.mo/zh-hant/news/366898/,11982,,
Macao,2021-02-28,Sinopharm/Beijing,https://www.gov.mo/zh-hant/news/366973/,14426,,
Macao,2021-03-01,Sinopharm/Beijing,https://www.gov.mo/zh-hant/news/367211/,15094,,
Macao,2021-03-02,Sinopharm/Beijing,https://www.gov.mo/zh-hant/news/367552/,16044,,
Macao,2021-03-03,"Sinopharm/Beijing, Pfizer/BioNTech",https://www.gov.mo/zh-hant/news/367675/,17071,,
Macao,2021-03-04,"Sinopharm/Beijing, Pfizer/BioNTech",https://www.gov.mo/zh-hant/news/367797/,18098,,
Macao,2021-03-05,"Sinopharm/Beijing, Pfizer/BioNTech",https://www.gov.mo/zh-hant/news/367971/,19028,,
Macao,2021-03-06,"Sinopharm/Beijing, Pfizer/BioNTech",https://www.gov.mo/zh-hant/news/367988/,20218,,
Macao,2021-03-07,"Sinopharm/Beijing, Pfizer/BioNTech",https://www.gov.mo/zh-hant/news/368017/,21056,,
Macao,2021-03-08,"Sinopharm/Beijing, Pfizer/BioNTech",https://www.gov.mo/zh-hant/news/368091/,21840,,
Macao,2021-03-09,"Sinopharm/Beijing, Pfizer/BioNTech",https://www.gov.mo/zh-hant/news/368251/,22865,,
Macao,2021-03-10,"Sinopharm/Beijing, Pfizer/BioNTech",https://www.gov.mo/zh-hant/news/368355/,24040,,
Macao,2021-03-11,"Sinopharm/Beijing, Pfizer/BioNTech",https://www.gov.mo/zh-hant/news/368525/,25394,,
Macao,2021-03-12,"Sinopharm/Beijing, Pfizer/BioNTech",https://www.gov.mo/zh-hant/news/368822/,26440,,
Macao,2021-03-13,"Sinopharm/Beijing, Pfizer/BioNTech",https://www.gov.mo/zh-hant/news/368881/,27637,,
Macao,2021-03-14,"Sinopharm/Beijing, Pfizer/BioNTech",https://www.gov.mo/zh-hant/news/368936/,28767,,
Macao,2021-03-15,"Sinopharm/Beijing, Pfizer/BioNTech",https://www.gov.mo/zh-hant/news/369127/,29833,,
Macao,2021-03-16,"Sinopharm/Beijing, Pfizer/BioNTech",https://www.gov.mo/zh-hant/news/369269/,30913,,
Macao,2021-03-17,"Sinopharm/Beijing, Pfizer/BioNTech",https://www.gov.mo/zh-hant/news/369435/,31867,,
Macao,2021-03-18,"Sinopharm/Beijing, Pfizer/BioNTech",https://www.gov.mo/zh-hant/news/369543/,32841,,
Macao,2021-03-19,"Sinopharm/Beijing, Pfizer/BioNTech",https://www.gov.mo/zh-hant/news/369746/,33927,,
Macao,2021-03-20,"Sinopharm/Beijing, Pfizer/BioNTech",https://www.gov.mo/zh-hant/news/369786/,35271,,
Macao,2021-03-21,"Sinopharm/Beijing, Pfizer/BioNTech",https://www.gov.mo/zh-hant/news/369806/,36459,,
Macao,2021-03-22,"Sinopharm/Beijing, Pfizer/BioNTech",https://www.gov.mo/zh-hant/news/369918/,37707,,
Macao,2021-03-23,"Sinopharm/Beijing, Pfizer/BioNTech",https://www.gov.mo/zh-hant/news/370103/,39257,,
Macao,2021-03-24,"Sinopharm/Beijing, Pfizer/BioNTech",https://www.gov.mo/zh-hant/news/370363/,40701,,
Macao,2021-03-25,"Sinopharm/Beijing, Pfizer/BioNTech",https://www.gov.mo/zh-hant/news/370483/,41948,,
Macao,2021-03-26,"Sinopharm/Beijing, Pfizer/BioNTech",https://www.gov.mo/zh-hant/news/370703/,43211,,
Macao,2021-03-27,"Sinopharm/Beijing, Pfizer/BioNTech",https://www.gov.mo/zh-hant/news/370776/,44908,,
Macao,2021-03-28,"Sinopharm/Beijing, Pfizer/BioNTech",https://www.gov.mo/zh-hant/news/370821/,46286,,
Macao,2021-03-29,"Sinopharm/Beijing, Pfizer/BioNTech",https://www.gov.mo/zh-hant/news/371037/,47483,,
Macao,2021-03-30,"Sinopharm/Beijing, Pfizer/BioNTech",https://www.gov.mo/zh-hant/news/371234/,49308,,
Macao,2021-03-31,"Sinopharm/Beijing, Pfizer/BioNTech",https://www.gov.mo/zh-hant/news/371579/,51017,,
Macao,2021-04-01,"Sinopharm/Beijing, Pfizer/BioNTech",https://www.gov.mo/zh-hant/news/372183/,52772,,
Macao,2021-04-02,"Sinopharm/Beijing, Pfizer/BioNTech",https://www.gov.mo/zh-hant/news/372234/,53626,,
Macao,2021-04-03,"Sinopharm/Beijing, Pfizer/BioNTech",https://www.gov.mo/zh-hant/news/372274/,54704,,
Macao,2021-04-04,"Sinopharm/Beijing, Pfizer/BioNTech",https://www.gov.mo/zh-hant/news/372281/,55951,,
Macao,2021-04-05,"Sinopharm/Beijing, Pfizer/BioNTech",https://www.gov.mo/zh-hant/news/372290/,56530,,
Macao,2021-04-06,"Sinopharm/Beijing, Pfizer/BioNTech",https://www.gov.mo/zh-hant/news/372303/,57251,,
Macao,2021-04-07,"Sinopharm/Beijing, Pfizer/BioNTech",https://www.gov.mo/zh-hant/news/372612/,58676,41117,17559
Macao,2021-04-08,"Sinopharm/Beijing, Pfizer/BioNTech",https://www.gov.mo/zh-hant/news/372680/,60778,41914,18864
Macao,2021-04-09,"Sinopharm/Beijing, Pfizer/BioNTech",https://www.gov.mo/zh-hant/news/372797/,62893,42802,20091
Macao,2021-04-10,"Sinopharm/Beijing, Pfizer/BioNTech",https://www.gov.mo/zh-hant/news/372866/,65514,43967,21547
Macao,2021-04-11,"Sinopharm/Beijing, Pfizer/BioNTech",https://www.gov.mo/zh-hant/news/372906/,67431,44838,22593
Macao,2021-04-12,"Sinopharm/Beijing, Pfizer/BioNTech",https://www.gov.mo/zh-hant/news/372985/,69149,45648,23501
Macao,2021-04-13,"Sinopharm/Beijing, Pfizer/BioNTech",https://www.gov.mo/zh-hant/news/373074/,71196,46732,24464
Macao,2021-04-14,"Sinopharm/Beijing, Pfizer/BioNTech",https://www.gov.mo/zh-hant/news/373255/,73100,47812,25288
Macao,2021-04-15,"Sinopharm/Beijing, Pfizer/BioNTech",https://www.gov.mo/zh-hant/news/373374/,75087,48974,26113
Macao,2021-04-16,"Sinopharm/Beijing, Pfizer/BioNTech",https://www.gov.mo/zh-hant/news/373511/,77236,50184,27052
Macao,2021-04-17,"Sinopharm/Beijing, Pfizer/BioNTech",https://www.gov.mo/zh-hant/news/373539/,79921,51612,28309
Macao,2021-04-18,"Sinopharm/Beijing, Pfizer/BioNTech",https://www.gov.mo/zh-hant/news/373563/,81893,52688,29205
Macao,2021-04-19,"Sinopharm/Beijing, Pfizer/BioNTech",https://www.gov.mo/zh-hant/news/373726/,83257,53466,29791
Macao,2021-04-20,"Sinopharm/Beijing, Pfizer/BioNTech",https://www.gov.mo/zh-hant/news/373802/,85011,54622,30389
Macao,2021-04-21,"Sinopharm/Beijing, Pfizer/BioNTech",https://www.gov.mo/zh-hant/news/373924/,86653,55750,30903
Macao,2021-04-22,"Sinopharm/Beijing, Pfizer/BioNTech",https://www.gov.mo/zh-hant/news/374082/,88292,56931,31361
Macao,2021-04-23,"Sinopharm/Beijing, Pfizer/BioNTech",https://www.gov.mo/zh-hant/news/374256/,90063,58186,31877
Macao,2021-04-24,"Sinopharm/Beijing, Pfizer/BioNTech",https://www.gov.mo/zh-hant/news/374417/,91763,59402,32361
Macao,2021-04-25,"Sinopharm/Beijing, Pfizer/BioNTech",https://www.gov.mo/zh-hant/news/374471/,93688,60800,32888
Macao,2021-04-26,"Sinopharm/Beijing, Pfizer/BioNTech",https://www.gov.mo/zh-hant/news/374714/,95629,62155,33474
Macao,2021-04-27,"Sinopharm/Beijing, Pfizer/BioNTech",https://www.gov.mo/zh-hant/news/374842/,98021,64047,34109
Macao,2021-04-28,"Sinopharm/Beijing, Pfizer/BioNTech",https://www.gov.mo/zh-hant/news/375035/,100454,65813,34776
Macao,2021-04-29,"Sinopharm/Beijing, Pfizer/BioNTech",https://www.gov.mo/zh-hant/news/375183/,102444,67115,35464
Macao,2021-04-30,"Sinopharm/Beijing, Pfizer/BioNTech",https://www.gov.mo/zh-hant/news/375619/,104136,68211,36062
Macao,2021-05-01,"Sinopharm/Beijing, Pfizer/BioNTech",https://www.gov.mo/zh-hant/news/375676/,106197,69708,36627
Macao,2021-05-02,"Sinopharm/Beijing, Pfizer/BioNTech",https://www.gov.mo/zh-hant/news/375701/,107714,70655,37197
Macao,2021-05-03,"Sinopharm/Beijing, Pfizer/BioNTech",https://www.gov.mo/zh-hant/news/375732/,108174,70972,37340
Macao,2021-05-04,"Pfizer/BioNTech, Sinopharm/Beijing",https://www.gov.mo/zh-hant/news/375926/,109255,71719,37674
Macao,2021-05-05,"Pfizer/BioNTech, Sinopharm/Beijing",https://www.gov.mo/zh-hant/news/376099/,110952,72879,38213
Macao,2021-05-06,"Pfizer/BioNTech, Sinopharm/Beijing",https://www.gov.mo/zh-hant/news/376221/,112748,74059,38831
Macao,2021-05-07,"Pfizer/BioNTech, Sinopharm/Beijing",https://www.gov.mo/zh-hant/news/376468/,114572,75191,39525
Macao,2021-05-08,"Pfizer/BioNTech, Sinopharm/Beijing",https://www.gov.mo/zh-hant/news/376584/,116885,76529,40505
Macao,2021-05-09,"Pfizer/BioNTech, Sinopharm/Beijing",https://www.gov.mo/zh-hant/news/376702/,118687,77597,41241
Macao,2021-05-10,"Pfizer/BioNTech, Sinopharm/Beijing",https://www.gov.mo/zh-hant/news/376885/,120294,78460,41989
Macao,2021-05-11,"Pfizer/BioNTech, Sinopharm/Beijing",https://www.gov.mo/zh-hant/news/377051/,122288,79526,42929
Macao,2021-05-12,"Pfizer/BioNTech, Sinopharm/Beijing",https://www.gov.mo/zh-hant/news/378120/,124193,80557,43809
Macao,2021-05-13,"Pfizer/BioNTech, Sinopharm/Beijing",https://www.gov.mo/zh-hant/news/381644/,126141,81529,44794
Macao,2021-05-14,"Pfizer/BioNTech, Sinopharm/Beijing",https://www.gov.mo/zh-hant/news/384646/,128147,82451,45884
Macao,2021-05-15,"Pfizer/BioNTech, Sinopharm/Beijing",https://www.gov.mo/zh-hant/news/388572/,130761,83766,47193
Macao,2021-05-16,"Pfizer/BioNTech, Sinopharm/Beijing",https://www.gov.mo/zh-hant/news/389817/,132910,84844,48270
Macao,2021-05-17,"Pfizer/BioNTech, Sinopharm/Beijing",https://www.gov.mo/zh-hant/news/393459/,134586,85731,49070
Macao,2021-05-18,"Pfizer/BioNTech, Sinopharm/Beijing",https://www.gov.mo/zh-hant/news/396232/,136887,86956,50158
Macao,2021-05-19,"Pfizer/BioNTech, Sinopharm/Beijing",https://www.gov.mo/zh-hant/news/399670/,138414,87904,50723
Macao,2021-05-20,"Pfizer/BioNTech, Sinopharm/Beijing",https://www.gov.mo/zh-hant/news/403583/,140121,88771,51618
Macao,2021-05-21,"Pfizer/BioNTech, Sinopharm/Beijing",https://www.gov.mo/zh-hant/news/406792/,142900,90267,52918
Macao,2021-05-22,"Pfizer/BioNTech, Sinopharm/Beijing",https://www.gov.mo/zh-hant/news/410848/,146189,92135,54383
Macao,2021-05-23,"Pfizer/BioNTech, Sinopharm/Beijing",https://www.gov.mo/zh-hant/news/413752/,148793,93566,55580
Macao,2021-05-24,"Pfizer/BioNTech, Sinopharm/Beijing",https://www.gov.mo/zh-hant/news/418351/,151389,95212,56568
Macao,2021-05-25,"Pfizer/BioNTech, Sinopharm/Beijing",https://www.gov.mo/zh-hant/news/421287/,154743,97452,57746
Macao,2021-05-26,"Pfizer/BioNTech, Sinopharm/Beijing",https://www.gov.mo/zh-hant/news/424558/,157263,98911,58837
Macao,2021-05-27,"Pfizer/BioNTech, Sinopharm/Beijing",https://www.gov.mo/zh-hant/news/428325/,159510,100194,59823
Macao,2021-05-28,"Pfizer/BioNTech, Sinopharm/Beijing",https://www.gov.mo/zh-hant/news/431831/,162723,102047,61228
Macao,2021-05-29,"Pfizer/BioNTech, Sinopharm/Beijing",https://www.gov.mo/zh-hant/news/435104/,166856,104579,62859
Macao,2021-05-31,"Pfizer/BioNTech, Sinopharm/Beijing",https://www.gov.mo/zh-hant/news/441875/,173404,108989,65119
Macao,2021-06-01,"Pfizer/BioNTech, Sinopharm/Beijing",https://www.gov.mo/zh-hant/news/445260/,177950,112559,66169
Macao,2021-06-02,"Pfizer/BioNTech, Sinopharm/Beijing",https://www.gov.mo/zh-hant/news/448046/,182969,116564,67247
Macao,2021-06-03,"Pfizer/BioNTech, Sinopharm/Beijing",https://www.gov.mo/zh-hant/news/451222/,187652,120395,68149
Macao,2021-06-04,"Pfizer/BioNTech, Sinopharm/Beijing",https://www.gov.mo/zh-hant/news/454974/,192660,124303,69296
Macao,2021-06-05,"Pfizer/BioNTech, Sinopharm/Beijing",https://www.gov.mo/zh-hant/news/458055/,198781,129062,70708
Macao,2021-06-06,"Pfizer/BioNTech, Sinopharm/Beijing",https://www.gov.mo/zh-hant/news/460846/,203833,132985,71858
Macao,2021-06-07,"Pfizer/BioNTech, Sinopharm/Beijing",https://www.gov.mo/zh-hant/news/466362/,209051,137338,72763
Macao,2021-06-08,"Pfizer/BioNTech, Sinopharm/Beijing",https://www.gov.mo/zh-hant/news/467124/,215775,143117,73733
Macao,2021-06-09,"Pfizer/BioNTech, Sinopharm/Beijing",https://www.gov.mo/zh-hant/news/470598/,223082,149506,74684
Macao,2021-06-10,"Pfizer/BioNTech, Sinopharm/Beijing",https://www.gov.mo/zh-hant/news/476375/,230336,155838,75631
Macao,2021-06-11,"Pfizer/BioNTech, Sinopharm/Beijing",https://www.gov.mo/zh-hant/news/481731/,237236,161811,76579
Macao,2021-06-12,"Pfizer/BioNTech, Sinopharm/Beijing",https://www.gov.mo/zh-hant/news/485491/,244994,168333,77849
Macao,2021-06-13,"Pfizer/BioNTech, Sinopharm/Beijing",https://www.gov.mo/zh-hant/news/488127/,250889,173166,78920
Macao,2021-06-14,"Pfizer/BioNTech, Sinopharm/Beijing",https://www.gov.mo/zh-hant/news/491515/,255556,177279,79485
Macao,2021-06-15,"Pfizer/BioNTech, Sinopharm/Beijing",https://www.gov.mo/zh-hant/news/496214/,261228,181797,80656
Macao,2021-06-16,"Pfizer/BioNTech, Sinopharm/Beijing",https://www.gov.mo/zh-hant/news/500478/,267738,187087,81890
Macao,2021-06-17,"Pfizer/BioNTech, Sinopharm/Beijing",https://www.gov.mo/zh-hant/news/504584/,273738,191961,83036
Macao,2021-06-18,"Pfizer/BioNTech, Sinopharm/Beijing",https://www.gov.mo/zh-hant/news/508330/,279931,196744,84461
Macao,2021-06-19,"Pfizer/BioNTech, Sinopharm/Beijing",https://www.gov.mo/zh-hant/news/511379/,286740,201950,86069
Macao,2021-06-20,"Pfizer/BioNTech, Sinopharm/Beijing",https://www.gov.mo/zh-hant/news/514196/,291995,205772,87506
Macao,2021-06-21,"Pfizer/BioNTech, Sinopharm/Beijing",https://www.gov.mo/zh-hant/news/517185/,296817,209350,88756
Macao,2021-06-22,"Pfizer/BioNTech, Sinopharm/Beijing",https://www.gov.mo/zh-hant/news/520718/,302379,213450,90235
Macao,2021-06-23,"Pfizer/BioNTech, Sinopharm/Beijing",https://www.gov.mo/zh-hant/news/524428/,307506,217211,91618
Macao,2021-06-24,"Pfizer/BioNTech, Sinopharm/Beijing",https://www.gov.mo/zh-hant/news/527796/,311919,220215,93039
Macao,2021-06-25,"Pfizer/BioNTech, Sinopharm/Beijing",https://www.gov.mo/zh-hant/news/531643/,316456,223074,94729
Macao,2021-06-26,"Pfizer/BioNTech, Sinopharm/Beijing",https://www.gov.mo/zh-hant/news/535158/,321521,226057,96821
Macao,2021-06-27,"Pfizer/BioNTech, Sinopharm/Beijing",https://www.gov.mo/zh-hant/news/539095/,325418,228119,98665
Macao,2021-06-28,"Pfizer/BioNTech, Sinopharm/Beijing",https://www.gov.mo/zh-hant/news/542538/,329495,229957,100914
Macao,2021-06-29,"Pfizer/BioNTech, Sinopharm/Beijing",https://www.gov.mo/zh-hant/news/545342/,335125,232597,103923
Macao,2021-06-30,"Pfizer/BioNTech, Sinopharm/Beijing",https://www.gov.mo/zh-hant/news/548651/,340645,235018,107030
Macao,2021-07-01,"Pfizer/BioNTech, Sinopharm/Beijing",https://www.gov.mo/zh-hant/news/552495/,347396,238489,110322
Macao,2021-07-02,"Pfizer/BioNTech, Sinopharm/Beijing",https://www.gov.mo/zh-hant/news/555520/,354557,242025,113957
Macao,2021-07-03,"Pfizer/BioNTech, Sinopharm/Beijing",https://www.gov.mo/zh-hant/news/559159/,361996,245261,118169
Macao,2021-07-04,"Pfizer/BioNTech, Sinopharm/Beijing",https://www.gov.mo/zh-hant/news/562189/,367958,247278,118169
Macao,2021-07-05,"Pfizer/BioNTech, Sinopharm/Beijing",https://www.gov.mo/zh-hant/news/565521/,373898,249564,125793
Macao,2021-07-06,"Pfizer/BioNTech, Sinopharm/Beijing",https://www.gov.mo/zh-hant/news/569471/,381076,252020,
Macao,2021-07-07,"Pfizer/BioNTech, Sinopharm/Beijing",https://www.gov.mo/zh-hant/news/573437/,387925,254109,
Macao,2021-07-08,"Pfizer/BioNTech, Sinopharm/Beijing",https://www.gov.mo/zh-hant/news/577597/,394909,256136,140317
Macao,2021-07-09,"Pfizer/BioNTech, Sinopharm/Beijing",https://www.gov.mo/zh-hant/news/580438/,401532,257597,140317
