location,date,vaccine,source_url,total_vaccinations,people_vaccinated,people_fully_vaccinated
Malaysia,2021-02-24,Pfizer/BioNTech,https://github.com/CITF-Malaysia/citf-public,60,60,0
Malaysia,2021-02-25,Pfizer/BioNTech,https://github.com/CITF-Malaysia/citf-public,1213,1213,0
Malaysia,2021-02-26,Pfizer/BioNTech,https://github.com/CITF-Malaysia/citf-public,5299,5299,0
Malaysia,2021-02-27,Pfizer/BioNTech,https://github.com/CITF-Malaysia/citf-public,12011,12011,0
Malaysia,2021-02-28,Pfizer/BioNTech,https://github.com/CITF-Malaysia/citf-public,18697,18694,3
Malaysia,2021-03-01,Pfizer/BioNTech,https://github.com/CITF-Malaysia/citf-public,34058,34051,7
Malaysia,2021-03-02,Pfizer/BioNTech,https://github.com/CITF-Malaysia/citf-public,55720,55709,11
Malaysia,2021-03-03,Pfizer/BioNTech,https://github.com/CITF-Malaysia/citf-public,78361,78345,16
Malaysia,2021-03-04,Pfizer/BioNTech,https://github.com/CITF-Malaysia/citf-public,97898,97872,26
Malaysia,2021-03-05,Pfizer/BioNTech,https://github.com/CITF-Malaysia/citf-public,112028,112000,28
Malaysia,2021-03-06,Pfizer/BioNTech,https://github.com/CITF-Malaysia/citf-public,127377,127348,29
Malaysia,2021-03-07,Pfizer/BioNTech,https://github.com/CITF-Malaysia/citf-public,139728,139697,31
Malaysia,2021-03-08,Pfizer/BioNTech,https://github.com/CITF-Malaysia/citf-public,166539,166505,34
Malaysia,2021-03-09,Pfizer/BioNTech,https://github.com/CITF-Malaysia/citf-public,196276,196240,36
Malaysia,2021-03-10,Pfizer/BioNTech,https://github.com/CITF-Malaysia/citf-public,224713,224676,37
Malaysia,2021-03-11,Pfizer/BioNTech,https://github.com/CITF-Malaysia/citf-public,250857,250820,37
Malaysia,2021-03-12,Pfizer/BioNTech,https://github.com/CITF-Malaysia/citf-public,276903,276865,38
Malaysia,2021-03-13,Pfizer/BioNTech,https://github.com/CITF-Malaysia/citf-public,293556,293518,38
Malaysia,2021-03-14,Pfizer/BioNTech,https://github.com/CITF-Malaysia/citf-public,303422,303384,38
Malaysia,2021-03-15,Pfizer/BioNTech,https://github.com/CITF-Malaysia/citf-public,323419,323380,39
Malaysia,2021-03-16,Pfizer/BioNTech,https://github.com/CITF-Malaysia/citf-public,348732,348690,42
Malaysia,2021-03-17,"Pfizer/BioNTech, Sinovac",https://github.com/CITF-Malaysia/citf-public,369553,369451,102
Malaysia,2021-03-18,"Pfizer/BioNTech, Sinovac",https://github.com/CITF-Malaysia/citf-public,387594,386747,847
Malaysia,2021-03-19,"Pfizer/BioNTech, Sinovac",https://github.com/CITF-Malaysia/citf-public,402062,397473,4589
Malaysia,2021-03-20,"Pfizer/BioNTech, Sinovac",https://github.com/CITF-Malaysia/citf-public,415805,405190,10615
Malaysia,2021-03-21,"Pfizer/BioNTech, Sinovac",https://github.com/CITF-Malaysia/citf-public,431267,414887,16380
Malaysia,2021-03-22,"Pfizer/BioNTech, Sinovac",https://github.com/CITF-Malaysia/citf-public,455472,424605,30867
Malaysia,2021-03-23,"Pfizer/BioNTech, Sinovac",https://github.com/CITF-Malaysia/citf-public,484623,432915,51708
Malaysia,2021-03-24,"Pfizer/BioNTech, Sinovac",https://github.com/CITF-Malaysia/citf-public,513638,439229,74409
Malaysia,2021-03-25,"Pfizer/BioNTech, Sinovac",https://github.com/CITF-Malaysia/citf-public,539358,445662,93696
Malaysia,2021-03-26,"Pfizer/BioNTech, Sinovac",https://github.com/CITF-Malaysia/citf-public,555829,449586,106243
Malaysia,2021-03-27,"Pfizer/BioNTech, Sinovac",https://github.com/CITF-Malaysia/citf-public,571616,451287,120329
Malaysia,2021-03-28,"Pfizer/BioNTech, Sinovac",https://github.com/CITF-Malaysia/citf-public,587924,454937,132987
Malaysia,2021-03-29,"Pfizer/BioNTech, Sinovac",https://github.com/CITF-Malaysia/citf-public,622331,462590,159741
Malaysia,2021-03-30,"Pfizer/BioNTech, Sinovac",https://github.com/CITF-Malaysia/citf-public,662695,473993,188702
Malaysia,2021-03-31,"Pfizer/BioNTech, Sinovac",https://github.com/CITF-Malaysia/citf-public,699238,483516,215722
Malaysia,2021-04-01,"Pfizer/BioNTech, Sinovac",https://github.com/CITF-Malaysia/citf-public,741287,499183,242104
Malaysia,2021-04-02,"Pfizer/BioNTech, Sinovac",https://github.com/CITF-Malaysia/citf-public,771725,506782,264943
Malaysia,2021-04-03,"Pfizer/BioNTech, Sinovac",https://github.com/CITF-Malaysia/citf-public,788571,509192,279379
Malaysia,2021-04-04,"Pfizer/BioNTech, Sinovac",https://github.com/CITF-Malaysia/citf-public,802861,514768,288093
Malaysia,2021-04-05,"Pfizer/BioNTech, Sinovac",https://github.com/CITF-Malaysia/citf-public,831156,523964,307192
Malaysia,2021-04-06,"Pfizer/BioNTech, Sinovac",https://github.com/CITF-Malaysia/citf-public,863650,534942,328708
Malaysia,2021-04-07,"Pfizer/BioNTech, Sinovac",https://github.com/CITF-Malaysia/citf-public,894237,547509,346728
Malaysia,2021-04-08,"Pfizer/BioNTech, Sinovac",https://github.com/CITF-Malaysia/citf-public,920939,559504,361435
Malaysia,2021-04-09,"Pfizer/BioNTech, Sinovac",https://github.com/CITF-Malaysia/citf-public,942433,566698,375735
Malaysia,2021-04-10,"Pfizer/BioNTech, Sinovac",https://github.com/CITF-Malaysia/citf-public,957962,572233,385729
Malaysia,2021-04-11,"Pfizer/BioNTech, Sinovac",https://github.com/CITF-Malaysia/citf-public,981053,584673,396380
Malaysia,2021-04-12,"Pfizer/BioNTech, Sinovac",https://github.com/CITF-Malaysia/citf-public,1020214,609940,410274
Malaysia,2021-04-13,"Pfizer/BioNTech, Sinovac",https://github.com/CITF-Malaysia/citf-public,1043940,625981,417959
Malaysia,2021-04-14,"Pfizer/BioNTech, Sinovac",https://github.com/CITF-Malaysia/citf-public,1072501,646848,425653
Malaysia,2021-04-15,"Pfizer/BioNTech, Sinovac",https://github.com/CITF-Malaysia/citf-public,1099697,664907,434790
Malaysia,2021-04-16,"Pfizer/BioNTech, Sinovac",https://github.com/CITF-Malaysia/citf-public,1119202,680495,438707
Malaysia,2021-04-17,"Pfizer/BioNTech, Sinovac",https://github.com/CITF-Malaysia/citf-public,1128823,689053,439770
Malaysia,2021-04-18,"Pfizer/BioNTech, Sinovac",https://github.com/CITF-Malaysia/citf-public,1138648,695136,443512
Malaysia,2021-04-19,"Pfizer/BioNTech, Sinovac",https://github.com/CITF-Malaysia/citf-public,1171457,719735,451722
Malaysia,2021-04-20,"Pfizer/BioNTech, Sinovac",https://github.com/CITF-Malaysia/citf-public,1204590,741769,462821
Malaysia,2021-04-21,"Pfizer/BioNTech, Sinovac",https://github.com/CITF-Malaysia/citf-public,1231760,757547,474213
Malaysia,2021-04-22,"Pfizer/BioNTech, Sinovac",https://github.com/CITF-Malaysia/citf-public,1259982,772283,487699
Malaysia,2021-04-23,"Pfizer/BioNTech, Sinovac",https://github.com/CITF-Malaysia/citf-public,1278782,784441,494341
Malaysia,2021-04-24,"Pfizer/BioNTech, Sinovac",https://github.com/CITF-Malaysia/citf-public,1289459,792364,497095
Malaysia,2021-04-25,"Pfizer/BioNTech, Sinovac",https://github.com/CITF-Malaysia/citf-public,1304206,801450,502756
Malaysia,2021-04-26,"Pfizer/BioNTech, Sinovac",https://github.com/CITF-Malaysia/citf-public,1334290,822655,511635
Malaysia,2021-04-27,"Pfizer/BioNTech, Sinovac",https://github.com/CITF-Malaysia/citf-public,1368794,845360,523434
Malaysia,2021-04-28,"Pfizer/BioNTech, Sinovac",https://github.com/CITF-Malaysia/citf-public,1408260,871673,536587
Malaysia,2021-04-29,"Pfizer/BioNTech, Sinovac",https://github.com/CITF-Malaysia/citf-public,1420709,878100,542609
Malaysia,2021-04-30,"Pfizer/BioNTech, Sinovac",https://github.com/CITF-Malaysia/citf-public,1447111,895658,551453
Malaysia,2021-05-01,"Pfizer/BioNTech, Sinovac",https://github.com/CITF-Malaysia/citf-public,1452427,898548,553879
Malaysia,2021-05-02,"Pfizer/BioNTech, Sinovac",https://github.com/CITF-Malaysia/citf-public,1468078,906137,561941
Malaysia,2021-05-03,"Pfizer/BioNTech, Sinovac",https://github.com/CITF-Malaysia/citf-public,1519055,930513,588542
Malaysia,2021-05-04,"Pfizer/BioNTech, Sinovac",https://github.com/CITF-Malaysia/citf-public,1568654,960524,608130
Malaysia,2021-05-05,"Oxford/AstraZeneca, Pfizer/BioNTech, Sinovac",https://github.com/CITF-Malaysia/citf-public,1623317,992360,630957
Malaysia,2021-05-06,"Oxford/AstraZeneca, Pfizer/BioNTech, Sinovac",https://github.com/CITF-Malaysia/citf-public,1678810,1029147,649663
Malaysia,2021-05-07,"Oxford/AstraZeneca, Pfizer/BioNTech, Sinovac",https://github.com/CITF-Malaysia/citf-public,1726313,1061227,665086
Malaysia,2021-05-08,"Oxford/AstraZeneca, Pfizer/BioNTech, Sinovac",https://github.com/CITF-Malaysia/citf-public,1753201,1079748,673453
Malaysia,2021-05-09,"Oxford/AstraZeneca, Pfizer/BioNTech, Sinovac",https://github.com/CITF-Malaysia/citf-public,1785504,1105487,680017
Malaysia,2021-05-10,"Oxford/AstraZeneca, Pfizer/BioNTech, Sinovac",https://github.com/CITF-Malaysia/citf-public,1846704,1141956,704748
Malaysia,2021-05-11,"Oxford/AstraZeneca, Pfizer/BioNTech, Sinovac",https://github.com/CITF-Malaysia/citf-public,1895444,1172336,723108
Malaysia,2021-05-12,"Oxford/AstraZeneca, Pfizer/BioNTech, Sinovac",https://github.com/CITF-Malaysia/citf-public,1913483,1182587,730896
Malaysia,2021-05-13,"Oxford/AstraZeneca, Pfizer/BioNTech, Sinovac",https://github.com/CITF-Malaysia/citf-public,1913599,1182698,730901
Malaysia,2021-05-14,"Oxford/AstraZeneca, Pfizer/BioNTech, Sinovac",https://github.com/CITF-Malaysia/citf-public,1913632,1182719,730913
Malaysia,2021-05-15,"Oxford/AstraZeneca, Pfizer/BioNTech, Sinovac",https://github.com/CITF-Malaysia/citf-public,1924382,1192880,731502
Malaysia,2021-05-16,"Oxford/AstraZeneca, Pfizer/BioNTech, Sinovac",https://github.com/CITF-Malaysia/citf-public,1934677,1202849,731828
Malaysia,2021-05-17,"Oxford/AstraZeneca, Pfizer/BioNTech, Sinovac",https://github.com/CITF-Malaysia/citf-public,1994938,1235084,759854
Malaysia,2021-05-18,"Oxford/AstraZeneca, Pfizer/BioNTech, Sinovac",https://github.com/CITF-Malaysia/citf-public,2071489,1279435,792054
Malaysia,2021-05-19,"Oxford/AstraZeneca, Pfizer/BioNTech, Sinovac",https://github.com/CITF-Malaysia/citf-public,2155137,1329157,825980
Malaysia,2021-05-20,"Oxford/AstraZeneca, Pfizer/BioNTech, Sinovac",https://github.com/CITF-Malaysia/citf-public,2235740,1387906,847834
Malaysia,2021-05-21,"Oxford/AstraZeneca, Pfizer/BioNTech, Sinovac",https://github.com/CITF-Malaysia/citf-public,2296337,1429825,866512
Malaysia,2021-05-22,"Oxford/AstraZeneca, Pfizer/BioNTech, Sinovac",https://github.com/CITF-Malaysia/citf-public,2341545,1471903,869642
Malaysia,2021-05-23,"Oxford/AstraZeneca, Pfizer/BioNTech, Sinovac",https://github.com/CITF-Malaysia/citf-public,2387532,1509557,877975
Malaysia,2021-05-24,"Oxford/AstraZeneca, Pfizer/BioNTech, Sinovac",https://github.com/CITF-Malaysia/citf-public,2482541,1578679,903862
Malaysia,2021-05-25,"Oxford/AstraZeneca, Pfizer/BioNTech, Sinovac",https://github.com/CITF-Malaysia/citf-public,2582093,1647637,934456
Malaysia,2021-05-26,"Oxford/AstraZeneca, Pfizer/BioNTech, Sinovac",https://github.com/CITF-Malaysia/citf-public,2604081,1667734,936347
Malaysia,2021-05-27,"Oxford/AstraZeneca, Pfizer/BioNTech, Sinovac",https://github.com/CITF-Malaysia/citf-public,2711421,1725818,985603
Malaysia,2021-05-28,"Oxford/AstraZeneca, Pfizer/BioNTech, Sinovac",https://github.com/CITF-Malaysia/citf-public,2785197,1772264,1012933
Malaysia,2021-05-29,"Oxford/AstraZeneca, Pfizer/BioNTech, Sinovac",https://github.com/CITF-Malaysia/citf-public,2850593,1822794,1027799
Malaysia,2021-05-30,"Oxford/AstraZeneca, Pfizer/BioNTech, Sinovac",https://github.com/CITF-Malaysia/citf-public,2913009,1860864,1052145
Malaysia,2021-05-31,"Oxford/AstraZeneca, Pfizer/BioNTech, Sinovac",https://github.com/CITF-Malaysia/citf-public,3008429,1927861,1080568
Malaysia,2021-06-01,"Oxford/AstraZeneca, Pfizer/BioNTech, Sinovac",https://github.com/CITF-Malaysia/citf-public,3107218,2002345,1104873
Malaysia,2021-06-02,"Oxford/AstraZeneca, Pfizer/BioNTech, Sinovac",https://github.com/CITF-Malaysia/citf-public,3212873,2098189,1114684
Malaysia,2021-06-03,"Oxford/AstraZeneca, Pfizer/BioNTech, Sinovac",https://github.com/CITF-Malaysia/citf-public,3330436,2208016,1122420
Malaysia,2021-06-04,"Oxford/AstraZeneca, Pfizer/BioNTech, Sinovac",https://github.com/CITF-Malaysia/citf-public,3420713,2293377,1127336
Malaysia,2021-06-05,"Oxford/AstraZeneca, Pfizer/BioNTech, Sinovac",https://github.com/CITF-Malaysia/citf-public,3493193,2364455,1128738
Malaysia,2021-06-06,"Oxford/AstraZeneca, Pfizer/BioNTech, Sinovac",https://github.com/CITF-Malaysia/citf-public,3574376,2444075,1130301
Malaysia,2021-06-07,"Oxford/AstraZeneca, Pfizer/BioNTech, Sinovac",https://github.com/CITF-Malaysia/citf-public,3638812,2503655,1135157
Malaysia,2021-06-08,"Oxford/AstraZeneca, Pfizer/BioNTech, Sinovac",https://github.com/CITF-Malaysia/citf-public,3790121,2609377,1180744
Malaysia,2021-06-09,"Oxford/AstraZeneca, Pfizer/BioNTech, Sinovac",https://github.com/CITF-Malaysia/citf-public,3944987,2724048,1220939
Malaysia,2021-06-10,"Oxford/AstraZeneca, Pfizer/BioNTech, Sinovac",https://github.com/CITF-Malaysia/citf-public,4102936,2835178,1267758
Malaysia,2021-06-11,"Oxford/AstraZeneca, Pfizer/BioNTech, Sinovac",https://github.com/CITF-Malaysia/citf-public,4227554,2929736,1297818
Malaysia,2021-06-12,"Oxford/AstraZeneca, Pfizer/BioNTech, Sinovac",https://github.com/CITF-Malaysia/citf-public,4361358,3030096,1331262
Malaysia,2021-06-13,"Oxford/AstraZeneca, Pfizer/BioNTech, Sinovac",https://github.com/CITF-Malaysia/citf-public,4490270,3132304,1357966
Malaysia,2021-06-14,"Oxford/AstraZeneca, Pfizer/BioNTech, Sinovac",https://github.com/CITF-Malaysia/citf-public,4688233,3275194,1413039
Malaysia,2021-06-15,"Oxford/AstraZeneca, Pfizer/BioNTech, Sinovac",https://github.com/CITF-Malaysia/citf-public,4904109,3435420,1468689
Malaysia,2021-06-16,"Oxford/AstraZeneca, Pfizer/BioNTech, Sinovac",https://github.com/CITF-Malaysia/citf-public,5108948,3632195,1476753
Malaysia,2021-06-17,"Oxford/AstraZeneca, Pfizer/BioNTech, Sinovac",https://github.com/CITF-Malaysia/citf-public,5330654,3810071,1520583
Malaysia,2021-06-18,"Oxford/AstraZeneca, Pfizer/BioNTech, Sinovac",https://github.com/CITF-Malaysia/citf-public,5510720,3957687,1553033
Malaysia,2021-06-19,"Oxford/AstraZeneca, Pfizer/BioNTech, Sinovac",https://github.com/CITF-Malaysia/citf-public,5675002,4086087,1588915
Malaysia,2021-06-20,"Oxford/AstraZeneca, Pfizer/BioNTech, Sinovac",https://github.com/CITF-Malaysia/citf-public,5815575,4202601,1612974
Malaysia,2021-06-21,"Oxford/AstraZeneca, Pfizer/BioNTech, Sinovac",https://github.com/CITF-Malaysia/citf-public,6051198,4384441,1666757
Malaysia,2021-06-22,"Oxford/AstraZeneca, Pfizer/BioNTech, Sinovac",https://github.com/CITF-Malaysia/citf-public,6301727,4574685,1727042
Malaysia,2021-06-23,"Oxford/AstraZeneca, Pfizer/BioNTech, Sinovac",https://github.com/CITF-Malaysia/citf-public,6554500,4749133,1805367
Malaysia,2021-06-24,"Oxford/AstraZeneca, Pfizer/BioNTech, Sinovac",https://github.com/CITF-Malaysia/citf-public,6823104,4924334,1898770
Malaysia,2021-06-25,"Oxford/AstraZeneca, Pfizer/BioNTech, Sinovac",https://github.com/CITF-Malaysia/citf-public,7039072,5072714,1966358
Malaysia,2021-06-26,"Oxford/AstraZeneca, Pfizer/BioNTech, Sinovac",https://github.com/CITF-Malaysia/citf-public,7226949,5204993,2021956
Malaysia,2021-06-27,"Oxford/AstraZeneca, Pfizer/BioNTech, Sinovac",https://github.com/CITF-Malaysia/citf-public,7395905,5308849,2087056
Malaysia,2021-06-28,"Oxford/AstraZeneca, Pfizer/BioNTech, Sinovac",https://github.com/CITF-Malaysia/citf-public,7593179,5463128,2130051
Malaysia,2021-06-29,"Oxford/AstraZeneca, Pfizer/BioNTech, Sinovac",https://github.com/CITF-Malaysia/citf-public,7824912,5610911,2214001
Malaysia,2021-06-30,"Oxford/AstraZeneca, Pfizer/BioNTech, Sinovac",https://github.com/CITF-Malaysia/citf-public,8083685,5774667,2309018
Malaysia,2021-07-01,"Oxford/AstraZeneca, Pfizer/BioNTech, Sinovac",https://github.com/CITF-Malaysia/citf-public,8346697,5952815,2393882
Malaysia,2021-07-02,"Oxford/AstraZeneca, Pfizer/BioNTech, Sinovac",https://github.com/CITF-Malaysia/citf-public,8582893,6119874,2463019
Malaysia,2021-07-03,"Oxford/AstraZeneca, Pfizer/BioNTech, Sinovac",https://github.com/CITF-Malaysia/citf-public,8800700,6261014,2539686
Malaysia,2021-07-04,"Oxford/AstraZeneca, Pfizer/BioNTech, Sinovac",https://github.com/CITF-Malaysia/citf-public,9006715,6388399,2618316
Malaysia,2021-07-05,"Oxford/AstraZeneca, Pfizer/BioNTech, Sinovac",https://github.com/CITF-Malaysia/citf-public,9320476,6585002,2735474
Malaysia,2021-07-06,"Oxford/AstraZeneca, Pfizer/BioNTech, Sinovac",https://github.com/CITF-Malaysia/citf-public,9660519,6791759,2868760
Malaysia,2021-07-07,"Oxford/AstraZeneca, Pfizer/BioNTech, Sinovac",https://github.com/CITF-Malaysia/citf-public,10036361,6999554,3036807
Malaysia,2021-07-08,"Oxford/AstraZeneca, Pfizer/BioNTech, Sinovac",https://github.com/CITF-Malaysia/citf-public,10413270,7222481,3190789
Malaysia,2021-07-09,"Oxford/AstraZeneca, Pfizer/BioNTech, Sinovac",https://github.com/CITF-Malaysia/citf-public,10750748,7435877,3314871
Malaysia,2021-07-10,"Oxford/AstraZeneca, Pfizer/BioNTech, Sinovac",https://github.com/CITF-Malaysia/citf-public,11075493,7649848,3425645
Malaysia,2021-07-11,"Oxford/AstraZeneca, Pfizer/BioNTech, Sinovac",https://github.com/CITF-Malaysia/citf-public,11366710,7840034,3526676
