location,date,vaccine,source_url,total_vaccinations,people_vaccinated,people_fully_vaccinated
Maldives,2021-02-02,Oxford/AstraZeneca,https://twitter.com/HPA_MV/status/1356649067024183299,880,880,0
Maldives,2021-02-03,Oxford/AstraZeneca,https://twitter.com/HPA_MV/status/1357011756833456135,1578,1578,0
Maldives,2021-02-04,Oxford/AstraZeneca,https://twitter.com/HPA_MV/status/1357374641090789377,3204,3204,0
Maldives,2021-02-05,Oxford/AstraZeneca,https://twitter.com/HPA_MV/status/1357736076589342720,4269,4269,0
Maldives,2021-02-06,Oxford/AstraZeneca,https://twitter.com/HPA_MV/status/1358098454896136195,6854,6854,0
Maldives,2021-02-07,Oxford/AstraZeneca,https://twitter.com/HPA_MV/status/1358464324738707459,9752,9752,0
Maldives,2021-02-08,Oxford/AstraZeneca,https://twitter.com/HPA_MV/status/1358823392561033223,12934,12934,0
Maldives,2021-02-09,Oxford/AstraZeneca,https://twitter.com/HPA_MV/status/1359185795861602304,16251,16251,0
Maldives,2021-02-10,Oxford/AstraZeneca,https://twitter.com/HPA_MV/status/1359548125615181826,20161,20161,0
Maldives,2021-02-11,Oxford/AstraZeneca,https://twitter.com/HPA_MV/status/1359910513426243584,25327,25327,0
Maldives,2021-02-12,Oxford/AstraZeneca,https://twitter.com/HPA_MV/status/1360273096108892160,27367,27367,0
Maldives,2021-02-13,Oxford/AstraZeneca,https://twitter.com/HPA_MV/status/1360636939469266944,33106,33106,0
Maldives,2021-02-14,Oxford/AstraZeneca,https://twitter.com/HPA_MV/status/1360999555999875072,38591,38591,0
Maldives,2021-02-15,Oxford/AstraZeneca,https://twitter.com/HPA_MV/status/1361362658117750786,43817,43817,0
Maldives,2021-02-16,Oxford/AstraZeneca,https://twitter.com/HPA_MV/status/1361722717821632515,50047,50047,0
Maldives,2021-02-17,Oxford/AstraZeneca,https://twitter.com/HPA_MV/status/1362087215065612295,56218,56218,0
Maldives,2021-02-18,Oxford/AstraZeneca,https://twitter.com/HPA_MV/status/1362449026935881729,64048,64048,0
Maldives,2021-02-19,Oxford/AstraZeneca,https://twitter.com/HPA_MV/status/1362470543723790336,64048,64048,0
Maldives,2021-02-20,Oxford/AstraZeneca,https://twitter.com/HPA_MV/status/1363176863099715584,70009,70009,0
Maldives,2021-02-21,Oxford/AstraZeneca,https://twitter.com/HPA_MV/status/1363547822302384137,75013,75013,0
Maldives,2021-02-22,Oxford/AstraZeneca,https://twitter.com/HPA_MV/status/1363901092355006471,80159,80159,0
Maldives,2021-02-23,Oxford/AstraZeneca,https://twitter.com/HPA_MV/status/1364262813653487623,85110,85110,0
Maldives,2021-02-24,Oxford/AstraZeneca,https://twitter.com/HPA_MV/status/1364621580018593799,90865,90865,0
Maldives,2021-02-25,Oxford/AstraZeneca,https://twitter.com/HPA_MV/status/1365003354817122307,98311,98311,0
Maldives,2021-02-26,Oxford/AstraZeneca,https://twitter.com/HPA_MV/status/1365351011389493256,99419,99419,0
Maldives,2021-02-27,Oxford/AstraZeneca,https://twitter.com/HPA_MV/status/1365710323005747205,105492,105492,0
Maldives,2021-02-28,Oxford/AstraZeneca,https://twitter.com/HPA_MV/status/1366073931422183430,111415,111415,0
Maldives,2021-03-01,Oxford/AstraZeneca,https://twitter.com/HPA_MV/status/1366436605741981699,117115,117115,0
Maldives,2021-03-02,Oxford/AstraZeneca,https://twitter.com/HPA_MV/status/1366798802603155457,123665,123665,0
Maldives,2021-03-03,Oxford/AstraZeneca,https://twitter.com/HPA_MV/status/1367158279718252545,129424,129424,0
Maldives,2021-03-04,Oxford/AstraZeneca,https://twitter.com/HPA_MV/status/1367524905370202118,137124,137124,0
Maldives,2021-03-05,Oxford/AstraZeneca,https://twitter.com/HPA_MV/status/1367883045831839748,138827,138827,0
Maldives,2021-03-06,Oxford/AstraZeneca,https://twitter.com/HPA_MV/status/1368247419624914948,145768,145768,0
Maldives,2021-03-07,Oxford/AstraZeneca,https://twitter.com/HPA_MV/status/1368611069422354440,151643,151643,0
Maldives,2021-03-08,Oxford/AstraZeneca,https://twitter.com/HPA_MV/status/1368970090503413765,157813,157813,0
Maldives,2021-03-09,Oxford/AstraZeneca,https://twitter.com/HPA_MV/status/1369336807326941190,165675,165675,0
Maldives,2021-03-10,Oxford/AstraZeneca,https://twitter.com/HPA_MV/status/1369702549054517248,175456,175456,0
Maldives,2021-03-11,Oxford/AstraZeneca,https://twitter.com/HPA_MV/status/1370061165888409605,186930,186930,0
Maldives,2021-03-12,Oxford/AstraZeneca,https://twitter.com/HPA_MV/status/1370419731929436162,188436,188436,0
Maldives,2021-03-13,Oxford/AstraZeneca,https://twitter.com/HPA_MV/status/1370784892825563140,198206,198206,0
Maldives,2021-03-14,Oxford/AstraZeneca,https://twitter.com/HPA_MV/status/1371153339115839495,206114,206114,0
Maldives,2021-03-15,"Oxford/AstraZeneca, Sinopharm/Beijing",https://twitter.com/HPA_MV/status/1371507306538659840,212711,212711,0
Maldives,2021-03-16,"Oxford/AstraZeneca, Sinopharm/Beijing",https://twitter.com/HPA_MV/status/1371869526321737730,214486,214486,0
Maldives,2021-03-17,"Oxford/AstraZeneca, Sinopharm/Beijing",https://twitter.com/HPA_MV/status/1372234519085002753,215852,215852,0
Maldives,2021-03-18,"Oxford/AstraZeneca, Sinopharm/Beijing",https://twitter.com/HPA_MV/status/1372599360995913729,217597,217597,0
Maldives,2021-03-19,"Oxford/AstraZeneca, Sinopharm/Beijing",https://twitter.com/HPA_MV/status/1372956436846755847,218046,218046,0
Maldives,2021-03-20,"Oxford/AstraZeneca, Sinopharm/Beijing",https://twitter.com/HPA_MV/status/1373321135975202819,218645,218645,0
Maldives,2021-03-21,"Oxford/AstraZeneca, Sinopharm/Beijing",https://twitter.com/HPA_MV/status/1373685000504279044,218912,218912,0
Maldives,2021-03-22,"Oxford/AstraZeneca, Sinopharm/Beijing",https://twitter.com/HPA_MV/status/1374046146587418630,220768,220768,0
Maldives,2021-03-23,"Oxford/AstraZeneca, Sinopharm/Beijing",https://twitter.com/HPA_MV/status/1374419673261830144,222970,222970,0
Maldives,2021-03-24,"Oxford/AstraZeneca, Sinopharm/Beijing",https://twitter.com/HPA_MV/status/1374776952796643341,224979,224979,0
Maldives,2021-03-25,"Oxford/AstraZeneca, Sinopharm/Beijing",https://twitter.com/HPA_MV/status/1375132628068798464,227423,227423,0
Maldives,2021-03-26,"Oxford/AstraZeneca, Sinopharm/Beijing, Pfizer/BioNTech",https://twitter.com/HPA_MV/status/1375492849450422278,227696,227696,0
Maldives,2021-03-27,"Oxford/AstraZeneca, Sinopharm/Beijing, Pfizer/BioNTech",https://twitter.com/HPA_MV/status/1375856137849856003,230130,230130,0
Maldives,2021-03-28,"Oxford/AstraZeneca, Sinopharm/Beijing, Pfizer/BioNTech",https://twitter.com/HPA_MV/status/1376221896581148676,232175,232175,0
Maldives,2021-03-29,"Oxford/AstraZeneca, Sinopharm/Beijing, Pfizer/BioNTech",https://twitter.com/HPA_MV/status/1376584073519398912,233875,233875,0
Maldives,2021-03-30,"Oxford/AstraZeneca, Sinopharm/Beijing, Pfizer/BioNTech",https://twitter.com/HPA_MV/status/1376946234313740289,235682,235682,0
Maldives,2021-03-31,"Oxford/AstraZeneca, Sinopharm/Beijing, Pfizer/BioNTech",https://twitter.com/HPA_MV/status/1377309854155468808,237716,237716,0
Maldives,2021-04-01,"Oxford/AstraZeneca, Sinopharm/Beijing, Pfizer/BioNTech",https://twitter.com/HPA_MV/status/1377684021711233025,240773,240773,0
Maldives,2021-04-02,"Oxford/AstraZeneca, Sinopharm/Beijing, Pfizer/BioNTech",https://twitter.com/HPA_MV/status/1378032701614133248,241127,241127,0
Maldives,2021-04-03,"Oxford/AstraZeneca, Sinopharm/Beijing, Pfizer/BioNTech",https://twitter.com/HPA_MV/status/1378395561506729987,245470,243749,1721
Maldives,2021-04-04,"Oxford/AstraZeneca, Sinopharm/Beijing, Pfizer/BioNTech",https://twitter.com/HPA_MV/status/1378760475136065537,250633,246896,3737
Maldives,2021-04-05,"Oxford/AstraZeneca, Sinopharm/Beijing, Pfizer/BioNTech",https://twitter.com/HPA_MV/status/1379123879285678084,256892,251139,5753
Maldives,2021-04-06,"Oxford/AstraZeneca, Sinopharm/Beijing, Pfizer/BioNTech",https://twitter.com/HPA_MV/status/1379494654308016132,263832,255881,7951
Maldives,2021-04-07,"Oxford/AstraZeneca, Sinopharm/Beijing, Pfizer/BioNTech",https://twitter.com/HPA_MV/status/1379996506330046474,270854,260285,10569
Maldives,2021-04-08,"Oxford/AstraZeneca, Sinopharm/Beijing, Pfizer/BioNTech",https://twitter.com/HPA_MV/status/1380210035133796352,280186,265235,14951
Maldives,2021-04-09,"Oxford/AstraZeneca, Sinopharm/Beijing, Pfizer/BioNTech",https://twitter.com/HPA_MV/status/1380578774912135172,282926,267795,15131
Maldives,2021-04-10,"Oxford/AstraZeneca, Sinopharm/Beijing, Pfizer/BioNTech",https://twitter.com/HPA_MV/status/1380938448425512963,283753,268459,15294
Maldives,2021-04-12,"Oxford/AstraZeneca, Sinopharm/Beijing, Pfizer/BioNTech",https://twitter.com/HPA_MV/status/1381860285703577602,299029,273660,25369
Maldives,2021-04-14,"Oxford/AstraZeneca, Sinopharm/Beijing, Pfizer/BioNTech",https://twitter.com/HPA_MV/status/1382649191558647809,303752,274782,28970
Maldives,2021-04-15,"Oxford/AstraZeneca, Sinopharm/Beijing, Pfizer/BioNTech",https://twitter.com/HPA_MV/status/1383025530220388358,312053,277522,34531
Maldives,2021-04-16,"Oxford/AstraZeneca, Sinopharm/Beijing, Pfizer/BioNTech",https://twitter.com/HPA_MV/status/1383394786787221510,313363,278069,35294
Maldives,2021-04-17,"Oxford/AstraZeneca, Sinopharm/Beijing, Pfizer/BioNTech",https://twitter.com/HPA_MV/status/1383758067930566663,319532,279302,40230
Maldives,2021-04-18,"Oxford/AstraZeneca, Sinopharm/Beijing, Pfizer/BioNTech",https://twitter.com/HPA_MV/status/1384123171196964870,327665,281848,45817
Maldives,2021-04-19,"Oxford/AstraZeneca, Sinopharm/Beijing, Pfizer/BioNTech",https://twitter.com/HPA_MV/status/1384486740094689287,335323,283973,51350
Maldives,2021-04-20,"Oxford/AstraZeneca, Sinopharm/Beijing, Pfizer/BioNTech",https://twitter.com/HPA_MV/status/1384845511522455553,342379,285562,56817
Maldives,2021-04-21,"Oxford/AstraZeneca, Sinopharm/Beijing, Pfizer/BioNTech",https://twitter.com/HPA_MV/status/1385209993524252674,349757,287171,62586
Maldives,2021-04-22,"Oxford/AstraZeneca, Sinopharm/Beijing, Pfizer/BioNTech",https://twitter.com/HPA_MV/status/1385633118783086595,358705,288903,69802
Maldives,2021-04-23,"Oxford/AstraZeneca, Sinopharm/Beijing, Pfizer/BioNTech",https://twitter.com/HPA_MV/status/1386005168500527104,360997,290014,70983
Maldives,2021-04-24,"Oxford/AstraZeneca, Sinopharm/Beijing, Pfizer/BioNTech",https://twitter.com/HPA_MV/status/1386366350868762625,368150,291227,76923
Maldives,2021-04-25,"Oxford/AstraZeneca, Sinopharm/Beijing, Pfizer/BioNTech",https://twitter.com/HPA_MV/status/1386722164112465922,375240,292413,82827
Maldives,2021-04-26,"Oxford/AstraZeneca, Sinopharm/Beijing, Pfizer/BioNTech",https://twitter.com/HPA_MV/status/1387128747778723846,382078,293429,88649
Maldives,2021-04-27,"Oxford/AstraZeneca, Sinopharm/Beijing, Pfizer/BioNTech",https://twitter.com/HPA_MV/status/1387449737515724800,386881,294269,92612
Maldives,2021-04-28,"Oxford/AstraZeneca, Sinopharm/Beijing, Pfizer/BioNTech",https://twitter.com/HPA_MV/status/1387800811632140291,392590,295251,97339
Maldives,2021-04-29,"Oxford/AstraZeneca, Sinopharm/Beijing, Pfizer/BioNTech",https://twitter.com/HPA_MV/status/1388187302212476934,397875,296529,101346
Maldives,2021-05-01,"Oxford/AstraZeneca, Sinopharm/Beijing, Pfizer/BioNTech",https://twitter.com/HPA_MV/status/1388549670012555265,399550,296961,102589
Maldives,2021-05-02,"Oxford/AstraZeneca, Sinopharm/Beijing, Pfizer/BioNTech",https://twitter.com/HPA_MV/status/1389275638519918592,406133,297639,108494
Maldives,2021-05-03,"Oxford/AstraZeneca, Sinopharm/Beijing, Pfizer/BioNTech",https://twitter.com/HPA_MV/status/1389637945666068486,412636,298396,114240
Maldives,2021-05-04,"Oxford/AstraZeneca, Sinopharm/Beijing, Pfizer/BioNTech",https://twitter.com/HPA_MV/status/1389996641650831360,418925,299407,119518
Maldives,2021-05-05,"Oxford/AstraZeneca, Sinopharm/Beijing, Pfizer/BioNTech",https://twitter.com/HPA_MV/status/1390357550453780484,423770,300189,123581
Maldives,2021-05-06,"Oxford/AstraZeneca, Sinopharm/Beijing, Pfizer/BioNTech",https://twitter.com/HPA_MV/status/1390720397394407424,427228,300438,126790
Maldives,2021-05-07,"Oxford/AstraZeneca, Sinopharm/Beijing, Pfizer/BioNTech",https://twitter.com/HPA_MV/status/1391078928287100930,428831,300664,128167
Maldives,2021-05-08,"Oxford/AstraZeneca, Sinopharm/Beijing, Pfizer/BioNTech",https://twitter.com/HPA_MV/status/1391450118717509638,431792,300906,130886
Maldives,2021-05-09,"Oxford/AstraZeneca, Sinopharm/Beijing, Pfizer/BioNTech",https://twitter.com/HPA_MV/status/1391808030082101249,435236,301239,133997
Maldives,2021-05-10,"Oxford/AstraZeneca, Sinopharm/Beijing, Pfizer/BioNTech",https://twitter.com/HPA_MV/status/1392166706852761600,437912,301707,136205
Maldives,2021-05-11,"Oxford/AstraZeneca, Sinopharm/Beijing, Pfizer/BioNTech",https://twitter.com/HPA_MV/status/1392535851821793285,440987,302097,138890
Maldives,2021-05-12,"Oxford/AstraZeneca, Sinopharm/Beijing, Pfizer/BioNTech",https://twitter.com/HPA_MV/status/1392899118750572545,442560,302482,140078
Maldives,2021-05-13,"Oxford/AstraZeneca, Sinopharm/Beijing, Pfizer/BioNTech",https://twitter.com/HPA_MV/status/1393262640143552513,443176,302506,140670
Maldives,2021-05-14,"Oxford/AstraZeneca, Sinopharm/Beijing, Pfizer/BioNTech",https://twitter.com/HPA_MV/status/1393801066282590211,443936,302688,141248
Maldives,2021-05-15,"Oxford/AstraZeneca, Sinopharm/Beijing, Pfizer/BioNTech",https://twitter.com/HPA_MV/status/1393981009394237443,445887,302974,142913
Maldives,2021-05-16,"Oxford/AstraZeneca, Sinopharm/Beijing, Pfizer/BioNTech",https://twitter.com/HPA_MV/status/1394341449873846273,448708,303336,145372
Maldives,2021-05-17,"Oxford/AstraZeneca, Sinopharm/Beijing, Pfizer/BioNTech",https://twitter.com/HPA_MV/status/1394704840098336769,451601,303919,147682
Maldives,2021-05-18,"Oxford/AstraZeneca, Sinopharm/Beijing, Pfizer/BioNTech",https://twitter.com/HPA_MV/status/1395069142827339783,453829,304394,149435
Maldives,2021-05-19,"Oxford/AstraZeneca, Sinopharm/Beijing, Pfizer/BioNTech",https://twitter.com/HPA_MV/status/1395430105183244288,455940,304861,151079
Maldives,2021-05-21,"Oxford/AstraZeneca, Sinopharm/Beijing, Pfizer/BioNTech",https://twitter.com/HPA_MV/status/1396150256476180481,459347,305401,153946
Maldives,2021-05-22,"Oxford/AstraZeneca, Sinopharm/Beijing, Pfizer/BioNTech",https://twitter.com/HPA_MV/status/1396512166765686787,461852,305850,156002
Maldives,2021-05-23,"Oxford/AstraZeneca, Sinopharm/Beijing, Pfizer/BioNTech",https://twitter.com/HPA_MV/status/1396881963068235777,464505,306430,158075
Maldives,2021-05-24,"Oxford/AstraZeneca, Sinopharm/Beijing, Pfizer/BioNTech",https://twitter.com/HPA_MV/status/1397417308327346178,466740,307210,159530
Maldives,2021-05-25,"Oxford/AstraZeneca, Sinopharm/Beijing, Pfizer/BioNTech",https://twitter.com/HPA_MV/status/1397599080637816835,469381,307927,161454
Maldives,2021-05-26,"Oxford/AstraZeneca, Sinopharm/Beijing, Pfizer/BioNTech",https://twitter.com/HPA_MV/status/1397972206680825856,470836,308423,162413
Maldives,2021-05-27,"Oxford/AstraZeneca, Sinopharm/Beijing, Pfizer/BioNTech",https://twitter.com/HPA_MV/status/1398329149698105344,472694,308905,163789
Maldives,2021-05-28,"Oxford/AstraZeneca, Sinopharm/Beijing, Pfizer/BioNTech",https://twitter.com/HPA_MV/status/1398837788447940612,473035,309022,164013
Maldives,2021-05-29,"Oxford/AstraZeneca, Sinopharm/Beijing, Pfizer/BioNTech",https://twitter.com/HPA_MV/status/1399048273604669442,474625,309444,165181
Maldives,2021-05-30,"Oxford/AstraZeneca, Sinopharm/Beijing, Pfizer/BioNTech",https://twitter.com/HPA_MV/status/1399411520442834952,476305,309815,166490
Maldives,2021-05-31,"Oxford/AstraZeneca, Sinopharm/Beijing, Pfizer/BioNTech",https://twitter.com/HPA_MV/status/1399775029793984518,477916,310159,167757
Maldives,2021-06-01,"Oxford/AstraZeneca, Sinopharm/Beijing, Pfizer/BioNTech",https://twitter.com/HPA_MV/status/1400145687048720385,479294,310405,168889
Maldives,2021-06-02,"Oxford/AstraZeneca, Sinopharm/Beijing, Pfizer/BioNTech",https://twitter.com/HPA_MV/status/1400498386898325506,480939,310834,170105
Maldives,2021-06-03,"Oxford/AstraZeneca, Sinopharm/Beijing, Pfizer/BioNTech",https://twitter.com/HPA_MV/status/1400860547814285313,482340,311225,171115
Maldives,2021-06-04,"Oxford/AstraZeneca, Sinopharm/Beijing, Pfizer/BioNTech",https://twitter.com/HPA_MV/status/1401226081449824256,482628,311325,171303
Maldives,2021-06-05,"Oxford/AstraZeneca, Sinopharm/Beijing, Pfizer/BioNTech",https://twitter.com/HPA_MV/status/1401589732920872967,484003,311740,172263
Maldives,2021-06-06,"Oxford/AstraZeneca, Sinopharm/Beijing, Pfizer/BioNTech",https://twitter.com/HPA_MV/status/1401951092070502403,485424,312133,173291
Maldives,2021-06-07,"Oxford/AstraZeneca, Sinopharm/Beijing, Pfizer/BioNTech",https://twitter.com/HPA_MV/status/1402312091025887233,486833,312574,174259
Maldives,2021-06-08,"Oxford/AstraZeneca, Sinopharm/Beijing, Pfizer/BioNTech",https://twitter.com/HPA_MV/status/1402673671081136128,488203,313085,175118
Maldives,2021-06-09,"Oxford/AstraZeneca, Sinopharm/Beijing, Pfizer/BioNTech",https://twitter.com/HPA_MV/status/1403035128738107395,489415,313485,175930
Maldives,2021-06-10,"Oxford/AstraZeneca, Sinopharm/Beijing, Pfizer/BioNTech",https://twitter.com/HPA_MV/status/1403397593137238016,490407,313609,176798
Maldives,2021-06-12,"Oxford/AstraZeneca, Sinopharm/Beijing, Pfizer/BioNTech",https://twitter.com/HPA_MV/status/1404122386648076293,491834,313865,177969
Maldives,2021-06-13,"Oxford/AstraZeneca, Sinopharm/Beijing, Pfizer/BioNTech",https://twitter.com/HPA_MV/status/1404487445643632640,492718,314059,178659
Maldives,2021-06-14,"Oxford/AstraZeneca, Sinopharm/Beijing, Pfizer/BioNTech",https://twitter.com/HPA_MV/status/1404849477651877890,493630,314194,179436
Maldives,2021-06-15,"Oxford/AstraZeneca, Sinopharm/Beijing, Pfizer/BioNTech",https://twitter.com/HPA_MV/status/1405210768585359362,494794,314538,180256
Maldives,2021-06-16,"Oxford/AstraZeneca, Sinopharm/Beijing, Pfizer/BioNTech",https://twitter.com/HPA_MV/status/1405586473227735045,495873,314755,181118
Maldives,2021-06-17,"Oxford/AstraZeneca, Sinopharm/Beijing, Pfizer/BioNTech",https://twitter.com/HPA_MV/status/1405936816344109057,496662,314903,181759
Maldives,2021-06-19,"Oxford/AstraZeneca, Sinopharm/Beijing, Pfizer/BioNTech",https://twitter.com/HPA_MV/status/1406663443378176003,497871,315156,182715
Maldives,2021-06-20,"Oxford/AstraZeneca, Sinopharm/Beijing, Pfizer/BioNTech",https://twitter.com/HPA_MV/status/1407024013407264769,498655,315282,183373
Maldives,2021-06-21,"Oxford/AstraZeneca, Sinopharm/Beijing, Pfizer/BioNTech",https://twitter.com/HPA_MV/status/1407384168397348866,499609,315397,184212
Maldives,2021-06-22,"Oxford/AstraZeneca, Sinopharm/Beijing, Pfizer/BioNTech",https://twitter.com/HPA_MV/status/1407746469176614914,500485,315620,184865
Maldives,2021-06-23,"Oxford/AstraZeneca, Sinopharm/Beijing, Pfizer/BioNTech",https://twitter.com/HPA_MV/status/1408127209609469954,501493,315822,185671
Maldives,2021-06-24,"Oxford/AstraZeneca, Sinopharm/Beijing, Pfizer/BioNTech",https://twitter.com/HPA_MV/status/1408472848981659649,502546,315975,186571
Maldives,2021-06-25,"Oxford/AstraZeneca, Sinopharm/Beijing, Pfizer/BioNTech",https://twitter.com/HPA_MV/status/1408836987239366657,502846,316069,186777
Maldives,2021-06-26,"Oxford/AstraZeneca, Sinopharm/Beijing, Pfizer/BioNTech",https://twitter.com/HPA_MV/status/1409196492418469889,503997,316261,187736
Maldives,2021-06-27,"Oxford/AstraZeneca, Sinopharm/Beijing, Pfizer/BioNTech",https://twitter.com/HPA_MV/status/1409558575102390278,505285,316497,188788
Maldives,2021-06-28,"Oxford/AstraZeneca, Sinopharm/Beijing, Pfizer/BioNTech",https://twitter.com/HPA_MV/status/1409921912474509313,506233,316704,189529
Maldives,2021-06-29,"Oxford/AstraZeneca, Sinopharm/Beijing, Pfizer/BioNTech",https://twitter.com/HPA_MV/status/1410285195463254022,507074,316847,190227
Maldives,2021-06-30,"Oxford/AstraZeneca, Sinopharm/Beijing, Pfizer/BioNTech",https://twitter.com/HPA_MV/status/1410659180805988352,507741,317012,190729
Maldives,2021-07-01,"Oxford/AstraZeneca, Sinopharm/Beijing, Pfizer/BioNTech",https://twitter.com/HPA_MV/status/1411009044769173507,508655,317214,191441
Maldives,2021-07-02,"Oxford/AstraZeneca, Sinopharm/Beijing, Pfizer/BioNTech",https://twitter.com/HPA_MV/status/1411372206672605185,508969,317244,191725
Maldives,2021-07-03,"Oxford/AstraZeneca, Sinopharm/Beijing, Pfizer/BioNTech",https://twitter.com/HPA_MV/status/1411736581195517954,509637,317316,192321
Maldives,2021-07-04,"Oxford/AstraZeneca, Sinopharm/Beijing, Pfizer/BioNTech",https://twitter.com/HPA_MV/status/1412095228677292032,512200,317398,194802
Maldives,2021-07-05,"Oxford/AstraZeneca, Sinopharm/Beijing, Pfizer/BioNTech",https://twitter.com/HPA_MV/status/1412457963894104070,517333,317549,199784
Maldives,2021-07-06,"Oxford/AstraZeneca, Sinopharm/Beijing, Pfizer/BioNTech",https://twitter.com/HPA_MV/status/1412821390806241281,524007,317762,206245
Maldives,2021-07-07,"Oxford/AstraZeneca, Sinopharm/Beijing, Pfizer/BioNTech",https://twitter.com/HPA_MV/status/1413196180989771779,530921,317869,213052
Maldives,2021-07-08,"Oxford/AstraZeneca, Sinopharm/Beijing, Pfizer/BioNTech",https://twitter.com/HPA_MV/status/1413546936792092673,537803,318142,219661
Maldives,2021-07-09,"Oxford/AstraZeneca, Sinopharm/Beijing, Pfizer/BioNTech",https://twitter.com/HPA_MV/status/1413909468362928128,539092,318142,220950
