location,date,vaccine,source_url,total_vaccinations,people_vaccinated,people_fully_vaccinated
Mauritania,2021-03-26,Sinopharm/Beijing,https://www.rfi.fr/fr/afrique/20210327-covid-19-d%C3%A9but-de-la-campagne-de-vaccination-en-mauritanie,0,0,0
Mauritania,2021-04-01,Sinopharm/Beijing,https://www.sante.gov.mr/?p=5938,1366,1366,0
Mauritania,2021-04-08,Sinopharm/Beijing,https://www.sante.gov.mr/wp-content/uploads/2021/04/Mauritania-COVID-19-Situation-Report-2021-04-07.FR_.pdf,2930,2930,0
Mauritania,2021-04-18,Sinopharm/Beijing,https://www.sante.gov.mr/wp-content/uploads/2021/04/Mauritania-COVID-19-Situation-Report-2021-04-18FR.pdf,7038,7038,0
Mauritania,2021-05-09,Sinopharm/Beijing,https://www.sante.gov.mr/wp-content/uploads/2021/05/Mauritania-COVID-19-Situation-Report-2021-05-09FR.pdf,15661,15661,0
Mauritania,2021-05-21,Sinopharm/Beijing,https://covid19.who.int/region/afro/country/mr,25741,19468,6273
Mauritania,2021-05-23,Sinopharm/Beijing,https://www.sante.gov.mr/wp-content/uploads/2021/05/Mauritania-COVID-19-Situation-Report-2021-05-23FR.pdf,28382,22109,6273
Mauritania,2021-05-26,"Oxford/AstraZeneca, Sinopharm/Beijing",https://covid19.who.int/,28770,22360,6410
Mauritania,2021-05-31,"Oxford/AstraZeneca, Sinopharm/Beijing",https://covid19.who.int/,37331,30561,6770
Mauritania,2021-06-08,"Oxford/AstraZeneca, Sinopharm/Beijing",https://covid19.who.int/,43607,,
Mauritania,2021-06-10,"Oxford/AstraZeneca, Sinopharm/Beijing",https://covid19.who.int/,44628,37726,6902
Mauritania,2021-06-14,"Oxford/AstraZeneca, Sinopharm/Beijing",https://covid19.who.int/,46703,39801,6902
Mauritania,2021-06-15,"Oxford/AstraZeneca, Sinopharm/Beijing",https://covid19.who.int/,49235,42333,6902
Mauritania,2021-06-23,"Oxford/AstraZeneca, Sinopharm/Beijing",https://africacdc.org/covid-19-vaccination/,142362,135460,6902
Mauritania,2021-06-30,"Oxford/AstraZeneca, Sinopharm/Beijing",https://africacdc.org/covid-19-vaccination/,161082,152224,8858
Mauritania,2021-07-05,"Oxford/AstraZeneca, Sinopharm/Beijing",https://covid19.who.int/,171733,160481,11252
Mauritania,2021-07-07,"Oxford/AstraZeneca, Sinopharm/Beijing",https://africacdc.org/covid-19-vaccination/,174628,163150,11478
