location,date,vaccine,source_url,total_vaccinations,people_vaccinated,people_fully_vaccinated
Mauritius,2021-01-25,Oxford/AstraZeneca,https://www.lemauricien.com/actualites/vaccins-astrazeneca-207-vaccinations-a-ce-jour/401422/,0,0,
Mauritius,2021-02-01,Oxford/AstraZeneca,https://www.lemauricien.com/actualites/vaccins-astrazeneca-207-vaccinations-a-ce-jour/401422/,207,207,
Mauritius,2021-02-17,Oxford/AstraZeneca,https://defimedia.info/voyages-et-covid-19-les-etats-unis-exigent-une-grande-prudence-sur-maurice,3843,3843,
Mauritius,2021-03-24,Oxford/AstraZeneca,https://www.mymauritius.travel/articles/117323-vaccinated-mauritius-track-achieve-herd-immunity,117323,117323,
Mauritius,2021-05-12,"Covaxin, Oxford/AstraZeneca, Sinopharm/Beijing",https://covid19.who.int/,220646,212182,8464
Mauritius,2021-05-31,"Covaxin, Oxford/AstraZeneca, Sinopharm/Beijing",https://covid19.who.int/,400801,232673,168128
Mauritius,2021-06-08,"Covaxin, Oxford/AstraZeneca, Sinopharm/Beijing",https://covid19.who.int/,455242,247673,207569
Mauritius,2021-06-20,"Covaxin, Oxford/AstraZeneca, Sinopharm/Beijing",https://covid19.who.int/,598863,380362,218501
Mauritius,2021-06-24,"Covaxin, Oxford/AstraZeneca, Sinopharm/Beijing",https://covid19.who.int/,706948,486034,220914
