location,date,vaccine,source_url,total_vaccinations,people_vaccinated,people_fully_vaccinated
Moldova,2021-03-05,"Oxford/AstraZeneca, Pfizer/BioNTech",https://msmps.gov.md/comunicare/comunicate/republica-moldova-este-prima-tara-din-regiunea-europeana-care-a-receptionat-vaccinul-impotriva-covid-19-prin-mecanismul-covax/,3849,3849,
Moldova,2021-03-10,"Oxford/AstraZeneca, Pfizer/BioNTech",https://vaccinare.gov.md/,6447,6447,0
Moldova,2021-03-11,"Oxford/AstraZeneca, Pfizer/BioNTech",https://vaccinare.gov.md/,8116,8116,0
Moldova,2021-03-12,"Oxford/AstraZeneca, Pfizer/BioNTech",https://vaccinare.gov.md/,9341,9341,0
Moldova,2021-03-13,"Oxford/AstraZeneca, Pfizer/BioNTech",https://vaccinare.gov.md/,11431,11431,0
Moldova,2021-03-15,"Oxford/AstraZeneca, Pfizer/BioNTech, Sinopharm/Beijing",https://vaccinare.gov.md/,12754,12754,0
Moldova,2021-03-16,"Oxford/AstraZeneca, Pfizer/BioNTech, Sinopharm/Beijing",https://vaccinare.gov.md/,14814,14814,0
Moldova,2021-03-17,"Oxford/AstraZeneca, Pfizer/BioNTech, Sinopharm/Beijing",https://vaccinare.gov.md/,16131,16131,0
Moldova,2021-03-19,"Oxford/AstraZeneca, Pfizer/BioNTech, Sinopharm/Beijing",https://vaccinare.gov.md/,18593,18593,0
Moldova,2021-03-21,"Oxford/AstraZeneca, Pfizer/BioNTech, Sinopharm/Beijing",https://vaccinare.gov.md/,20494,20494,0
Moldova,2021-03-23,"Oxford/AstraZeneca, Pfizer/BioNTech, Sinopharm/Beijing",https://vaccinare.gov.md/,21194,21194,0
Moldova,2021-03-24,"Oxford/AstraZeneca, Pfizer/BioNTech, Sinopharm/Beijing",https://vaccinare.gov.md/,23454,23454,0
Moldova,2021-03-25,"Oxford/AstraZeneca, Pfizer/BioNTech, Sinopharm/Beijing",https://vaccinare.gov.md/,27445,27445,0
Moldova,2021-03-26,"Oxford/AstraZeneca, Pfizer/BioNTech, Sinopharm/Beijing",https://vaccinare.gov.md/,30722,30722,0
Moldova,2021-03-27,"Oxford/AstraZeneca, Pfizer/BioNTech, Sinopharm/Beijing",https://vaccinare.gov.md/,33885,33885,0
Moldova,2021-03-31,"Oxford/AstraZeneca, Pfizer/BioNTech, Sinopharm/Beijing",https://vaccinare.gov.md/,40321,40321,0
Moldova,2021-04-01,"Oxford/AstraZeneca, Pfizer/BioNTech, Sinopharm/Beijing",https://vaccinare.gov.md/,42154,42154,0
Moldova,2021-04-04,"Oxford/AstraZeneca, Pfizer/BioNTech, Sinopharm/Beijing",https://vaccinare.gov.md/,47524,47524,0
Moldova,2021-04-06,"Oxford/AstraZeneca, Pfizer/BioNTech, Sinopharm/Beijing",https://vaccinare.gov.md/,51574,51574,0
Moldova,2021-04-07,"Oxford/AstraZeneca, Pfizer/BioNTech, Sinopharm/Beijing",https://vaccinare.gov.md/,54907,54907,0
Moldova,2021-04-09,"Oxford/AstraZeneca, Pfizer/BioNTech, Sinopharm/Beijing",https://vaccinare.gov.md/,57561,57561,0
Moldova,2021-04-11,"Oxford/AstraZeneca, Pfizer/BioNTech, Sinopharm/Beijing",https://vaccinare.gov.md/,64179,64179,0
Moldova,2021-04-12,"Oxford/AstraZeneca, Pfizer/BioNTech, Sinopharm/Beijing",https://vaccinare.gov.md/,67085,67085,0
Moldova,2021-04-13,"Oxford/AstraZeneca, Pfizer/BioNTech, Sinopharm/Beijing",https://vaccinare.gov.md/,71780,71780,0
Moldova,2021-04-14,"Oxford/AstraZeneca, Pfizer/BioNTech, Sinopharm/Beijing",https://vaccinare.gov.md/,78665,,
Moldova,2021-04-15,"Oxford/AstraZeneca, Pfizer/BioNTech, Sinopharm/Beijing",https://vaccinare.gov.md/,86016,78019,7997
Moldova,2021-04-16,"Oxford/AstraZeneca, Pfizer/BioNTech, Sinopharm/Beijing",https://vaccinare.gov.md/,91743,82267,9476
Moldova,2021-04-18,"Oxford/AstraZeneca, Pfizer/BioNTech, Sinopharm/Beijing",https://vaccinare.gov.md/,93466,83641,9825
Moldova,2021-04-19,"Oxford/AstraZeneca, Pfizer/BioNTech, Sinopharm/Beijing",https://vaccinare.gov.md/,96372,86131,10241
Moldova,2021-04-20,"Oxford/AstraZeneca, Pfizer/BioNTech, Sinopharm/Beijing",https://vaccinare.gov.md/,99639,88824,10815
Moldova,2021-04-22,"Oxford/AstraZeneca, Pfizer/BioNTech, Sinopharm/Beijing",https://vaccinare.gov.md/,109899,98541,11358
Moldova,2021-04-23,"Oxford/AstraZeneca, Pfizer/BioNTech, Sinopharm/Beijing",https://vaccinare.gov.md/,120254,108760,11494
Moldova,2021-04-26,"Oxford/AstraZeneca, Pfizer/BioNTech, Sinopharm/Beijing",https://vaccinare.gov.md/,124695,113135,11560
Moldova,2021-04-27,"Oxford/AstraZeneca, Pfizer/BioNTech, Sinopharm/Beijing",https://vaccinare.gov.md/,132600,119583,13017
Moldova,2021-04-28,"Oxford/AstraZeneca, Pfizer/BioNTech, Sinopharm/Beijing",https://vaccinare.gov.md/,139505,124505,15000
Moldova,2021-04-29,"Oxford/AstraZeneca, Pfizer/BioNTech, Sinopharm/Beijing",https://vaccinare.gov.md/,145117,128587,16530
Moldova,2021-04-30,"Oxford/AstraZeneca, Pfizer/BioNTech, Sinopharm/Beijing",https://vaccinare.gov.md/,147315,130218,17097
Moldova,2021-05-04,"Oxford/AstraZeneca, Pfizer/BioNTech, Sinopharm/Beijing",https://vaccinare.gov.md/,150384,132065,18319
Moldova,2021-05-05,"Oxford/AstraZeneca, Pfizer/BioNTech, Sinopharm/Beijing, Sputnik V",https://vaccinare.gov.md/,160476,140174,20302
Moldova,2021-05-06,"Oxford/AstraZeneca, Pfizer/BioNTech, Sinopharm/Beijing, Sputnik V",https://vaccinare.gov.md/,171820,150173,21647
Moldova,2021-05-07,"Oxford/AstraZeneca, Pfizer/BioNTech, Sinopharm/Beijing, Sputnik V",https://vaccinare.gov.md/,182717,159420,23297
Moldova,2021-05-08,"Oxford/AstraZeneca, Pfizer/BioNTech, Sinopharm/Beijing, Sputnik V",https://vaccinare.gov.md/,184660,161266,23394
Moldova,2021-05-10,"Oxford/AstraZeneca, Pfizer/BioNTech, Sinopharm/Beijing, Sputnik V",https://vaccinare.gov.md/,185292,161849,23443
Moldova,2021-05-11,"Oxford/AstraZeneca, Pfizer/BioNTech, Sinopharm/Beijing, Sputnik V",https://vaccinare.gov.md/,192845,167476,25369
Moldova,2021-05-12,"Oxford/AstraZeneca, Pfizer/BioNTech, Sinopharm/Beijing, Sputnik V",https://vaccinare.gov.md/,202883,175754,27129
Moldova,2021-05-13,"Oxford/AstraZeneca, Pfizer/BioNTech, Sinopharm/Beijing, Sputnik V",https://vaccinare.gov.md/,216740,187446,29294
Moldova,2021-05-14,"Oxford/AstraZeneca, Pfizer/BioNTech, Sinopharm/Beijing, Sputnik V",https://vaccinare.gov.md/,228971,197548,31423
Moldova,2021-05-15,"Oxford/AstraZeneca, Pfizer/BioNTech, Sinopharm/Beijing, Sputnik V",https://vaccinare.gov.md/,233603,201838,31765
Moldova,2021-05-17,"Oxford/AstraZeneca, Pfizer/BioNTech, Sinopharm/Beijing, Sputnik V",https://vaccinare.gov.md/,242946,209881,33065
Moldova,2021-05-18,"Oxford/AstraZeneca, Pfizer/BioNTech, Sinopharm/Beijing, Sputnik V",https://vaccinare.gov.md/,253310,219004,34306
Moldova,2021-05-19,"Oxford/AstraZeneca, Pfizer/BioNTech, Sinopharm/Beijing, Sputnik V",https://vaccinare.gov.md/,264380,228911,35469
Moldova,2021-05-20,"Oxford/AstraZeneca, Pfizer/BioNTech, Sinopharm/Beijing, Sputnik V",https://vaccinare.gov.md/,275627,239094,36533
Moldova,2021-05-21,"Oxford/AstraZeneca, Pfizer/BioNTech, Sinopharm/Beijing, Sputnik V",https://vaccinare.gov.md/,288097,250034,38063
Moldova,2021-05-22,"Oxford/AstraZeneca, Pfizer/BioNTech, Sinopharm/Beijing, Sputnik V",https://vaccinare.gov.md/,294794,256175,38619
Moldova,2021-05-23,"Oxford/AstraZeneca, Pfizer/BioNTech, Sinopharm/Beijing, Sputnik V",https://vaccinare.gov.md/,298553,259809,38744
Moldova,2021-05-24,"Oxford/AstraZeneca, Pfizer/BioNTech, Sinopharm/Beijing, Sputnik V",https://vaccinare.gov.md/,306610,266238,40372
Moldova,2021-05-25,"Oxford/AstraZeneca, Pfizer/BioNTech, Sinopharm/Beijing, Sputnik V",https://vaccinare.gov.md/,351843,301175,50668
Moldova,2021-05-27,"Oxford/AstraZeneca, Pfizer/BioNTech, Sinopharm/Beijing, Sputnik V",https://vaccinare.gov.md/,376969,316382,60587
Moldova,2021-05-28,"Oxford/AstraZeneca, Pfizer/BioNTech, Sinopharm/Beijing, Sputnik V",https://vaccinare.gov.md/,398609,328268,70341
Moldova,2021-05-29,"Oxford/AstraZeneca, Pfizer/BioNTech, Sinopharm/Beijing, Sputnik V",https://vaccinare.gov.md/,406758,333875,72883
Moldova,2021-05-31,"Oxford/AstraZeneca, Pfizer/BioNTech, Sinopharm/Beijing, Sputnik V",https://vaccinare.gov.md/,416814,340151,76663
Moldova,2021-06-01,"Oxford/AstraZeneca, Pfizer/BioNTech, Sinopharm/Beijing, Sputnik V",https://vaccinare.gov.md/,426086,344826,81260
Moldova,2021-06-02,"Oxford/AstraZeneca, Pfizer/BioNTech, Sinopharm/Beijing, Sputnik V",https://vaccinare.gov.md/,439049,349748,89301
Moldova,2021-06-03,"Oxford/AstraZeneca, Pfizer/BioNTech, Sinopharm/Beijing, Sputnik V",https://vaccinare.gov.md/,465028,360070,104958
Moldova,2021-06-05,"Oxford/AstraZeneca, Pfizer/BioNTech, Sinopharm/Beijing, Sputnik V",https://vaccinare.gov.md/,469665,362421,107244
Moldova,2021-06-06,"Oxford/AstraZeneca, Pfizer/BioNTech, Sinopharm/Beijing, Sputnik V",https://vaccinare.gov.md/,470718,363188,107530
Moldova,2021-06-07,"Oxford/AstraZeneca, Pfizer/BioNTech, Sinopharm/Beijing, Sputnik V",https://vaccinare.gov.md/,480131,366599,113532
Moldova,2021-06-09,"Oxford/AstraZeneca, Pfizer/BioNTech, Sinopharm/Beijing, Sputnik V",https://vaccinare.gov.md/,501896,374041,127855
Moldova,2021-06-10,"Oxford/AstraZeneca, Pfizer/BioNTech, Sinopharm/Beijing, Sputnik V",https://vaccinare.gov.md/,512205,377714,134491
Moldova,2021-06-11,"Oxford/AstraZeneca, Pfizer/BioNTech, Sinopharm/Beijing, Sputnik V",https://vaccinare.gov.md/,522848,381141,141707
Moldova,2021-06-12,"Oxford/AstraZeneca, Pfizer/BioNTech, Sinopharm/Beijing, Sputnik V",https://vaccinare.gov.md/,528421,382803,145618
Moldova,2021-06-13,"Oxford/AstraZeneca, Pfizer/BioNTech, Sinopharm/Beijing, Sputnik V",https://vaccinare.gov.md/,530364,383429,146935
Moldova,2021-06-14,"Oxford/AstraZeneca, Pfizer/BioNTech, Sinopharm/Beijing, Sputnik V",https://vaccinare.gov.md/,538879,385969,152910
Moldova,2021-06-15,"Oxford/AstraZeneca, Pfizer/BioNTech, Sinopharm/Beijing, Sputnik V",https://vaccinare.gov.md/,556597,388808,167789
Moldova,2021-06-16,"Oxford/AstraZeneca, Pfizer/BioNTech, Sinopharm/Beijing, Sputnik V",https://vaccinare.gov.md/,577763,391279,186484
Moldova,2021-06-17,"Oxford/AstraZeneca, Pfizer/BioNTech, Sinopharm/Beijing, Sputnik V",https://vaccinare.gov.md/,597494,394554,202940
Moldova,2021-06-18,"Oxford/AstraZeneca, Pfizer/BioNTech, Sinopharm/Beijing, Sputnik V",https://vaccinare.gov.md/,613587,397151,216436
Moldova,2021-06-19,"Oxford/AstraZeneca, Pfizer/BioNTech, Sinopharm/Beijing, Sputnik V",https://vaccinare.gov.md/,618217,398376,219841
Moldova,2021-06-20,"Oxford/AstraZeneca, Pfizer/BioNTech, Sinopharm/Beijing, Sputnik V",https://vaccinare.gov.md/,631346,401379,229967
Moldova,2021-06-21,"Oxford/AstraZeneca, Pfizer/BioNTech, Sinopharm/Beijing, Sputnik V",https://vaccinare.gov.md/,642482,404766,237716
Moldova,2021-06-23,"Oxford/AstraZeneca, Pfizer/BioNTech, Sinopharm/Beijing, Sputnik V",https://vaccinare.gov.md/,655537,410648,244889
Moldova,2021-06-24,"Oxford/AstraZeneca, Pfizer/BioNTech, Sinopharm/Beijing, Sputnik V",https://vaccinare.gov.md/,667835,417565,250270
Moldova,2021-06-25,"Oxford/AstraZeneca, Pfizer/BioNTech, Sinopharm/Beijing, Sputnik V",https://vaccinare.gov.md/,680298,424419,255879
Moldova,2021-06-26,"Oxford/AstraZeneca, Pfizer/BioNTech, Sinopharm/Beijing, Sputnik V",https://vaccinare.gov.md/,688125,430483,257642
Moldova,2021-06-28,"Oxford/AstraZeneca, Pfizer/BioNTech, Sinopharm/Beijing, Sputnik V",https://vaccinare.gov.md/,696911,435687,261224
Moldova,2021-06-29,"Oxford/AstraZeneca, Pfizer/BioNTech, Sinopharm/Beijing, Sputnik V",https://vaccinare.gov.md/,706942,441619,265323
Moldova,2021-06-30,"Oxford/AstraZeneca, Pfizer/BioNTech, Sinopharm/Beijing, Sputnik V",https://vaccinare.gov.md/,726970,453142,273828
Moldova,2021-07-02,"Oxford/AstraZeneca, Pfizer/BioNTech, Sinopharm/Beijing, Sputnik V",https://vaccinare.gov.md/,735965,458077,277888
Moldova,2021-07-03,"Oxford/AstraZeneca, Pfizer/BioNTech, Sinopharm/Beijing, Sputnik V",https://vaccinare.gov.md/,739402,460117,279285
Moldova,2021-07-04,"Oxford/AstraZeneca, Pfizer/BioNTech, Sinopharm/Beijing, Sputnik V",https://vaccinare.gov.md/,740317,460800,279517
Moldova,2021-07-05,"Oxford/AstraZeneca, Pfizer/BioNTech, Sinopharm/Beijing, Sputnik V",https://vaccinare.gov.md/,746463,464080,282383
Moldova,2021-07-06,"Oxford/AstraZeneca, Pfizer/BioNTech, Sinopharm/Beijing, Sputnik V",https://vaccinare.gov.md/,755391,468103,287288
Moldova,2021-07-07,"Oxford/AstraZeneca, Pfizer/BioNTech, Sinopharm/Beijing, Sputnik V",https://vaccinare.gov.md/,763927,471666,292261
Moldova,2021-07-08,"Oxford/AstraZeneca, Pfizer/BioNTech, Sinopharm/Beijing, Sputnik V",https://vaccinare.gov.md/,774187,475466,298721
Moldova,2021-07-09,"Oxford/AstraZeneca, Pfizer/BioNTech, Sinopharm/Beijing, Sputnik V",https://vaccinare.gov.md/,784671,479124,305547
Moldova,2021-07-10,"Oxford/AstraZeneca, Pfizer/BioNTech, Sinopharm/Beijing, Sputnik V",https://vaccinare.gov.md/,786774,480224,306550
Moldova,2021-07-11,"Oxford/AstraZeneca, Pfizer/BioNTech, Sinopharm/Beijing, Sputnik V",https://vaccinare.gov.md/,793281,484842,308439
