location,date,vaccine,source_url,total_vaccinations,people_vaccinated,people_fully_vaccinated
Mongolia,2021-02-22,Oxford/AstraZeneca,https://thediplomat.com/2021/02/mongolia-starts-its-covid-19-vaccinations/,0,,
Mongolia,2021-02-25,Oxford/AstraZeneca,https://ikon.mn/n/2527,3112,3112,
Mongolia,2021-02-26,Oxford/AstraZeneca,https://ikon.mn/n/253p,4926,4926,
Mongolia,2021-02-27,Oxford/AstraZeneca,https://ikon.mn/n/254x,6808,6808,
Mongolia,2021-03-02,Oxford/AstraZeneca,https://ikon.mn/n/257c,9531,9531,
Mongolia,2021-03-04,Oxford/AstraZeneca,https://ikon.mn/n/25ac,13200,13200,
Mongolia,2021-03-09,Oxford/AstraZeneca,https://ikon.mn/n/25g4,20976,20976,
Mongolia,2021-03-10,Oxford/AstraZeneca,https://covid19.mohs.mn/p/2021-%D0%BE%D0%BD%D1%8B-03-%D0%B4%D1%83%D0%B3%D0%B0%D0%B0%D1%80-%D1%81%D0%B0%D1%80%D1%8B%D0%BD-11-%D3%A9%D0%B4%D1%80%D0%B8%D0%B9%D0%BD-%D0%BD%D3%A9%D1%85%D1%86%D3%A9%D0%BB-%D0%B1%D0%B0%D0%B9%D0%B4%D0%BB%D1%8B%D0%BD-%D0%BC%D1%8D%D0%B4%D1%8D%D1%8D/1104/,30446,30446,
Mongolia,2021-03-11,Oxford/AstraZeneca,https://covid19.mohs.mn/p/2021-%D0%BE%D0%BD%D1%8B-03-%D0%B4%D1%83%D0%B3%D0%B0%D0%B0%D1%80-%D1%81%D0%B0%D1%80%D1%8B%D0%BD-11-%D3%A9%D0%B4%D1%80%D0%B8%D0%B9%D0%BD-%D0%BD%D3%A9%D1%85%D1%86%D3%A9%D0%BB-%D0%B1%D0%B0%D0%B9%D0%B4%D0%BB%D1%8B%D0%BD-%D0%BC%D1%8D%D0%B4%D1%8D%D1%8D/1104/,48265,48265,
Mongolia,2021-03-12,Oxford/AstraZeneca,https://covid19.mohs.mn/p/2021-%D0%BE%D0%BD%D1%8B-03-%D0%B4%D1%83%D0%B3%D0%B0%D0%B0%D1%80-%D1%81%D0%B0%D1%80%D1%8B%D0%BD-12-%D3%A9%D0%B4%D1%80%D0%B8%D0%B9%D0%BD-%D0%BD%D3%A9%D1%85%D1%86%D3%A9%D0%BB-%D0%B1%D0%B0%D0%B9%D0%B4%D0%BB%D1%8B%D0%BD-%D0%BC%D1%8D%D0%B4%D1%8D%D1%8D/1105/,67489,67489,
Mongolia,2021-03-13,Oxford/AstraZeneca,https://covid19.mohs.mn/p/2021-%D0%BE%D0%BD%D1%8B-03-%D0%B4%D1%83%D0%B3%D0%B0%D0%B0%D1%80-%D1%81%D0%B0%D1%80%D1%8B%D0%BD-11-%D3%A9%D0%B4%D1%80%D0%B8%D0%B9%D0%BD-%D0%BD%D3%A9%D1%85%D1%86%D3%A9%D0%BB-%D0%B1%D0%B0%D0%B9%D0%B4%D0%BB%D1%8B%D0%BD-%D0%BC%D1%8D%D0%B4%D1%8D%D1%8D/1104/,84017,84017,
Mongolia,2021-03-14,Oxford/AstraZeneca,https://ikon.mn/,100000,100000,
Mongolia,2021-03-15,Oxford/AstraZeneca,https://ikon.mn/,118294,118294,
Mongolia,2021-03-16,Oxford/AstraZeneca,https://ikon.mn/,126449,126449,
Mongolia,2021-03-17,Oxford/AstraZeneca,https://ikon.mn/,139636,139636,
Mongolia,2021-03-18,Oxford/AstraZeneca,https://ikon.mn/,171535,171535,
Mongolia,2021-03-19,Oxford/AstraZeneca,https://ikon.mn/,189969,189969,
Mongolia,2021-03-20,Oxford/AstraZeneca,https://ikon.mn/,204121,204121,
Mongolia,2021-03-21,Oxford/AstraZeneca,https://ikon.mn/,209278,209278,
Mongolia,2021-03-23,"Oxford/AstraZeneca, Sinopharm/Beijing, Sputnik V",https://ikon.mn/,223444,223444,
Mongolia,2021-03-24,"Oxford/AstraZeneca, Sinopharm/Beijing, Sputnik V",https://ikon.mn/,256979,256979,
Mongolia,2021-03-27,"Oxford/AstraZeneca, Sinopharm/Beijing, Sputnik V",https://ikon.mn/,276068,276068,
Mongolia,2021-03-29,"Oxford/AstraZeneca, Pfizer/BioNTech, Sinopharm/Beijing, Sputnik V",https://ikon.mn/,279069,279069,
Mongolia,2021-03-30,"Oxford/AstraZeneca, Pfizer/BioNTech, Sinopharm/Beijing, Sputnik V",https://ikon.mn/,290108,290108,
Mongolia,2021-03-31,"Oxford/AstraZeneca, Pfizer/BioNTech, Sinopharm/Beijing, Sputnik V",https://ikon.mn/,300366,300366,
Mongolia,2021-04-01,"Oxford/AstraZeneca, Pfizer/BioNTech, Sinopharm/Beijing, Sputnik V",https://ikon.mn/,311262,311262,
Mongolia,2021-04-02,"Oxford/AstraZeneca, Pfizer/BioNTech, Sinopharm/Beijing, Sputnik V",https://ikon.mn/,323690,323690,
Mongolia,2021-04-03,"Oxford/AstraZeneca, Pfizer/BioNTech, Sinopharm/Beijing, Sputnik V",https://ikon.mn/,336758,336758,
Mongolia,2021-04-04,"Oxford/AstraZeneca, Pfizer/BioNTech, Sinopharm/Beijing, Sputnik V",https://ikon.mn/,376373,376373,
Mongolia,2021-04-05,"Oxford/AstraZeneca, Pfizer/BioNTech, Sinopharm/Beijing, Sputnik V",https://ikon.mn/,414382,414382,
Mongolia,2021-04-06,"Oxford/AstraZeneca, Pfizer/BioNTech, Sinopharm/Beijing, Sputnik V",https://ikon.mn/,466946,466946,
Mongolia,2021-04-08,"Oxford/AstraZeneca, Pfizer/BioNTech, Sinopharm/Beijing, Sputnik V",https://ikon.mn/,569825,569825,
Mongolia,2021-04-09,"Oxford/AstraZeneca, Pfizer/BioNTech, Sinopharm/Beijing, Sputnik V",https://ikon.mn/,599132,599132,
Mongolia,2021-04-10,"Oxford/AstraZeneca, Pfizer/BioNTech, Sinopharm/Beijing, Sputnik V",https://ikon.mn/,,609875,
Mongolia,2021-04-11,"Oxford/AstraZeneca, Pfizer/BioNTech, Sinopharm/Beijing, Sputnik V",https://ikon.mn/,,616906,
Mongolia,2021-04-13,"Oxford/AstraZeneca, Pfizer/BioNTech, Sinopharm/Beijing, Sputnik V",https://ikon.mn/,,627168,
Mongolia,2021-04-15,"Oxford/AstraZeneca, Pfizer/BioNTech, Sinopharm/Beijing, Sputnik V",https://ikon.mn/,,630516,
Mongolia,2021-04-16,"Oxford/AstraZeneca, Pfizer/BioNTech, Sinopharm/Beijing, Sputnik V",https://ikon.mn/,,632812,
Mongolia,2021-04-17,"Oxford/AstraZeneca, Pfizer/BioNTech, Sinopharm/Beijing, Sputnik V",https://ikon.mn/,,634240,
Mongolia,2021-04-20,"Oxford/AstraZeneca, Pfizer/BioNTech, Sinopharm/Beijing, Sputnik V",https://ikon.mn/,,637415,
Mongolia,2021-04-22,"Oxford/AstraZeneca, Pfizer/BioNTech, Sinopharm/Beijing, Sputnik V",https://ikon.mn/,670842,649236,21606
Mongolia,2021-04-23,"Oxford/AstraZeneca, Pfizer/BioNTech, Sinopharm/Beijing, Sputnik V",https://ikon.mn/,,651060,
Mongolia,2021-04-24,"Oxford/AstraZeneca, Pfizer/BioNTech, Sinopharm/Beijing, Sputnik V",https://ikon.mn/,,660548,
Mongolia,2021-04-25,"Oxford/AstraZeneca, Pfizer/BioNTech, Sinopharm/Beijing, Sputnik V",https://ikon.mn/,,678692,
Mongolia,2021-04-26,"Oxford/AstraZeneca, Pfizer/BioNTech, Sinopharm/Beijing, Sputnik V",https://ikon.mn/,,707838,
Mongolia,2021-04-27,"Oxford/AstraZeneca, Pfizer/BioNTech, Sinopharm/Beijing, Sputnik V",https://ikon.mn/,1007030,744564,262466
Mongolia,2021-04-28,"Oxford/AstraZeneca, Pfizer/BioNTech, Sinopharm/Beijing, Sputnik V",https://ikon.mn/,1080571,782314,298257
Mongolia,2021-04-29,"Oxford/AstraZeneca, Pfizer/BioNTech, Sinopharm/Beijing, Sputnik V",https://ikon.mn/,1138662,811452,327210
Mongolia,2021-04-30,"Oxford/AstraZeneca, Pfizer/BioNTech, Sinopharm/Beijing, Sputnik V",https://ikon.mn/,1208619,845693,362926
Mongolia,2021-05-01,"Oxford/AstraZeneca, Pfizer/BioNTech, Sinopharm/Beijing, Sputnik V",https://ikon.mn/,1296538,887248,409290
Mongolia,2021-05-02,"Oxford/AstraZeneca, Pfizer/BioNTech, Sinopharm/Beijing, Sputnik V",https://ikon.mn/,1398592,947529,451063
Mongolia,2021-05-03,"Oxford/AstraZeneca, Pfizer/BioNTech, Sinopharm/Beijing, Sputnik V",https://ikon.mn/,1532522,1037675,494847
Mongolia,2021-05-04,"Oxford/AstraZeneca, Pfizer/BioNTech, Sinopharm/Beijing, Sputnik V",https://ikon.mn/,1661497,1128680,532817
Mongolia,2021-05-05,"Oxford/AstraZeneca, Pfizer/BioNTech, Sinopharm/Beijing, Sputnik V",https://ikon.mn/,1756434,1208913,547521
Mongolia,2021-05-06,"Oxford/AstraZeneca, Pfizer/BioNTech, Sinopharm/Beijing, Sputnik V",https://ikon.mn/,1946350,1356678,589672
Mongolia,2021-05-07,"Oxford/AstraZeneca, Pfizer/BioNTech, Sinopharm/Beijing, Sputnik V",https://ikon.mn/,2086853,1476779,610074
Mongolia,2021-05-08,"Oxford/AstraZeneca, Pfizer/BioNTech, Sinopharm/Beijing, Sputnik V",https://ikon.mn/,2154623,1536715,617908
Mongolia,2021-05-09,"Oxford/AstraZeneca, Pfizer/BioNTech, Sinopharm/Beijing, Sputnik V",https://ikon.mn/,2213376,1590636,622740
Mongolia,2021-05-10,"Oxford/AstraZeneca, Pfizer/BioNTech, Sinopharm/Beijing, Sputnik V",https://ikon.mn/,2271109,1643030,628079
Mongolia,2021-05-11,"Oxford/AstraZeneca, Pfizer/BioNTech, Sinopharm/Beijing, Sputnik V",https://ikon.mn/,2309864,1678198,631666
Mongolia,2021-05-12,"Oxford/AstraZeneca, Pfizer/BioNTech, Sinopharm/Beijing, Sputnik V",https://ikon.mn/,2347229,1712577,634652
Mongolia,2021-05-13,"Oxford/AstraZeneca, Pfizer/BioNTech, Sinopharm/Beijing, Sputnik V",https://ikon.mn/,2372848,1735389,637459
Mongolia,2021-05-14,"Oxford/AstraZeneca, Pfizer/BioNTech, Sinopharm/Beijing, Sputnik V",https://ikon.mn/,2398067,1758608,639459
Mongolia,2021-05-15,"Oxford/AstraZeneca, Pfizer/BioNTech, Sinopharm/Beijing, Sputnik V",https://ikon.mn/,2411556,1770527,641029
Mongolia,2021-05-16,"Oxford/AstraZeneca, Pfizer/BioNTech, Sinopharm/Beijing, Sputnik V",https://ikon.mn/,2422303,1778612,643691
Mongolia,2021-05-17,"Oxford/AstraZeneca, Pfizer/BioNTech, Sinopharm/Beijing, Sputnik V",https://ikon.mn/,2444245,1792657,651588
Mongolia,2021-05-18,"Oxford/AstraZeneca, Pfizer/BioNTech, Sinopharm/Beijing, Sputnik V",https://ikon.mn/,2468557,1802270,666287
Mongolia,2021-05-19,"Oxford/AstraZeneca, Pfizer/BioNTech, Sinopharm/Beijing, Sputnik V",https://ikon.mn/,2495668,1810479,685189
Mongolia,2021-05-20,"Oxford/AstraZeneca, Pfizer/BioNTech, Sinopharm/Beijing, Sputnik V",https://ikon.mn/,2522900,1818876,704024
Mongolia,2021-05-21,"Oxford/AstraZeneca, Pfizer/BioNTech, Sinopharm/Beijing, Sputnik V",https://ikon.mn/,2556277,1824984,731293
Mongolia,2021-05-22,"Oxford/AstraZeneca, Pfizer/BioNTech, Sinopharm/Beijing, Sputnik V",https://ikon.mn/,2580962,1827826,753136
Mongolia,2021-05-23,"Oxford/AstraZeneca, Pfizer/BioNTech, Sinopharm/Beijing, Sputnik V",https://ikon.mn/,2604563,1830623,773940
Mongolia,2021-05-24,"Oxford/AstraZeneca, Pfizer/BioNTech, Sinopharm/Beijing, Sputnik V",https://ikon.mn/,2664014,1836501,827513
Mongolia,2021-05-25,"Oxford/AstraZeneca, Pfizer/BioNTech, Sinopharm/Beijing, Sputnik V",https://ikon.mn/,2729983,1841111,888872
Mongolia,2021-05-26,"Oxford/AstraZeneca, Pfizer/BioNTech, Sinopharm/Beijing, Sputnik V",https://ikon.mn/,2787884,1843635,944249
Mongolia,2021-05-27,"Oxford/AstraZeneca, Pfizer/BioNTech, Sinopharm/Beijing, Sputnik V",https://ikon.mn/,2872572,1847246,1025326
Mongolia,2021-05-28,"Oxford/AstraZeneca, Pfizer/BioNTech, Sinopharm/Beijing, Sputnik V",https://ikon.mn/,3027240,1852565,1174675
Mongolia,2021-05-30,"Oxford/AstraZeneca, Pfizer/BioNTech, Sinopharm/Beijing, Sputnik V",https://ikon.mn/,3083871,1854643,1229228
Mongolia,2021-05-31,"Oxford/AstraZeneca, Pfizer/BioNTech, Sinopharm/Beijing, Sputnik V",https://ikon.mn/,3165008,1858546,1306462
Mongolia,2021-06-01,"Oxford/AstraZeneca, Pfizer/BioNTech, Sinopharm/Beijing, Sputnik V",https://ikon.mn/,3182775,1859509,1323266
Mongolia,2021-06-02,"Oxford/AstraZeneca, Pfizer/BioNTech, Sinopharm/Beijing, Sputnik V",https://ikon.mn/,3234111,1860915,1373196
Mongolia,2021-06-03,"Oxford/AstraZeneca, Pfizer/BioNTech, Sinopharm/Beijing, Sputnik V",https://ikon.mn/,3305569,1865857,1439712
Mongolia,2021-06-04,"Oxford/AstraZeneca, Pfizer/BioNTech, Sinopharm/Beijing, Sputnik V",https://ikon.mn/,3358051,1869199,1488852
Mongolia,2021-06-05,"Oxford/AstraZeneca, Pfizer/BioNTech, Sinopharm/Beijing, Sputnik V",https://ikon.mn/,3380812,1870788,1510024
Mongolia,2021-06-06,"Oxford/AstraZeneca, Pfizer/BioNTech, Sinopharm/Beijing, Sputnik V",https://ikon.mn/,3397608,1872056,1525552
Mongolia,2021-06-07,"Oxford/AstraZeneca, Pfizer/BioNTech, Sinopharm/Beijing, Sputnik V",https://ikon.mn/,3436701,1875003,1561698
Mongolia,2021-06-08,"Oxford/AstraZeneca, Pfizer/BioNTech, Sinopharm/Beijing, Sputnik V",https://ikon.mn/,3481129,1884272,1596857
Mongolia,2021-06-10,"Oxford/AstraZeneca, Pfizer/BioNTech, Sinopharm/Beijing, Sputnik V",https://ikon.mn/,3508471,1887425,1621046
Mongolia,2021-06-11,"Oxford/AstraZeneca, Pfizer/BioNTech, Sinopharm/Beijing, Sputnik V",https://ikon.mn/,3528572,1890678,1637894
Mongolia,2021-06-12,"Oxford/AstraZeneca, Pfizer/BioNTech, Sinopharm/Beijing, Sputnik V",https://ikon.mn/,3534495,1891804,1642691
Mongolia,2021-06-13,"Oxford/AstraZeneca, Pfizer/BioNTech, Sinopharm/Beijing, Sputnik V",https://ikon.mn/,3538289,1892396,1645893
Mongolia,2021-06-14,"Oxford/AstraZeneca, Pfizer/BioNTech, Sinopharm/Beijing, Sputnik V",https://ikon.mn/,3552788,1894995,1657793
Mongolia,2021-06-15,"Oxford/AstraZeneca, Pfizer/BioNTech, Sinopharm/Beijing, Sputnik V",https://ikon.mn/,3565805,1897956,1667849
Mongolia,2021-06-17,"Oxford/AstraZeneca, Pfizer/BioNTech, Sinopharm/Beijing, Sputnik V",https://ikon.mn/,3588146,1903859,1684287
Mongolia,2021-06-18,"Oxford/AstraZeneca, Pfizer/BioNTech, Sinopharm/Beijing, Sputnik V",https://ikon.mn/,3599557,1907878,1691679
Mongolia,2021-06-20,"Oxford/AstraZeneca, Pfizer/BioNTech, Sinopharm/Beijing, Sputnik V",https://ikon.mn/,3608480,1912235,1696245
Mongolia,2021-06-22,"Oxford/AstraZeneca, Pfizer/BioNTech, Sinopharm/Beijing, Sputnik V",https://ikon.mn/,3633222,1924675,1708547
Mongolia,2021-06-23,"Oxford/AstraZeneca, Pfizer/BioNTech, Sinopharm/Beijing, Sputnik V",https://ikon.mn/,3645291,1931642,1713649
Mongolia,2021-06-25,"Oxford/AstraZeneca, Pfizer/BioNTech, Sinopharm/Beijing, Sputnik V",https://ikon.mn/,3672281,1948459,1723822
Mongolia,2021-06-27,"Oxford/AstraZeneca, Pfizer/BioNTech, Sinopharm/Beijing, Sputnik V",https://ikon.mn/,3682742,1956403,1726339
Mongolia,2021-06-28,"Oxford/AstraZeneca, Pfizer/BioNTech, Sinopharm/Beijing, Sputnik V",https://ikon.mn/,3720002,1981613,1738389
Mongolia,2021-06-30,"Oxford/AstraZeneca, Pfizer/BioNTech, Sinopharm/Beijing, Sputnik V",https://ikon.mn/,3767598,2021411,1746187
Mongolia,2021-07-01,"Oxford/AstraZeneca, Pfizer/BioNTech, Sinopharm/Beijing, Sputnik V",https://ikon.mn/,3788394,2038128,1750266
Mongolia,2021-07-02,"Oxford/AstraZeneca, Pfizer/BioNTech, Sinopharm/Beijing, Sputnik V",https://ikon.mn/,3810163,2053714,1756449
Mongolia,2021-07-04,"Oxford/AstraZeneca, Pfizer/BioNTech, Sinopharm/Beijing, Sputnik V",https://ikon.mn/,3827417,2066119,1761298
Mongolia,2021-07-06,"Oxford/AstraZeneca, Pfizer/BioNTech, Sinopharm/Beijing, Sputnik V",https://ikon.mn/,3865840,2088595,1777245
Mongolia,2021-07-07,"Oxford/AstraZeneca, Pfizer/BioNTech, Sinopharm/Beijing, Sputnik V",https://ikon.mn/,3879567,2097303,1782264
Mongolia,2021-07-08,"Oxford/AstraZeneca, Pfizer/BioNTech, Sinopharm/Beijing, Sputnik V",https://ikon.mn/,3888172,2100918,1787254
Mongolia,2021-07-10,"Oxford/AstraZeneca, Pfizer/BioNTech, Sinopharm/Beijing, Sputnik V",https://ikon.mn/,3899770,2103485,1796285
