location,date,vaccine,source_url,total_vaccinations,people_vaccinated,people_fully_vaccinated
Montenegro,2021-02-20,Sputnik V,https://tass.com/society/1259199,0,0,
Montenegro,2021-02-25,Sputnik V,https://www.covidodgovor.me/,1113,1113,
Montenegro,2021-02-26,Sputnik V,https://www.covidodgovor.me/,1288,1288,
Montenegro,2021-03-01,Sputnik V,https://www.covidodgovor.me/,1531,1531,
Montenegro,2021-03-03,Sputnik V,https://www.covidodgovor.me/,1927,1927,
Montenegro,2021-03-05,Sputnik V,https://www.covidodgovor.me/,2250,2250,
Montenegro,2021-03-06,"Sinopharm/Beijing, Sputnik V",https://www.covidodgovor.me/,2406,2406,
Montenegro,2021-03-08,"Sinopharm/Beijing, Sputnik V",https://www.covidodgovor.me/,3062,3062,
Montenegro,2021-03-12,"Sinopharm/Beijing, Sputnik V",https://www.covidodgovor.me/,3374,3374,0
Montenegro,2021-03-14,"Sinopharm/Beijing, Sputnik V",https://www.covidodgovor.me/,3793,3793,0
Montenegro,2021-03-16,"Sinopharm/Beijing, Sputnik V",https://www.covidodgovor.me/,5021,5021,0
Montenegro,2021-03-17,"Sinopharm/Beijing, Sputnik V",https://www.covidodgovor.me/,5730,5730,0
Montenegro,2021-03-18,"Sinopharm/Beijing, Sputnik V",https://www.covidodgovor.me/,6085,6085,0
Montenegro,2021-03-19,"Sinopharm/Beijing, Sputnik V",https://www.covidodgovor.me/,6849,6517,332
Montenegro,2021-03-20,"Sinopharm/Beijing, Sputnik V",https://www.covidodgovor.me/,7298,6837,461
Montenegro,2021-03-23,"Sinopharm/Beijing, Sputnik V",https://www.covidodgovor.me/,8669,8074,595
Montenegro,2021-03-24,"Sinopharm/Beijing, Sputnik V",https://www.covidodgovor.me/,10809,9961,848
Montenegro,2021-03-25,"Sinopharm/Beijing, Sputnik V",https://www.covidodgovor.me/,12929,11857,1072
Montenegro,2021-03-26,"Sinopharm/Beijing, Sputnik V",https://www.covidodgovor.me/,14739,13410,1329
Montenegro,2021-03-27,"Sinopharm/Beijing, Sputnik V",https://www.covidodgovor.me/,16451,14850,1601
Montenegro,2021-03-28,"Sinopharm/Beijing, Sputnik V",https://www.covidodgovor.me/,18661,16570,2091
Montenegro,2021-03-29,"Sinopharm/Beijing, Sputnik V",https://www.covidodgovor.me/,20140,17746,2394
Montenegro,2021-03-30,"Sinopharm/Beijing, Sputnik V",https://www.covidodgovor.me/,20373,17906,2467
Montenegro,2021-03-31,"Sinopharm/Beijing, Sputnik V",https://www.covidodgovor.me/,22391,19118,3273
Montenegro,2021-04-01,"Oxford/AstraZeneca, Sinopharm/Beijing, Sputnik V",https://www.covidodgovor.me/,23046,19636,3410
Montenegro,2021-04-02,"Oxford/AstraZeneca, Sinopharm/Beijing, Sputnik V",https://www.covidodgovor.me/,25003,21195,3808
Montenegro,2021-04-03,"Oxford/AstraZeneca, Sinopharm/Beijing, Sputnik V",https://www.covidodgovor.me/,26972,22947,4025
Montenegro,2021-04-04,"Oxford/AstraZeneca, Sinopharm/Beijing, Sputnik V",https://www.covidodgovor.me/,29710,25516,4194
Montenegro,2021-04-05,"Oxford/AstraZeneca, Sinopharm/Beijing, Sputnik V",https://www.covidodgovor.me/,31631,27149,4482
Montenegro,2021-04-06,"Oxford/AstraZeneca, Sinopharm/Beijing, Sputnik V",https://www.covidodgovor.me/,34335,29601,4734
Montenegro,2021-04-07,"Oxford/AstraZeneca, Sinopharm/Beijing, Sputnik V",https://www.covidodgovor.me/,36857,31710,5147
Montenegro,2021-04-08,"Oxford/AstraZeneca, Sinopharm/Beijing, Sputnik V",https://www.covidodgovor.me/,38541,33163,5378
Montenegro,2021-04-09,"Oxford/AstraZeneca, Sinopharm/Beijing, Sputnik V",https://www.covidodgovor.me/,39812,34172,5640
Montenegro,2021-04-10,"Oxford/AstraZeneca, Sinopharm/Beijing, Sputnik V",https://www.covidodgovor.me/,41372,35290,6082
Montenegro,2021-04-11,"Oxford/AstraZeneca, Sinopharm/Beijing, Sputnik V",https://www.covidodgovor.me/,42450,35697,6753
Montenegro,2021-04-12,"Oxford/AstraZeneca, Sinopharm/Beijing, Sputnik V",https://www.covidodgovor.me/,42866,36113,6753
Montenegro,2021-04-13,"Oxford/AstraZeneca, Sinopharm/Beijing, Sputnik V",https://www.covidodgovor.me/,44979,36432,8547
Montenegro,2021-04-14,"Oxford/AstraZeneca, Sinopharm/Beijing, Sputnik V",https://www.covidodgovor.me/,46917,36690,10227
Montenegro,2021-04-15,"Oxford/AstraZeneca, Sinopharm/Beijing, Sputnik V",https://www.covidodgovor.me/,49293,37199,12094
Montenegro,2021-04-16,"Oxford/AstraZeneca, Sinopharm/Beijing, Sputnik V",https://www.covidodgovor.me/,50809,37519,13290
Montenegro,2021-04-17,"Oxford/AstraZeneca, Sinopharm/Beijing, Sputnik V",https://www.covidodgovor.me/,52390,37909,14481
Montenegro,2021-04-18,"Oxford/AstraZeneca, Sinopharm/Beijing, Sputnik V",https://www.covidodgovor.me/,54626,38335,16291
Montenegro,2021-04-19,"Oxford/AstraZeneca, Sinopharm/Beijing, Sputnik V",https://www.covidodgovor.me/,55497,38429,17068
Montenegro,2021-04-20,"Oxford/AstraZeneca, Sinopharm/Beijing, Sputnik V",https://www.covidodgovor.me/,56423,38667,17756
Montenegro,2021-04-21,"Oxford/AstraZeneca, Sinopharm/Beijing, Sputnik V",https://www.covidodgovor.me/,57462,38927,18535
Montenegro,2021-04-22,"Oxford/AstraZeneca, Sinopharm/Beijing, Sputnik V",https://www.covidodgovor.me/,58150,39123,19027
Montenegro,2021-04-23,"Oxford/AstraZeneca, Sinopharm/Beijing, Sputnik V",https://www.covidodgovor.me/,58731,39281,19450
Montenegro,2021-04-24,"Oxford/AstraZeneca, Sinopharm/Beijing, Sputnik V",https://www.covidodgovor.me/,59307,39426,19881
Montenegro,2021-04-25,"Oxford/AstraZeneca, Sinopharm/Beijing, Sputnik V",https://www.covidodgovor.me/,59911,39636,20275
Montenegro,2021-04-26,"Oxford/AstraZeneca, Sinopharm/Beijing, Sputnik V",https://www.covidodgovor.me/,60044,39715,20329
Montenegro,2021-04-27,"Oxford/AstraZeneca, Sinopharm/Beijing, Sputnik V",https://www.covidodgovor.me/,60185,39775,20410
Montenegro,2021-04-28,"Oxford/AstraZeneca, Sinopharm/Beijing, Sputnik V",https://www.covidodgovor.me/,60431,39965,20466
Montenegro,2021-04-29,"Oxford/AstraZeneca, Sinopharm/Beijing, Sputnik V",https://www.covidodgovor.me/,60816,40092,20724
Montenegro,2021-04-30,"Oxford/AstraZeneca, Sinopharm/Beijing, Sputnik V",https://www.covidodgovor.me/,61745,40156,21589
Montenegro,2021-05-01,"Oxford/AstraZeneca, Sinopharm/Beijing, Sputnik V",https://www.covidodgovor.me/,63064,40215,22849
Montenegro,2021-05-03,"Oxford/AstraZeneca, Sinopharm/Beijing, Sputnik V",https://www.covidodgovor.me/,63820,40282,23538
Montenegro,2021-05-04,"Oxford/AstraZeneca, Pfizer/BioNTech, Sinopharm/Beijing, Sputnik V",https://www.covidodgovor.me/,65517,40843,24674
Montenegro,2021-05-05,"Oxford/AstraZeneca, Pfizer/BioNTech, Sinopharm/Beijing, Sputnik V",https://www.covidodgovor.me/,85316,57571,27745
Montenegro,2021-05-06,"Oxford/AstraZeneca, Pfizer/BioNTech, Sinopharm/Beijing, Sputnik V",https://www.covidodgovor.me/,94291,65390,28901
Montenegro,2021-05-08,"Oxford/AstraZeneca, Pfizer/BioNTech, Sinopharm/Beijing, Sputnik V",https://www.covidodgovor.me/,102853,72824,30029
Montenegro,2021-05-09,"Oxford/AstraZeneca, Pfizer/BioNTech, Sinopharm/Beijing, Sputnik V",https://www.covidodgovor.me/,109507,78760,30747
Montenegro,2021-05-10,"Oxford/AstraZeneca, Pfizer/BioNTech, Sinopharm/Beijing, Sputnik V",https://www.covidodgovor.me/,114570,83498,31072
Montenegro,2021-05-11,"Oxford/AstraZeneca, Pfizer/BioNTech, Sinopharm/Beijing, Sputnik V",https://www.covidodgovor.me/,120795,88965,31830
Montenegro,2021-05-12,"Oxford/AstraZeneca, Pfizer/BioNTech, Sinopharm/Beijing, Sputnik V",https://www.covidodgovor.me/,125646,93341,32305
Montenegro,2021-05-13,"Oxford/AstraZeneca, Pfizer/BioNTech, Sinopharm/Beijing, Sputnik V",https://www.covidodgovor.me/,130545,97783,32762
Montenegro,2021-05-14,"Oxford/AstraZeneca, Pfizer/BioNTech, Sinopharm/Beijing, Sputnik V",https://www.covidodgovor.me/,133626,100544,33082
Montenegro,2021-05-15,"Oxford/AstraZeneca, Pfizer/BioNTech, Sinopharm/Beijing, Sputnik V",https://www.covidodgovor.me/,137259,103700,33559
Montenegro,2021-05-16,"Oxford/AstraZeneca, Pfizer/BioNTech, Sinopharm/Beijing, Sputnik V",https://www.covidodgovor.me/,140148,106368,33780
Montenegro,2021-05-17,"Oxford/AstraZeneca, Pfizer/BioNTech, Sinopharm/Beijing, Sputnik V",https://www.covidodgovor.me/,141808,107881,33927
Montenegro,2021-05-18,"Oxford/AstraZeneca, Pfizer/BioNTech, Sinopharm/Beijing, Sputnik V",https://www.covidodgovor.me/,145316,110949,34367
Montenegro,2021-05-19,"Oxford/AstraZeneca, Pfizer/BioNTech, Sinopharm/Beijing, Sputnik V",https://www.covidodgovor.me/,148255,113497,34758
Montenegro,2021-05-20,"Oxford/AstraZeneca, Pfizer/BioNTech, Sinopharm/Beijing, Sputnik V",https://www.covidodgovor.me/,151522,116481,35041
Montenegro,2021-05-21,"Oxford/AstraZeneca, Pfizer/BioNTech, Sinopharm/Beijing, Sputnik V",https://www.covidodgovor.me/,154048,118725,35323
Montenegro,2021-05-23,"Oxford/AstraZeneca, Pfizer/BioNTech, Sinopharm/Beijing, Sputnik V",https://www.covidodgovor.me/,156779,121050,35729
Montenegro,2021-05-24,"Oxford/AstraZeneca, Pfizer/BioNTech, Sinopharm/Beijing, Sputnik V",https://www.covidodgovor.me/,157592,121783,35809
Montenegro,2021-05-25,"Oxford/AstraZeneca, Pfizer/BioNTech, Sinopharm/Beijing, Sputnik V",https://www.covidodgovor.me/,160077,123845,36232
Montenegro,2021-05-26,"Oxford/AstraZeneca, Pfizer/BioNTech, Sinopharm/Beijing, Sputnik V",https://www.covidodgovor.me/,180839,127177,53662
Montenegro,2021-05-28,"Oxford/AstraZeneca, Pfizer/BioNTech, Sinopharm/Beijing, Sputnik V",https://www.covidodgovor.me/,191178,129071,62107
Montenegro,2021-05-29,"Oxford/AstraZeneca, Pfizer/BioNTech, Sinopharm/Beijing, Sputnik V",https://www.covidodgovor.me/,200228,130696,69532
Montenegro,2021-05-30,"Oxford/AstraZeneca, Pfizer/BioNTech, Sinopharm/Beijing, Sputnik V",https://www.covidodgovor.me/,206544,131761,74783
Montenegro,2021-05-31,"Oxford/AstraZeneca, Pfizer/BioNTech, Sinopharm/Beijing, Sputnik V",https://www.covidodgovor.me/,210720,132480,78240
Montenegro,2021-06-01,"Oxford/AstraZeneca, Pfizer/BioNTech, Sinopharm/Beijing, Sputnik V",https://www.covidodgovor.me/,218306,133828,84478
Montenegro,2021-06-02,"Oxford/AstraZeneca, Pfizer/BioNTech, Sinopharm/Beijing, Sputnik V",https://www.covidodgovor.me/,223627,135025,88602
Montenegro,2021-06-03,"Oxford/AstraZeneca, Pfizer/BioNTech, Sinopharm/Beijing, Sputnik V",https://www.covidodgovor.me/,229803,136588,93215
Montenegro,2021-06-04,"Oxford/AstraZeneca, Pfizer/BioNTech, Sinopharm/Beijing, Sputnik V",https://www.covidodgovor.me/,234278,138052,96226
Montenegro,2021-06-05,"Oxford/AstraZeneca, Pfizer/BioNTech, Sinopharm/Beijing, Sputnik V",https://www.covidodgovor.me/,238874,139333,99541
Montenegro,2021-06-06,"Oxford/AstraZeneca, Pfizer/BioNTech, Sinopharm/Beijing, Sputnik V",https://www.covidodgovor.me/,242070,140068,102002
Montenegro,2021-06-07,"Oxford/AstraZeneca, Pfizer/BioNTech, Sinopharm/Beijing, Sputnik V",https://www.covidodgovor.me/,244138,140543,103595
Montenegro,2021-06-08,"Oxford/AstraZeneca, Pfizer/BioNTech, Sinopharm/Beijing, Sputnik V",https://www.covidodgovor.me/,248522,141574,106948
Montenegro,2021-06-09,"Oxford/AstraZeneca, Pfizer/BioNTech, Sinopharm/Beijing, Sputnik V",https://www.covidodgovor.me/,252253,142558,109695
Montenegro,2021-06-10,"Oxford/AstraZeneca, Pfizer/BioNTech, Sinopharm/Beijing, Sputnik V",https://www.covidodgovor.me/,256046,143375,112671
Montenegro,2021-06-11,"Oxford/AstraZeneca, Pfizer/BioNTech, Sinopharm/Beijing, Sputnik V",https://www.covidodgovor.me/,259428,144223,115205
Montenegro,2021-06-12,"Oxford/AstraZeneca, Pfizer/BioNTech, Sinopharm/Beijing, Sputnik V",https://www.covidodgovor.me/,261294,144685,116609
Montenegro,2021-06-14,"Oxford/AstraZeneca, Pfizer/BioNTech, Sinopharm/Beijing, Sputnik V",https://www.covidodgovor.me/,263433,145130,118303
Montenegro,2021-06-15,"Oxford/AstraZeneca, Pfizer/BioNTech, Sinopharm/Beijing, Sputnik V",https://www.covidodgovor.me/,265964,145636,120328
Montenegro,2021-06-17,"Oxford/AstraZeneca, Pfizer/BioNTech, Sinopharm/Beijing, Sputnik V",https://www.covidodgovor.me/,270237,146964,123273
Montenegro,2021-06-18,"Oxford/AstraZeneca, Pfizer/BioNTech, Sinopharm/Beijing, Sputnik V",https://www.covidodgovor.me/,272636,147499,125137
Montenegro,2021-06-19,"Oxford/AstraZeneca, Pfizer/BioNTech, Sinopharm/Beijing, Sputnik V",https://www.covidodgovor.me/,274514,147875,126639
Montenegro,2021-06-20,"Oxford/AstraZeneca, Pfizer/BioNTech, Sinopharm/Beijing, Sputnik V",https://www.covidodgovor.me/,275658,147995,127663
Montenegro,2021-06-21,"Oxford/AstraZeneca, Pfizer/BioNTech, Sinopharm/Beijing, Sputnik V",https://www.covidodgovor.me/,276374,148079,128295
Montenegro,2021-06-22,"Oxford/AstraZeneca, Pfizer/BioNTech, Sinopharm/Beijing, Sputnik V",https://www.covidodgovor.me/,278146,148346,129800
Montenegro,2021-06-23,"Oxford/AstraZeneca, Pfizer/BioNTech, Sinopharm/Beijing, Sputnik V",https://www.covidodgovor.me/,279639,148571,131068
Montenegro,2021-06-24,"Oxford/AstraZeneca, Pfizer/BioNTech, Sinopharm/Beijing, Sputnik V",https://www.covidodgovor.me/,281741,149220,132521
Montenegro,2021-06-26,"Oxford/AstraZeneca, Pfizer/BioNTech, Sinopharm/Beijing, Sputnik V",https://www.covidodgovor.me/,285056,149912,135144
Montenegro,2021-06-27,"Oxford/AstraZeneca, Pfizer/BioNTech, Sinopharm/Beijing, Sputnik V",https://www.covidodgovor.me/,285858,149994,135864
Montenegro,2021-06-28,"Oxford/AstraZeneca, Pfizer/BioNTech, Sinopharm/Beijing, Sputnik V",https://www.covidodgovor.me/,286327,150031,136296
Montenegro,2021-06-29,"Oxford/AstraZeneca, Pfizer/BioNTech, Sinopharm/Beijing, Sputnik V",https://www.covidodgovor.me/,287653,150319,137334
Montenegro,2021-06-30,"Oxford/AstraZeneca, Pfizer/BioNTech, Sinopharm/Beijing, Sputnik V",https://www.covidodgovor.me/,288860,150545,138315
Montenegro,2021-07-01,"Oxford/AstraZeneca, Pfizer/BioNTech, Sinopharm/Beijing, Sputnik V",https://www.covidodgovor.me/,290246,151082,139164
Montenegro,2021-07-02,"Oxford/AstraZeneca, Pfizer/BioNTech, Sinopharm/Beijing, Sputnik V",https://www.covidodgovor.me/,291621,151655,139966
Montenegro,2021-07-03,"Oxford/AstraZeneca, Pfizer/BioNTech, Sinopharm/Beijing, Sputnik V",https://www.covidodgovor.me/,292815,152306,140509
Montenegro,2021-07-04,"Oxford/AstraZeneca, Pfizer/BioNTech, Sinopharm/Beijing, Sputnik V",https://www.covidodgovor.me/,293834,152975,140859
Montenegro,2021-07-05,"Oxford/AstraZeneca, Pfizer/BioNTech, Sinopharm/Beijing, Sputnik V",https://www.covidodgovor.me/,294306,153343,140963
Montenegro,2021-07-06,"Oxford/AstraZeneca, Pfizer/BioNTech, Sinopharm/Beijing, Sputnik V",https://www.covidodgovor.me/,296156,154530,141626
Montenegro,2021-07-07,"Oxford/AstraZeneca, Pfizer/BioNTech, Sinopharm/Beijing, Sputnik V",https://www.covidodgovor.me/,297632,155477,142155
Montenegro,2021-07-08,"Oxford/AstraZeneca, Pfizer/BioNTech, Sinopharm/Beijing, Sputnik V",https://www.covidodgovor.me/,299372,156459,142913
Montenegro,2021-07-09,"Oxford/AstraZeneca, Pfizer/BioNTech, Sinopharm/Beijing, Sputnik V",https://www.covidodgovor.me/,300611,157177,143434
Montenegro,2021-07-10,"Oxford/AstraZeneca, Pfizer/BioNTech, Sinopharm/Beijing, Sputnik V",https://www.covidodgovor.me/,301828,157971,143857
Montenegro,2021-07-11,"Oxford/AstraZeneca, Pfizer/BioNTech, Sinopharm/Beijing, Sputnik V",https://www.covidodgovor.me/,302321,158357,143964
