location,date,vaccine,source_url,total_vaccinations,people_vaccinated,people_fully_vaccinated
Netherlands,2021-01-10,Pfizer/BioNTech,https://www.ecdc.europa.eu/en/publications-data/data-covid-19-vaccination-eu-eea,33752,33752,0
Netherlands,2021-01-17,Pfizer/BioNTech,https://www.ecdc.europa.eu/en/publications-data/data-covid-19-vaccination-eu-eea,76923,76923,0
Netherlands,2021-01-24,"Moderna, Pfizer/BioNTech",https://www.ecdc.europa.eu/en/publications-data/data-covid-19-vaccination-eu-eea,166246,166246,0
Netherlands,2021-01-31,"Moderna, Pfizer/BioNTech",https://www.ecdc.europa.eu/en/publications-data/data-covid-19-vaccination-eu-eea,351586,349181,2405
Netherlands,2021-02-07,"Moderna, Pfizer/BioNTech",https://www.ecdc.europa.eu/en/publications-data/data-covid-19-vaccination-eu-eea,571478,545243,26235
Netherlands,2021-02-14,"Moderna, Oxford/AstraZeneca, Pfizer/BioNTech",https://www.ecdc.europa.eu/en/publications-data/data-covid-19-vaccination-eu-eea,787999,691390,96609
Netherlands,2021-02-21,"Moderna, Oxford/AstraZeneca, Pfizer/BioNTech",https://www.ecdc.europa.eu/en/publications-data/data-covid-19-vaccination-eu-eea,1037471,874993,162478
Netherlands,2021-02-28,"Moderna, Oxford/AstraZeneca, Pfizer/BioNTech",https://www.ecdc.europa.eu/en/publications-data/data-covid-19-vaccination-eu-eea,1381842,1106811,275031
Netherlands,2021-03-07,"Moderna, Oxford/AstraZeneca, Pfizer/BioNTech",https://www.ecdc.europa.eu/en/publications-data/data-covid-19-vaccination-eu-eea,1676018,1317055,358963
Netherlands,2021-03-14,"Moderna, Oxford/AstraZeneca, Pfizer/BioNTech",https://www.ecdc.europa.eu/en/publications-data/data-covid-19-vaccination-eu-eea,1960098,1515390,444708
Netherlands,2021-03-21,"Moderna, Oxford/AstraZeneca, Pfizer/BioNTech",https://www.ecdc.europa.eu/en/publications-data/data-covid-19-vaccination-eu-eea,2172973,1602853,570120
Netherlands,2021-03-28,"Moderna, Oxford/AstraZeneca, Pfizer/BioNTech",https://www.ecdc.europa.eu/en/publications-data/data-covid-19-vaccination-eu-eea,2470263,1802765,667498
Netherlands,2021-04-04,"Moderna, Oxford/AstraZeneca, Pfizer/BioNTech",https://www.ecdc.europa.eu/en/publications-data/data-covid-19-vaccination-eu-eea,2920326,2145065,775261
Netherlands,2021-04-11,"Moderna, Oxford/AstraZeneca, Pfizer/BioNTech",https://www.ecdc.europa.eu/en/publications-data/data-covid-19-vaccination-eu-eea,3562691,2659995,902696
Netherlands,2021-04-18,"Moderna, Oxford/AstraZeneca, Pfizer/BioNTech",https://www.ecdc.europa.eu/en/publications-data/data-covid-19-vaccination-eu-eea,4369484,3376396,993088
Netherlands,2021-04-25,"Johnson&Johnson, Moderna, Oxford/AstraZeneca, Pfizer/BioNTech",https://www.ecdc.europa.eu/en/publications-data/data-covid-19-vaccination-eu-eea,5022661,3912438,1119109
Netherlands,2021-05-02,"Johnson&Johnson, Moderna, Oxford/AstraZeneca, Pfizer/BioNTech",https://www.ecdc.europa.eu/en/publications-data/data-covid-19-vaccination-eu-eea,5708850,4506907,1250452
Netherlands,2021-05-09,"Johnson&Johnson, Moderna, Oxford/AstraZeneca, Pfizer/BioNTech",https://www.ecdc.europa.eu/en/publications-data/data-covid-19-vaccination-eu-eea,6550888,5079138,1567225
Netherlands,2021-05-16,"Johnson&Johnson, Moderna, Oxford/AstraZeneca, Pfizer/BioNTech",https://www.ecdc.europa.eu/en/publications-data/data-covid-19-vaccination-eu-eea,7557083,5772219,1909384
Netherlands,2021-05-23,"Johnson&Johnson, Moderna, Oxford/AstraZeneca, Pfizer/BioNTech",https://www.ecdc.europa.eu/en/publications-data/data-covid-19-vaccination-eu-eea,8584868,6282318,2444911
Netherlands,2021-05-30,"Johnson&Johnson, Moderna, Oxford/AstraZeneca, Pfizer/BioNTech",https://www.ecdc.europa.eu/en/publications-data/data-covid-19-vaccination-eu-eea,9580618,6773745,3046913
Netherlands,2021-06-06,"Johnson&Johnson, Moderna, Oxford/AstraZeneca, Pfizer/BioNTech",https://www.ecdc.europa.eu/en/publications-data/data-covid-19-vaccination-eu-eea,10745670,7348468,3784676
Netherlands,2021-06-13,"Johnson&Johnson, Moderna, Oxford/AstraZeneca, Pfizer/BioNTech",https://www.ecdc.europa.eu/en/publications-data/data-covid-19-vaccination-eu-eea,12386961,8357305,4465603
Netherlands,2021-06-20,"Johnson&Johnson, Moderna, Oxford/AstraZeneca, Pfizer/BioNTech",https://www.ecdc.europa.eu/en/publications-data/data-covid-19-vaccination-eu-eea,13793724,9099553,5150203
Netherlands,2021-06-27,"Johnson&Johnson, Moderna, Oxford/AstraZeneca, Pfizer/BioNTech",https://www.ecdc.europa.eu/en/publications-data/data-covid-19-vaccination-eu-eea,15216359,9915574,5839672
Netherlands,2021-07-04,"Johnson&Johnson, Moderna, Oxford/AstraZeneca, Pfizer/BioNTech",https://www.ecdc.europa.eu/en/publications-data/data-covid-19-vaccination-eu-eea,16668931,10841666,6496838
Netherlands,2021-07-11,"Johnson&Johnson, Moderna, Oxford/AstraZeneca, Pfizer/BioNTech",https://www.ecdc.europa.eu/en/publications-data/data-covid-19-vaccination-eu-eea,17191580,11182551,6709824
