location,date,vaccine,source_url,total_vaccinations,people_vaccinated,people_fully_vaccinated
Nigeria,2021-03-04,Oxford/AstraZeneca,https://www.aa.com.tr/en/africa/nigeria-begins-covid-19-vaccination-drive/2166231,0,0,
Nigeria,2021-03-15,Oxford/AstraZeneca,https://www.premiumtimesng.com/health/health-news/449080-nigeria-vaccinates-8000-people-against-covid-19.html,8000,8000,
Nigeria,2021-03-24,Oxford/AstraZeneca,https://twitter.com/NphcdaNG/status/1374751795570966528,277458,277458,
Nigeria,2021-03-28,Oxford/AstraZeneca,https://twitter.com/NphcdaNG/status/1376215958365278214,513626,513626,
Nigeria,2021-03-31,Oxford/AstraZeneca,https://twitter.com/NphcdaNG/status/1377300320406110226,718412,718412,
Nigeria,2021-04-01,Oxford/AstraZeneca,https://twitter.com/NphcdaNG/status/1377639497970638857,818865,818865,
Nigeria,2021-04-06,Oxford/AstraZeneca,https://twitter.com/NphcdaNG/status/1379497246169952261,964387,964387,
Nigeria,2021-04-14,Oxford/AstraZeneca,https://twitter.com/NphcdaNG/status/1382374114774675458,1043737,1043737,
Nigeria,2021-04-15,Oxford/AstraZeneca,https://twitter.com/NphcdaNG/status/1382730307808460803,1051096,1051096,
Nigeria,2021-04-16,Oxford/AstraZeneca,https://twitter.com/NphcdaNG/status/1383087527473594368,1081548,1081548,
Nigeria,2021-04-18,Oxford/AstraZeneca,https://twitter.com/NphcdaNG/status/1383797886798876685,1096727,1096727,
Nigeria,2021-04-19,Oxford/AstraZeneca,https://twitter.com/NphcdaNG/status/1384177050303401995,1101827,1101827,
Nigeria,2021-04-20,Oxford/AstraZeneca,https://twitter.com/NphcdaNG/status/1384547599240339460,1114408,1114408,
Nigeria,2021-04-21,Oxford/AstraZeneca,https://twitter.com/NphcdaNG/status/1384900794852548609,1133325,1133325,
Nigeria,2021-04-22,Oxford/AstraZeneca,https://twitter.com/NphcdaNG/status/1385261444560822274,1148168,1148168,
Nigeria,2021-04-23,Oxford/AstraZeneca,https://twitter.com/NphcdaNG/status/1385609945580716033,1158582,1158582,
Nigeria,2021-04-24,Oxford/AstraZeneca,https://twitter.com/NphcdaNG/status/1386013906053832711,1167837,1167837,
Nigeria,2021-04-25,Oxford/AstraZeneca,https://twitter.com/NphcdaNG/status/1386354307084193800,1171515,1171515,
Nigeria,2021-04-26,Oxford/AstraZeneca,https://twitter.com/NphcdaNG/status/1386707749808087044,1175285,1175285,
Nigeria,2021-04-27,Oxford/AstraZeneca,https://twitter.com/NphcdaNG/status/1387071666208055297,1181941,1181941,
Nigeria,2021-04-28,Oxford/AstraZeneca,https://twitter.com/NphcdaNG/status/1387461266604707841,1191563,1191563,
Nigeria,2021-05-01,Oxford/AstraZeneca,https://twitter.com/NphcdaNG/status/1388605705448460300,1222109,1222109,
Nigeria,2021-05-02,Oxford/AstraZeneca,https://twitter.com/NphcdaNG/status/1388915795716186115,1229733,1229733,
Nigeria,2021-05-03,Oxford/AstraZeneca,https://twitter.com/NphcdaNG/status/1389275541342195715,1236815,1236815,
Nigeria,2021-05-04,Oxford/AstraZeneca,https://twitter.com/NphcdaNG/status/1389647094395330562,1246845,1246845,
Nigeria,2021-05-05,Oxford/AstraZeneca,https://twitter.com/NphcdaNG/status/1390013566716194821,1266742,1266742,
Nigeria,2021-05-06,Oxford/AstraZeneca,https://twitter.com/NphcdaNG/status/1390560529018724352,1289773,1289773,
Nigeria,2021-05-07,Oxford/AstraZeneca,https://twitter.com/NphcdaNG/status/1390789367745159168,1615787,1615787,
Nigeria,2021-05-08,Oxford/AstraZeneca,https://twitter.com/NphcdaNG/status/1391115216268705798,1653292,1653292,
Nigeria,2021-05-09,Oxford/AstraZeneca,https://twitter.com/NphcdaNG/status/1391469149189255176,1665698,1665698,
Nigeria,2021-05-10,Oxford/AstraZeneca,https://twitter.com/NphcdaNG/status/1391807986352463879,1697243,1697243,
Nigeria,2021-05-11,Oxford/AstraZeneca,https://twitter.com/NphcdaNG/status/1392193452075593731,1713306,1713306,
Nigeria,2021-05-12,Oxford/AstraZeneca,https://twitter.com/NphcdaNG/status/1392570900256538624,1748242,1748242,
Nigeria,2021-05-13,Oxford/AstraZeneca,https://twitter.com/NphcdaNG/status/1392935126313623559,1763552,1763552,
Nigeria,2021-05-14,Oxford/AstraZeneca,https://twitter.com/NphcdaNG/status/1393275450932219905,1767488,1767488,
Nigeria,2021-05-15,Oxford/AstraZeneca,https://twitter.com/NphcdaNG/status/1393631680628510721,1794552,1794552,
Nigeria,2021-05-16,Oxford/AstraZeneca,https://twitter.com/NphcdaNG/status/1394023729282404353,1811795,1811795,
Nigeria,2021-05-17,Oxford/AstraZeneca,https://twitter.com/NphcdaNG/status/1394359420990148611,1823095,1823095,
Nigeria,2021-05-18,Oxford/AstraZeneca,https://twitter.com/NphcdaNG/status/1394744480918642689,1842437,1842437,
Nigeria,2021-05-19,Oxford/AstraZeneca,https://twitter.com/NphcdaNG/status/1395086272935366674,1880788,1880788,
Nigeria,2021-05-20,Oxford/AstraZeneca,https://twitter.com/NphcdaNG/status/1395461111202394117,1894794,1894794,
Nigeria,2021-05-21,Oxford/AstraZeneca,https://twitter.com/NphcdaNG/status/1395853336021176330,1911254,1911254,
Nigeria,2021-05-22,Oxford/AstraZeneca,https://twitter.com/NphcdaNG/status/1396180267866406916,1927141,1927141,
Nigeria,2021-05-23,Oxford/AstraZeneca,https://twitter.com/NphcdaNG/status/1396555010947887112,1929237,1929237,
Nigeria,2021-05-25,Oxford/AstraZeneca,https://twitter.com/NphcdaNG/status/1397288665215348738,1939737,1930922,8815
Nigeria,2021-05-26,Oxford/AstraZeneca,https://twitter.com/NphcdaNG/status/1397648770582646791,1953870,1938611,15259
Nigeria,2021-05-27,Oxford/AstraZeneca,https://twitter.com/NphcdaNG/status/1397990942850826243,1967435,1945273,22162
Nigeria,2021-05-28,Oxford/AstraZeneca,https://twitter.com/NphcdaNG/status/1398346897828495367,1984242,1950298,33944
Nigeria,2021-05-29,Oxford/AstraZeneca,https://twitter.com/NphcdaNG/status/1398720147976826881,1996914,1952694,44220
Nigeria,2021-05-30,Oxford/AstraZeneca,https://twitter.com/NphcdaNG/status/1399107930176299009,2014590,1955652,58938
Nigeria,2021-05-31,Oxford/AstraZeneca,https://twitter.com/NphcdaNG/status/1399441461712769029,2030063,1956598,73465
Nigeria,2021-06-01,Oxford/AstraZeneca,https://twitter.com/NphcdaNG/status/1399816868802740225,2051228,1960493,90735
Nigeria,2021-06-02,Oxford/AstraZeneca,https://twitter.com/NphcdaNG/status/1400177941062029314,2110141,1961883,148258
Nigeria,2021-06-04,Oxford/AstraZeneca,https://twitter.com/NphcdaNG/status/1400875651012378627,2225765,1964095,261670
Nigeria,2021-06-15,Oxford/AstraZeneca,https://nphcda.gov.ng/speech-by-dr-faisal-shuaib-ed-ceo-of-the-national-primary-health-care-development-agency-at-the-press-conference-to-update-nigerians-on-the-status-of-covid-19-vaccination-on-15th-june-2021/,2659153,1978808,680345
Nigeria,2021-06-24,Oxford/AstraZeneca,https://nphcda.gov.ng/speech-by-dr-faisal-shuaib-ed-ceo-of-the-national-primary-health-care-development-agency-at-the-press-conference-to-update-nigerians-on-the-status-of-covid-19-vaccination-on-24th-june-2021/,3104802,2099568,1005234
Nigeria,2021-06-28,Oxford/AstraZeneca,https://covid19.who.int/,3397472,2241662,1155810
Nigeria,2021-07-05,Oxford/AstraZeneca,https://covid19.who.int/,3832459,2476637,1355822
