location,date,vaccine,source_url,total_vaccinations,people_vaccinated,people_fully_vaccinated
Norway,2020-12-02,Pfizer/BioNTech,https://www.fhi.no/sv/vaksine/koronavaksinasjonsprogrammet/koronavaksinasjonsstatistikk/,0,0,0
Norway,2020-12-03,Pfizer/BioNTech,https://www.fhi.no/sv/vaksine/koronavaksinasjonsprogrammet/koronavaksinasjonsstatistikk/,0,0,0
Norway,2020-12-04,Pfizer/BioNTech,https://www.fhi.no/sv/vaksine/koronavaksinasjonsprogrammet/koronavaksinasjonsstatistikk/,0,0,0
Norway,2020-12-05,Pfizer/BioNTech,https://www.fhi.no/sv/vaksine/koronavaksinasjonsprogrammet/koronavaksinasjonsstatistikk/,0,0,0
Norway,2020-12-06,Pfizer/BioNTech,https://www.fhi.no/sv/vaksine/koronavaksinasjonsprogrammet/koronavaksinasjonsstatistikk/,0,0,0
Norway,2020-12-07,Pfizer/BioNTech,https://www.fhi.no/sv/vaksine/koronavaksinasjonsprogrammet/koronavaksinasjonsstatistikk/,0,0,0
Norway,2020-12-08,Pfizer/BioNTech,https://www.fhi.no/sv/vaksine/koronavaksinasjonsprogrammet/koronavaksinasjonsstatistikk/,0,0,0
Norway,2020-12-09,Pfizer/BioNTech,https://www.fhi.no/sv/vaksine/koronavaksinasjonsprogrammet/koronavaksinasjonsstatistikk/,0,0,0
Norway,2020-12-10,Pfizer/BioNTech,https://www.fhi.no/sv/vaksine/koronavaksinasjonsprogrammet/koronavaksinasjonsstatistikk/,0,0,0
Norway,2020-12-11,Pfizer/BioNTech,https://www.fhi.no/sv/vaksine/koronavaksinasjonsprogrammet/koronavaksinasjonsstatistikk/,0,0,0
Norway,2020-12-12,Pfizer/BioNTech,https://www.fhi.no/sv/vaksine/koronavaksinasjonsprogrammet/koronavaksinasjonsstatistikk/,0,0,0
Norway,2020-12-13,Pfizer/BioNTech,https://www.fhi.no/sv/vaksine/koronavaksinasjonsprogrammet/koronavaksinasjonsstatistikk/,0,0,0
Norway,2020-12-14,Pfizer/BioNTech,https://www.fhi.no/sv/vaksine/koronavaksinasjonsprogrammet/koronavaksinasjonsstatistikk/,0,0,0
Norway,2020-12-15,Pfizer/BioNTech,https://www.fhi.no/sv/vaksine/koronavaksinasjonsprogrammet/koronavaksinasjonsstatistikk/,0,0,0
Norway,2020-12-16,Pfizer/BioNTech,https://www.fhi.no/sv/vaksine/koronavaksinasjonsprogrammet/koronavaksinasjonsstatistikk/,0,0,0
Norway,2020-12-17,Pfizer/BioNTech,https://www.fhi.no/sv/vaksine/koronavaksinasjonsprogrammet/koronavaksinasjonsstatistikk/,0,0,0
Norway,2020-12-18,Pfizer/BioNTech,https://www.fhi.no/sv/vaksine/koronavaksinasjonsprogrammet/koronavaksinasjonsstatistikk/,0,0,0
Norway,2020-12-19,Pfizer/BioNTech,https://www.fhi.no/sv/vaksine/koronavaksinasjonsprogrammet/koronavaksinasjonsstatistikk/,0,0,0
Norway,2020-12-20,Pfizer/BioNTech,https://www.fhi.no/sv/vaksine/koronavaksinasjonsprogrammet/koronavaksinasjonsstatistikk/,0,0,0
Norway,2020-12-21,Pfizer/BioNTech,https://www.fhi.no/sv/vaksine/koronavaksinasjonsprogrammet/koronavaksinasjonsstatistikk/,0,0,0
Norway,2020-12-22,Pfizer/BioNTech,https://www.fhi.no/sv/vaksine/koronavaksinasjonsprogrammet/koronavaksinasjonsstatistikk/,8,8,0
Norway,2020-12-23,Pfizer/BioNTech,https://www.fhi.no/sv/vaksine/koronavaksinasjonsprogrammet/koronavaksinasjonsstatistikk/,13,13,0
Norway,2020-12-24,Pfizer/BioNTech,https://www.fhi.no/sv/vaksine/koronavaksinasjonsprogrammet/koronavaksinasjonsstatistikk/,19,19,0
Norway,2020-12-25,Pfizer/BioNTech,https://www.fhi.no/sv/vaksine/koronavaksinasjonsprogrammet/koronavaksinasjonsstatistikk/,19,19,0
Norway,2020-12-26,Pfizer/BioNTech,https://www.fhi.no/sv/vaksine/koronavaksinasjonsprogrammet/koronavaksinasjonsstatistikk/,19,19,0
Norway,2020-12-27,Pfizer/BioNTech,https://www.fhi.no/sv/vaksine/koronavaksinasjonsprogrammet/koronavaksinasjonsstatistikk/,34,34,0
Norway,2020-12-28,Pfizer/BioNTech,https://www.fhi.no/sv/vaksine/koronavaksinasjonsprogrammet/koronavaksinasjonsstatistikk/,647,647,0
Norway,2020-12-29,Pfizer/BioNTech,https://www.fhi.no/sv/vaksine/koronavaksinasjonsprogrammet/koronavaksinasjonsstatistikk/,1725,1725,0
Norway,2020-12-30,Pfizer/BioNTech,https://www.fhi.no/sv/vaksine/koronavaksinasjonsprogrammet/koronavaksinasjonsstatistikk/,2173,2173,0
Norway,2020-12-31,Pfizer/BioNTech,https://www.fhi.no/sv/vaksine/koronavaksinasjonsprogrammet/koronavaksinasjonsstatistikk/,2253,2253,0
Norway,2021-01-01,Pfizer/BioNTech,https://www.fhi.no/sv/vaksine/koronavaksinasjonsprogrammet/koronavaksinasjonsstatistikk/,2269,2269,0
Norway,2021-01-02,Pfizer/BioNTech,https://www.fhi.no/sv/vaksine/koronavaksinasjonsprogrammet/koronavaksinasjonsstatistikk/,2281,2281,0
Norway,2021-01-03,Pfizer/BioNTech,https://www.fhi.no/sv/vaksine/koronavaksinasjonsprogrammet/koronavaksinasjonsstatistikk/,2307,2307,0
Norway,2021-01-04,Pfizer/BioNTech,https://www.fhi.no/sv/vaksine/koronavaksinasjonsprogrammet/koronavaksinasjonsstatistikk/,2327,2327,0
Norway,2021-01-05,Pfizer/BioNTech,https://www.fhi.no/sv/vaksine/koronavaksinasjonsprogrammet/koronavaksinasjonsstatistikk/,5735,5735,0
Norway,2021-01-06,Pfizer/BioNTech,https://www.fhi.no/sv/vaksine/koronavaksinasjonsprogrammet/koronavaksinasjonsstatistikk/,14839,14839,0
Norway,2021-01-07,Pfizer/BioNTech,https://www.fhi.no/sv/vaksine/koronavaksinasjonsprogrammet/koronavaksinasjonsstatistikk/,21422,21422,0
Norway,2021-01-08,Pfizer/BioNTech,https://www.fhi.no/sv/vaksine/koronavaksinasjonsprogrammet/koronavaksinasjonsstatistikk/,23056,23056,0
Norway,2021-01-09,Pfizer/BioNTech,https://www.fhi.no/sv/vaksine/koronavaksinasjonsprogrammet/koronavaksinasjonsstatistikk/,23215,23215,0
Norway,2021-01-10,Pfizer/BioNTech,https://www.fhi.no/sv/vaksine/koronavaksinasjonsprogrammet/koronavaksinasjonsstatistikk/,23342,23342,0
Norway,2021-01-11,Pfizer/BioNTech,https://www.fhi.no/sv/vaksine/koronavaksinasjonsprogrammet/koronavaksinasjonsstatistikk/,23742,23742,0
Norway,2021-01-12,Pfizer/BioNTech,https://www.fhi.no/sv/vaksine/koronavaksinasjonsprogrammet/koronavaksinasjonsstatistikk/,28071,28066,5
Norway,2021-01-13,Pfizer/BioNTech,https://www.fhi.no/sv/vaksine/koronavaksinasjonsprogrammet/koronavaksinasjonsstatistikk/,37974,37964,10
Norway,2021-01-14,Pfizer/BioNTech,https://www.fhi.no/sv/vaksine/koronavaksinasjonsprogrammet/koronavaksinasjonsstatistikk/,46508,46498,10
Norway,2021-01-15,"Moderna, Pfizer/BioNTech",https://www.fhi.no/sv/vaksine/koronavaksinasjonsprogrammet/koronavaksinasjonsstatistikk/,51067,51057,10
Norway,2021-01-16,"Moderna, Pfizer/BioNTech",https://www.fhi.no/sv/vaksine/koronavaksinasjonsprogrammet/koronavaksinasjonsstatistikk/,51853,51843,10
Norway,2021-01-17,"Moderna, Pfizer/BioNTech",https://www.fhi.no/sv/vaksine/koronavaksinasjonsprogrammet/koronavaksinasjonsstatistikk/,52236,52219,17
Norway,2021-01-18,"Moderna, Pfizer/BioNTech",https://www.fhi.no/sv/vaksine/koronavaksinasjonsprogrammet/koronavaksinasjonsstatistikk/,53841,53522,319
Norway,2021-01-19,"Moderna, Pfizer/BioNTech",https://www.fhi.no/sv/vaksine/koronavaksinasjonsprogrammet/koronavaksinasjonsstatistikk/,59296,58146,1150
Norway,2021-01-20,"Moderna, Pfizer/BioNTech",https://www.fhi.no/sv/vaksine/koronavaksinasjonsprogrammet/koronavaksinasjonsstatistikk/,70110,68262,1848
Norway,2021-01-21,"Moderna, Pfizer/BioNTech",https://www.fhi.no/sv/vaksine/koronavaksinasjonsprogrammet/koronavaksinasjonsstatistikk/,78831,76809,2022
Norway,2021-01-22,"Moderna, Pfizer/BioNTech",https://www.fhi.no/sv/vaksine/koronavaksinasjonsprogrammet/koronavaksinasjonsstatistikk/,82231,80194,2037
Norway,2021-01-23,"Moderna, Pfizer/BioNTech",https://www.fhi.no/sv/vaksine/koronavaksinasjonsprogrammet/koronavaksinasjonsstatistikk/,82622,80578,2044
Norway,2021-01-24,"Moderna, Pfizer/BioNTech",https://www.fhi.no/sv/vaksine/koronavaksinasjonsprogrammet/koronavaksinasjonsstatistikk/,82702,80658,2044
Norway,2021-01-25,"Moderna, Pfizer/BioNTech",https://www.fhi.no/sv/vaksine/koronavaksinasjonsprogrammet/koronavaksinasjonsstatistikk/,83287,81232,2055
Norway,2021-01-26,"Moderna, Pfizer/BioNTech",https://www.fhi.no/sv/vaksine/koronavaksinasjonsprogrammet/koronavaksinasjonsstatistikk/,88012,83572,4440
Norway,2021-01-27,"Moderna, Pfizer/BioNTech",https://www.fhi.no/sv/vaksine/koronavaksinasjonsprogrammet/koronavaksinasjonsstatistikk/,107390,95159,12231
Norway,2021-01-28,"Moderna, Pfizer/BioNTech",https://www.fhi.no/sv/vaksine/koronavaksinasjonsprogrammet/koronavaksinasjonsstatistikk/,125025,106132,18893
Norway,2021-01-29,"Moderna, Pfizer/BioNTech",https://www.fhi.no/sv/vaksine/koronavaksinasjonsprogrammet/koronavaksinasjonsstatistikk/,131022,109996,21026
Norway,2021-01-30,"Moderna, Pfizer/BioNTech",https://www.fhi.no/sv/vaksine/koronavaksinasjonsprogrammet/koronavaksinasjonsstatistikk/,131425,110181,21244
Norway,2021-01-31,"Moderna, Pfizer/BioNTech",https://www.fhi.no/sv/vaksine/koronavaksinasjonsprogrammet/koronavaksinasjonsstatistikk/,131653,110344,21309
Norway,2021-02-01,"Moderna, Pfizer/BioNTech",https://www.fhi.no/sv/vaksine/koronavaksinasjonsprogrammet/koronavaksinasjonsstatistikk/,132221,110565,21656
Norway,2021-02-02,"Moderna, Pfizer/BioNTech",https://www.fhi.no/sv/vaksine/koronavaksinasjonsprogrammet/koronavaksinasjonsstatistikk/,141939,116953,24986
Norway,2021-02-03,"Moderna, Pfizer/BioNTech",https://www.fhi.no/sv/vaksine/koronavaksinasjonsprogrammet/koronavaksinasjonsstatistikk/,176040,142267,33773
Norway,2021-02-04,"Moderna, Pfizer/BioNTech",https://www.fhi.no/sv/vaksine/koronavaksinasjonsprogrammet/koronavaksinasjonsstatistikk/,211104,168430,42674
Norway,2021-02-05,"Moderna, Pfizer/BioNTech",https://www.fhi.no/sv/vaksine/koronavaksinasjonsprogrammet/koronavaksinasjonsstatistikk/,226901,179228,47673
Norway,2021-02-06,"Moderna, Pfizer/BioNTech",https://www.fhi.no/sv/vaksine/koronavaksinasjonsprogrammet/koronavaksinasjonsstatistikk/,228512,180070,48442
Norway,2021-02-07,"Moderna, Pfizer/BioNTech",https://www.fhi.no/sv/vaksine/koronavaksinasjonsprogrammet/koronavaksinasjonsstatistikk/,229176,180403,48773
Norway,2021-02-08,"Moderna, Pfizer/BioNTech",https://www.fhi.no/sv/vaksine/koronavaksinasjonsprogrammet/koronavaksinasjonsstatistikk/,230243,180523,49720
Norway,2021-02-09,"Moderna, Pfizer/BioNTech",https://www.fhi.no/sv/vaksine/koronavaksinasjonsprogrammet/koronavaksinasjonsstatistikk/,239286,186152,53134
Norway,2021-02-10,"Moderna, Oxford/AstraZeneca, Pfizer/BioNTech",https://www.fhi.no/sv/vaksine/koronavaksinasjonsprogrammet/koronavaksinasjonsstatistikk/,271493,209296,62197
Norway,2021-02-11,"Moderna, Oxford/AstraZeneca, Pfizer/BioNTech",https://www.fhi.no/sv/vaksine/koronavaksinasjonsprogrammet/koronavaksinasjonsstatistikk/,301470,230427,71043
Norway,2021-02-12,"Moderna, Oxford/AstraZeneca, Pfizer/BioNTech",https://www.fhi.no/sv/vaksine/koronavaksinasjonsprogrammet/koronavaksinasjonsstatistikk/,313372,238604,74768
Norway,2021-02-13,"Moderna, Oxford/AstraZeneca, Pfizer/BioNTech",https://www.fhi.no/sv/vaksine/koronavaksinasjonsprogrammet/koronavaksinasjonsstatistikk/,314630,239531,75099
Norway,2021-02-14,"Moderna, Oxford/AstraZeneca, Pfizer/BioNTech",https://www.fhi.no/sv/vaksine/koronavaksinasjonsprogrammet/koronavaksinasjonsstatistikk/,314766,239657,75109
Norway,2021-02-15,"Moderna, Oxford/AstraZeneca, Pfizer/BioNTech",https://www.fhi.no/sv/vaksine/koronavaksinasjonsprogrammet/koronavaksinasjonsstatistikk/,316392,240511,75881
Norway,2021-02-16,"Moderna, Oxford/AstraZeneca, Pfizer/BioNTech",https://www.fhi.no/sv/vaksine/koronavaksinasjonsprogrammet/koronavaksinasjonsstatistikk/,324857,246685,78172
Norway,2021-02-17,"Moderna, Oxford/AstraZeneca, Pfizer/BioNTech",https://www.fhi.no/sv/vaksine/koronavaksinasjonsprogrammet/koronavaksinasjonsstatistikk/,357462,268610,88852
Norway,2021-02-18,"Moderna, Oxford/AstraZeneca, Pfizer/BioNTech",https://www.fhi.no/sv/vaksine/koronavaksinasjonsprogrammet/koronavaksinasjonsstatistikk/,387616,287674,99942
Norway,2021-02-19,"Moderna, Oxford/AstraZeneca, Pfizer/BioNTech",https://www.fhi.no/sv/vaksine/koronavaksinasjonsprogrammet/koronavaksinasjonsstatistikk/,403322,298488,104834
Norway,2021-02-20,"Moderna, Oxford/AstraZeneca, Pfizer/BioNTech",https://www.fhi.no/sv/vaksine/koronavaksinasjonsprogrammet/koronavaksinasjonsstatistikk/,404072,299029,105043
Norway,2021-02-21,"Moderna, Oxford/AstraZeneca, Pfizer/BioNTech",https://www.fhi.no/sv/vaksine/koronavaksinasjonsprogrammet/koronavaksinasjonsstatistikk/,404303,299104,105199
Norway,2021-02-22,"Moderna, Oxford/AstraZeneca, Pfizer/BioNTech",https://www.fhi.no/sv/vaksine/koronavaksinasjonsprogrammet/koronavaksinasjonsstatistikk/,407086,301710,105376
Norway,2021-02-23,"Moderna, Oxford/AstraZeneca, Pfizer/BioNTech",https://www.fhi.no/sv/vaksine/koronavaksinasjonsprogrammet/koronavaksinasjonsstatistikk/,418531,307758,110773
Norway,2021-02-24,"Moderna, Oxford/AstraZeneca, Pfizer/BioNTech",https://www.fhi.no/sv/vaksine/koronavaksinasjonsprogrammet/koronavaksinasjonsstatistikk/,452874,318987,133887
Norway,2021-02-25,"Moderna, Oxford/AstraZeneca, Pfizer/BioNTech",https://www.fhi.no/sv/vaksine/koronavaksinasjonsprogrammet/koronavaksinasjonsstatistikk/,490747,330211,160536
Norway,2021-02-26,"Moderna, Oxford/AstraZeneca, Pfizer/BioNTech",https://www.fhi.no/sv/vaksine/koronavaksinasjonsprogrammet/koronavaksinasjonsstatistikk/,509363,338617,170746
Norway,2021-02-27,"Moderna, Oxford/AstraZeneca, Pfizer/BioNTech",https://www.fhi.no/sv/vaksine/koronavaksinasjonsprogrammet/koronavaksinasjonsstatistikk/,510118,339092,171026
Norway,2021-02-28,"Moderna, Oxford/AstraZeneca, Pfizer/BioNTech",https://www.fhi.no/sv/vaksine/koronavaksinasjonsprogrammet/koronavaksinasjonsstatistikk/,510844,339644,171200
Norway,2021-03-01,"Moderna, Oxford/AstraZeneca, Pfizer/BioNTech",https://www.fhi.no/sv/vaksine/koronavaksinasjonsprogrammet/koronavaksinasjonsstatistikk/,516987,345701,171286
Norway,2021-03-02,"Moderna, Oxford/AstraZeneca, Pfizer/BioNTech",https://www.fhi.no/sv/vaksine/koronavaksinasjonsprogrammet/koronavaksinasjonsstatistikk/,531700,356446,175254
Norway,2021-03-03,"Moderna, Oxford/AstraZeneca, Pfizer/BioNTech",https://www.fhi.no/sv/vaksine/koronavaksinasjonsprogrammet/koronavaksinasjonsstatistikk/,568444,374496,193948
Norway,2021-03-04,"Moderna, Oxford/AstraZeneca, Pfizer/BioNTech",https://www.fhi.no/sv/vaksine/koronavaksinasjonsprogrammet/koronavaksinasjonsstatistikk/,603785,390890,212895
Norway,2021-03-05,"Moderna, Oxford/AstraZeneca, Pfizer/BioNTech",https://www.fhi.no/sv/vaksine/koronavaksinasjonsprogrammet/koronavaksinasjonsstatistikk/,622609,402932,219677
Norway,2021-03-06,"Moderna, Oxford/AstraZeneca, Pfizer/BioNTech",https://www.fhi.no/sv/vaksine/koronavaksinasjonsprogrammet/koronavaksinasjonsstatistikk/,623570,403388,220182
Norway,2021-03-07,"Moderna, Oxford/AstraZeneca, Pfizer/BioNTech",https://www.fhi.no/sv/vaksine/koronavaksinasjonsprogrammet/koronavaksinasjonsstatistikk/,623740,403544,220196
Norway,2021-03-08,"Moderna, Oxford/AstraZeneca, Pfizer/BioNTech",https://www.fhi.no/sv/vaksine/koronavaksinasjonsprogrammet/koronavaksinasjonsstatistikk/,628932,408676,220256
Norway,2021-03-09,"Moderna, Oxford/AstraZeneca, Pfizer/BioNTech",https://www.fhi.no/sv/vaksine/koronavaksinasjonsprogrammet/koronavaksinasjonsstatistikk/,646122,421484,224638
Norway,2021-03-10,"Moderna, Oxford/AstraZeneca, Pfizer/BioNTech",https://www.fhi.no/sv/vaksine/koronavaksinasjonsprogrammet/koronavaksinasjonsstatistikk/,685323,442874,242449
Norway,2021-03-11,"Moderna, Pfizer/BioNTech",https://www.fhi.no/sv/vaksine/koronavaksinasjonsprogrammet/koronavaksinasjonsstatistikk/,714674,454932,259742
Norway,2021-03-12,"Moderna, Pfizer/BioNTech",https://www.fhi.no/sv/vaksine/koronavaksinasjonsprogrammet/koronavaksinasjonsstatistikk/,725642,457337,268305
Norway,2021-03-13,"Moderna, Pfizer/BioNTech",https://www.fhi.no/sv/vaksine/koronavaksinasjonsprogrammet/koronavaksinasjonsstatistikk/,726063,457434,268629
Norway,2021-03-14,"Moderna, Pfizer/BioNTech",https://www.fhi.no/sv/vaksine/koronavaksinasjonsprogrammet/koronavaksinasjonsstatistikk/,726228,457469,268759
Norway,2021-03-15,"Moderna, Pfizer/BioNTech",https://www.fhi.no/sv/vaksine/koronavaksinasjonsprogrammet/koronavaksinasjonsstatistikk/,726844,457623,269221
Norway,2021-03-16,"Moderna, Pfizer/BioNTech",https://www.fhi.no/sv/vaksine/koronavaksinasjonsprogrammet/koronavaksinasjonsstatistikk/,733483,463500,269983
Norway,2021-03-17,"Moderna, Pfizer/BioNTech",https://www.fhi.no/sv/vaksine/koronavaksinasjonsprogrammet/koronavaksinasjonsstatistikk/,758873,486975,271898
Norway,2021-03-18,"Moderna, Pfizer/BioNTech",https://www.fhi.no/sv/vaksine/koronavaksinasjonsprogrammet/koronavaksinasjonsstatistikk/,781772,508273,273499
Norway,2021-03-19,"Moderna, Pfizer/BioNTech",https://www.fhi.no/sv/vaksine/koronavaksinasjonsprogrammet/koronavaksinasjonsstatistikk/,789777,515227,274550
Norway,2021-03-20,"Moderna, Pfizer/BioNTech",https://www.fhi.no/sv/vaksine/koronavaksinasjonsprogrammet/koronavaksinasjonsstatistikk/,790367,515782,274585
Norway,2021-03-21,"Moderna, Pfizer/BioNTech",https://www.fhi.no/sv/vaksine/koronavaksinasjonsprogrammet/koronavaksinasjonsstatistikk/,790689,516025,274664
Norway,2021-03-22,"Moderna, Pfizer/BioNTech",https://www.fhi.no/sv/vaksine/koronavaksinasjonsprogrammet/koronavaksinasjonsstatistikk/,792419,517642,274777
Norway,2021-03-23,"Moderna, Pfizer/BioNTech",https://www.fhi.no/sv/vaksine/koronavaksinasjonsprogrammet/koronavaksinasjonsstatistikk/,806790,530974,275816
Norway,2021-03-24,"Moderna, Pfizer/BioNTech",https://www.fhi.no/sv/vaksine/koronavaksinasjonsprogrammet/koronavaksinasjonsstatistikk/,850264,570503,279761
Norway,2021-03-25,"Moderna, Pfizer/BioNTech",https://www.fhi.no/sv/vaksine/koronavaksinasjonsprogrammet/koronavaksinasjonsstatistikk/,891992,609648,282344
Norway,2021-03-26,"Moderna, Pfizer/BioNTech",https://www.fhi.no/sv/vaksine/koronavaksinasjonsprogrammet/koronavaksinasjonsstatistikk/,910816,627223,283593
Norway,2021-03-27,"Moderna, Pfizer/BioNTech",https://www.fhi.no/sv/vaksine/koronavaksinasjonsprogrammet/koronavaksinasjonsstatistikk/,911649,628027,283622
Norway,2021-03-28,"Moderna, Pfizer/BioNTech",https://www.fhi.no/sv/vaksine/koronavaksinasjonsprogrammet/koronavaksinasjonsstatistikk/,912053,628403,283650
Norway,2021-03-29,"Moderna, Pfizer/BioNTech",https://www.fhi.no/sv/vaksine/koronavaksinasjonsprogrammet/koronavaksinasjonsstatistikk/,917077,633283,283794
Norway,2021-03-30,"Moderna, Pfizer/BioNTech",https://www.fhi.no/sv/vaksine/koronavaksinasjonsprogrammet/koronavaksinasjonsstatistikk/,954182,665913,288269
Norway,2021-03-31,"Moderna, Pfizer/BioNTech",https://www.fhi.no/sv/vaksine/koronavaksinasjonsprogrammet/koronavaksinasjonsstatistikk/,999306,703176,296130
Norway,2021-04-01,"Moderna, Pfizer/BioNTech",https://www.fhi.no/sv/vaksine/koronavaksinasjonsprogrammet/koronavaksinasjonsstatistikk/,1010477,712796,297681
Norway,2021-04-02,"Moderna, Pfizer/BioNTech",https://www.fhi.no/sv/vaksine/koronavaksinasjonsprogrammet/koronavaksinasjonsstatistikk/,1015665,717229,298436
Norway,2021-04-03,"Moderna, Pfizer/BioNTech",https://www.fhi.no/sv/vaksine/koronavaksinasjonsprogrammet/koronavaksinasjonsstatistikk/,1016022,717557,298465
Norway,2021-04-04,"Moderna, Pfizer/BioNTech",https://www.fhi.no/sv/vaksine/koronavaksinasjonsprogrammet/koronavaksinasjonsstatistikk/,1016515,717993,298522
Norway,2021-04-05,"Moderna, Pfizer/BioNTech",https://www.fhi.no/sv/vaksine/koronavaksinasjonsprogrammet/koronavaksinasjonsstatistikk/,1018075,719437,298638
Norway,2021-04-06,"Moderna, Pfizer/BioNTech",https://www.fhi.no/sv/vaksine/koronavaksinasjonsprogrammet/koronavaksinasjonsstatistikk/,1039749,738407,301342
Norway,2021-04-07,"Moderna, Pfizer/BioNTech",https://www.fhi.no/sv/vaksine/koronavaksinasjonsprogrammet/koronavaksinasjonsstatistikk/,1102780,797646,305134
Norway,2021-04-08,"Moderna, Pfizer/BioNTech",https://www.fhi.no/sv/vaksine/koronavaksinasjonsprogrammet/koronavaksinasjonsstatistikk/,1164968,855588,309380
Norway,2021-04-09,"Moderna, Pfizer/BioNTech",https://www.fhi.no/sv/vaksine/koronavaksinasjonsprogrammet/koronavaksinasjonsstatistikk/,1193391,883288,310103
Norway,2021-04-10,"Moderna, Pfizer/BioNTech",https://www.fhi.no/sv/vaksine/koronavaksinasjonsprogrammet/koronavaksinasjonsstatistikk/,1194645,884455,310190
Norway,2021-04-11,"Moderna, Pfizer/BioNTech",https://www.fhi.no/sv/vaksine/koronavaksinasjonsprogrammet/koronavaksinasjonsstatistikk/,1195274,885045,310229
Norway,2021-04-12,"Moderna, Pfizer/BioNTech",https://www.fhi.no/sv/vaksine/koronavaksinasjonsprogrammet/koronavaksinasjonsstatistikk/,1199200,888839,310361
Norway,2021-04-13,"Moderna, Pfizer/BioNTech",https://www.fhi.no/sv/vaksine/koronavaksinasjonsprogrammet/koronavaksinasjonsstatistikk/,1225532,914702,310830
Norway,2021-04-14,"Moderna, Pfizer/BioNTech",https://www.fhi.no/sv/vaksine/koronavaksinasjonsprogrammet/koronavaksinasjonsstatistikk/,1294885,982538,312347
Norway,2021-04-15,"Moderna, Pfizer/BioNTech",https://www.fhi.no/sv/vaksine/koronavaksinasjonsprogrammet/koronavaksinasjonsstatistikk/,1362105,1048446,313659
Norway,2021-04-16,"Moderna, Pfizer/BioNTech",https://www.fhi.no/sv/vaksine/koronavaksinasjonsprogrammet/koronavaksinasjonsstatistikk/,1392320,1077726,314594
Norway,2021-04-17,"Moderna, Pfizer/BioNTech",https://www.fhi.no/sv/vaksine/koronavaksinasjonsprogrammet/koronavaksinasjonsstatistikk/,1394565,1079782,314783
Norway,2021-04-18,"Moderna, Pfizer/BioNTech",https://www.fhi.no/sv/vaksine/koronavaksinasjonsprogrammet/koronavaksinasjonsstatistikk/,1395924,1081105,314819
Norway,2021-04-19,"Moderna, Pfizer/BioNTech",https://www.fhi.no/sv/vaksine/koronavaksinasjonsprogrammet/koronavaksinasjonsstatistikk/,1402708,1087653,315055
Norway,2021-04-20,"Moderna, Pfizer/BioNTech",https://www.fhi.no/sv/vaksine/koronavaksinasjonsprogrammet/koronavaksinasjonsstatistikk/,1423430,1107469,315961
Norway,2021-04-21,"Moderna, Pfizer/BioNTech",https://www.fhi.no/sv/vaksine/koronavaksinasjonsprogrammet/koronavaksinasjonsstatistikk/,1486118,1167128,318990
Norway,2021-04-22,"Moderna, Pfizer/BioNTech",https://www.fhi.no/sv/vaksine/koronavaksinasjonsprogrammet/koronavaksinasjonsstatistikk/,1540099,1218561,321538
Norway,2021-04-23,"Moderna, Pfizer/BioNTech",https://www.fhi.no/sv/vaksine/koronavaksinasjonsprogrammet/koronavaksinasjonsstatistikk/,1560079,1237110,322969
Norway,2021-04-24,"Moderna, Pfizer/BioNTech",https://www.fhi.no/sv/vaksine/koronavaksinasjonsprogrammet/koronavaksinasjonsstatistikk/,1560609,1237547,323062
Norway,2021-04-25,"Moderna, Pfizer/BioNTech",https://www.fhi.no/sv/vaksine/koronavaksinasjonsprogrammet/koronavaksinasjonsstatistikk/,1560977,1237880,323097
Norway,2021-04-26,"Moderna, Pfizer/BioNTech",https://www.fhi.no/sv/vaksine/koronavaksinasjonsprogrammet/koronavaksinasjonsstatistikk/,1563916,1240254,323662
Norway,2021-04-27,"Moderna, Pfizer/BioNTech",https://www.fhi.no/sv/vaksine/koronavaksinasjonsprogrammet/koronavaksinasjonsstatistikk/,1589600,1259846,329754
Norway,2021-04-28,"Moderna, Pfizer/BioNTech",https://www.fhi.no/sv/vaksine/koronavaksinasjonsprogrammet/koronavaksinasjonsstatistikk/,1673572,1318821,354751
Norway,2021-04-29,"Moderna, Pfizer/BioNTech",https://www.fhi.no/sv/vaksine/koronavaksinasjonsprogrammet/koronavaksinasjonsstatistikk/,1749235,1373275,375960
Norway,2021-04-30,"Moderna, Pfizer/BioNTech",https://www.fhi.no/sv/vaksine/koronavaksinasjonsprogrammet/koronavaksinasjonsstatistikk/,1783225,1398972,384253
Norway,2021-05-01,"Moderna, Pfizer/BioNTech",https://www.fhi.no/sv/vaksine/koronavaksinasjonsprogrammet/koronavaksinasjonsstatistikk/,1785132,1400525,384607
Norway,2021-05-02,"Moderna, Pfizer/BioNTech",https://www.fhi.no/sv/vaksine/koronavaksinasjonsprogrammet/koronavaksinasjonsstatistikk/,1786470,1401571,384899
Norway,2021-05-03,"Moderna, Pfizer/BioNTech",https://www.fhi.no/sv/vaksine/koronavaksinasjonsprogrammet/koronavaksinasjonsstatistikk/,1791110,1404716,386394
Norway,2021-05-04,"Moderna, Pfizer/BioNTech",https://www.fhi.no/sv/vaksine/koronavaksinasjonsprogrammet/koronavaksinasjonsstatistikk/,1813600,1414978,398622
Norway,2021-05-05,"Moderna, Pfizer/BioNTech",https://www.fhi.no/sv/vaksine/koronavaksinasjonsprogrammet/koronavaksinasjonsstatistikk/,1893179,1455769,437410
Norway,2021-05-06,"Moderna, Pfizer/BioNTech",https://www.fhi.no/sv/vaksine/koronavaksinasjonsprogrammet/koronavaksinasjonsstatistikk/,1964498,1490978,473520
Norway,2021-05-07,"Moderna, Pfizer/BioNTech",https://www.fhi.no/sv/vaksine/koronavaksinasjonsprogrammet/koronavaksinasjonsstatistikk/,1996267,1506413,489854
Norway,2021-05-08,"Moderna, Pfizer/BioNTech",https://www.fhi.no/sv/vaksine/koronavaksinasjonsprogrammet/koronavaksinasjonsstatistikk/,1997431,1506957,490474
Norway,2021-05-09,"Moderna, Pfizer/BioNTech",https://www.fhi.no/sv/vaksine/koronavaksinasjonsprogrammet/koronavaksinasjonsstatistikk/,1998091,1507238,490853
Norway,2021-05-10,"Moderna, Pfizer/BioNTech",https://www.fhi.no/sv/vaksine/koronavaksinasjonsprogrammet/koronavaksinasjonsstatistikk/,2007049,1509657,497392
Norway,2021-05-11,"Moderna, Pfizer/BioNTech",https://www.fhi.no/sv/vaksine/koronavaksinasjonsprogrammet/koronavaksinasjonsstatistikk/,2056753,1527685,529068
Norway,2021-05-12,"Moderna, Pfizer/BioNTech",https://www.fhi.no/sv/vaksine/koronavaksinasjonsprogrammet/koronavaksinasjonsstatistikk/,2152595,1569955,582640
Norway,2021-05-13,"Moderna, Pfizer/BioNTech",https://www.fhi.no/sv/vaksine/koronavaksinasjonsprogrammet/koronavaksinasjonsstatistikk/,2174176,1582753,591423
Norway,2021-05-14,"Moderna, Pfizer/BioNTech",https://www.fhi.no/sv/vaksine/koronavaksinasjonsprogrammet/koronavaksinasjonsstatistikk/,2193661,1593873,599788
Norway,2021-05-15,"Moderna, Pfizer/BioNTech",https://www.fhi.no/sv/vaksine/koronavaksinasjonsprogrammet/koronavaksinasjonsstatistikk/,2196400,1595827,600573
Norway,2021-05-16,"Moderna, Pfizer/BioNTech",https://www.fhi.no/sv/vaksine/koronavaksinasjonsprogrammet/koronavaksinasjonsstatistikk/,2198777,1597122,601655
Norway,2021-05-17,"Moderna, Pfizer/BioNTech",https://www.fhi.no/sv/vaksine/koronavaksinasjonsprogrammet/koronavaksinasjonsstatistikk/,2199410,1597323,602087
Norway,2021-05-18,"Moderna, Pfizer/BioNTech",https://www.fhi.no/sv/vaksine/koronavaksinasjonsprogrammet/koronavaksinasjonsstatistikk/,2227741,1601897,625844
Norway,2021-05-19,"Moderna, Pfizer/BioNTech",https://www.fhi.no/sv/vaksine/koronavaksinasjonsprogrammet/koronavaksinasjonsstatistikk/,2308359,1610116,698243
Norway,2021-05-20,"Moderna, Pfizer/BioNTech",https://www.fhi.no/sv/vaksine/koronavaksinasjonsprogrammet/koronavaksinasjonsstatistikk/,2386035,1618921,767114
Norway,2021-05-21,"Moderna, Pfizer/BioNTech",https://www.fhi.no/sv/vaksine/koronavaksinasjonsprogrammet/koronavaksinasjonsstatistikk/,2422301,1623938,798363
Norway,2021-05-22,"Moderna, Pfizer/BioNTech",https://www.fhi.no/sv/vaksine/koronavaksinasjonsprogrammet/koronavaksinasjonsstatistikk/,2424668,1625260,799408
Norway,2021-05-23,"Moderna, Pfizer/BioNTech",https://www.fhi.no/sv/vaksine/koronavaksinasjonsprogrammet/koronavaksinasjonsstatistikk/,2425915,1626091,799824
Norway,2021-05-24,"Moderna, Pfizer/BioNTech",https://www.fhi.no/sv/vaksine/koronavaksinasjonsprogrammet/koronavaksinasjonsstatistikk/,2429321,1626943,802378
Norway,2021-05-25,"Moderna, Pfizer/BioNTech",https://www.fhi.no/sv/vaksine/koronavaksinasjonsprogrammet/koronavaksinasjonsstatistikk/,2462589,1631038,831551
Norway,2021-05-26,"Moderna, Pfizer/BioNTech",https://www.fhi.no/sv/vaksine/koronavaksinasjonsprogrammet/koronavaksinasjonsstatistikk/,2556353,1640818,915535
Norway,2021-05-27,"Moderna, Pfizer/BioNTech",https://www.fhi.no/sv/vaksine/koronavaksinasjonsprogrammet/koronavaksinasjonsstatistikk/,2640097,1650362,989735
Norway,2021-05-28,"Moderna, Pfizer/BioNTech",https://www.fhi.no/sv/vaksine/koronavaksinasjonsprogrammet/koronavaksinasjonsstatistikk/,2677190,1655411,1021779
Norway,2021-05-29,"Moderna, Pfizer/BioNTech",https://www.fhi.no/sv/vaksine/koronavaksinasjonsprogrammet/koronavaksinasjonsstatistikk/,2679943,1656056,1023887
Norway,2021-05-30,"Moderna, Pfizer/BioNTech",https://www.fhi.no/sv/vaksine/koronavaksinasjonsprogrammet/koronavaksinasjonsstatistikk/,2681710,1656206,1025504
Norway,2021-05-31,"Moderna, Pfizer/BioNTech",https://www.fhi.no/sv/vaksine/koronavaksinasjonsprogrammet/koronavaksinasjonsstatistikk/,2691460,1659350,1032110
Norway,2021-06-01,"Moderna, Pfizer/BioNTech",https://www.fhi.no/sv/vaksine/koronavaksinasjonsprogrammet/koronavaksinasjonsstatistikk/,2733480,1678202,1055278
Norway,2021-06-02,"Moderna, Pfizer/BioNTech",https://www.fhi.no/sv/vaksine/koronavaksinasjonsprogrammet/koronavaksinasjonsstatistikk/,2856860,1731303,1125557
Norway,2021-06-03,"Moderna, Pfizer/BioNTech",https://www.fhi.no/sv/vaksine/koronavaksinasjonsprogrammet/koronavaksinasjonsstatistikk/,2970699,1786497,1184202
Norway,2021-06-04,"Moderna, Pfizer/BioNTech",https://www.fhi.no/sv/vaksine/koronavaksinasjonsprogrammet/koronavaksinasjonsstatistikk/,3021946,1818138,1203808
Norway,2021-06-05,"Moderna, Pfizer/BioNTech",https://www.fhi.no/sv/vaksine/koronavaksinasjonsprogrammet/koronavaksinasjonsstatistikk/,3026374,1821852,1204522
Norway,2021-06-06,"Moderna, Pfizer/BioNTech",https://www.fhi.no/sv/vaksine/koronavaksinasjonsprogrammet/koronavaksinasjonsstatistikk/,3029728,1824872,1204856
Norway,2021-06-07,"Moderna, Pfizer/BioNTech",https://www.fhi.no/sv/vaksine/koronavaksinasjonsprogrammet/koronavaksinasjonsstatistikk/,3048282,1840533,1207749
Norway,2021-06-08,"Moderna, Pfizer/BioNTech",https://www.fhi.no/sv/vaksine/koronavaksinasjonsprogrammet/koronavaksinasjonsstatistikk/,3094863,1867751,1227112
Norway,2021-06-09,"Moderna, Pfizer/BioNTech",https://www.fhi.no/sv/vaksine/koronavaksinasjonsprogrammet/koronavaksinasjonsstatistikk/,3195651,1908004,1287647
Norway,2021-06-10,"Moderna, Pfizer/BioNTech",https://www.fhi.no/sv/vaksine/koronavaksinasjonsprogrammet/koronavaksinasjonsstatistikk/,3290919,1947879,1343040
Norway,2021-06-11,"Moderna, Pfizer/BioNTech",https://www.fhi.no/sv/vaksine/koronavaksinasjonsprogrammet/koronavaksinasjonsstatistikk/,3333506,1969517,1363989
Norway,2021-06-12,"Moderna, Pfizer/BioNTech",https://www.fhi.no/sv/vaksine/koronavaksinasjonsprogrammet/koronavaksinasjonsstatistikk/,3337445,1972622,1364823
Norway,2021-06-13,"Moderna, Pfizer/BioNTech",https://www.fhi.no/sv/vaksine/koronavaksinasjonsprogrammet/koronavaksinasjonsstatistikk/,3340361,1974867,1365494
Norway,2021-06-14,"Moderna, Pfizer/BioNTech",https://www.fhi.no/sv/vaksine/koronavaksinasjonsprogrammet/koronavaksinasjonsstatistikk/,3362436,1994373,1368063
Norway,2021-06-15,"Moderna, Pfizer/BioNTech",https://www.fhi.no/sv/vaksine/koronavaksinasjonsprogrammet/koronavaksinasjonsstatistikk/,3402057,2023475,1378582
Norway,2021-06-16,"Moderna, Pfizer/BioNTech",https://www.fhi.no/sv/vaksine/koronavaksinasjonsprogrammet/koronavaksinasjonsstatistikk/,3507728,2088063,1419665
Norway,2021-06-17,"Moderna, Pfizer/BioNTech",https://www.fhi.no/sv/vaksine/koronavaksinasjonsprogrammet/koronavaksinasjonsstatistikk/,3599866,2147568,1452298
Norway,2021-06-18,"Moderna, Pfizer/BioNTech",https://www.fhi.no/sv/vaksine/koronavaksinasjonsprogrammet/koronavaksinasjonsstatistikk/,3643939,2179327,1464612
Norway,2021-06-19,"Moderna, Pfizer/BioNTech",https://www.fhi.no/sv/vaksine/koronavaksinasjonsprogrammet/koronavaksinasjonsstatistikk/,3650873,2185586,1465287
Norway,2021-06-20,"Moderna, Pfizer/BioNTech",https://www.fhi.no/sv/vaksine/koronavaksinasjonsprogrammet/koronavaksinasjonsstatistikk/,3655317,2189936,1465381
Norway,2021-06-21,"Moderna, Pfizer/BioNTech",https://www.fhi.no/sv/vaksine/koronavaksinasjonsprogrammet/koronavaksinasjonsstatistikk/,3675602,2207507,1468095
Norway,2021-06-22,"Moderna, Pfizer/BioNTech",https://www.fhi.no/sv/vaksine/koronavaksinasjonsprogrammet/koronavaksinasjonsstatistikk/,3725784,2244542,1481242
Norway,2021-06-23,"Moderna, Pfizer/BioNTech",https://www.fhi.no/sv/vaksine/koronavaksinasjonsprogrammet/koronavaksinasjonsstatistikk/,3835651,2322351,1513300
Norway,2021-06-24,"Moderna, Pfizer/BioNTech",https://www.fhi.no/sv/vaksine/koronavaksinasjonsprogrammet/koronavaksinasjonsstatistikk/,3948528,2413443,1535085
Norway,2021-06-25,"Moderna, Pfizer/BioNTech",https://www.fhi.no/sv/vaksine/koronavaksinasjonsprogrammet/koronavaksinasjonsstatistikk/,4002437,2458007,1544430
Norway,2021-06-26,"Moderna, Pfizer/BioNTech",https://www.fhi.no/sv/vaksine/koronavaksinasjonsprogrammet/koronavaksinasjonsstatistikk/,4012565,2466507,1546058
Norway,2021-06-27,"Moderna, Pfizer/BioNTech",https://www.fhi.no/sv/vaksine/koronavaksinasjonsprogrammet/koronavaksinasjonsstatistikk/,4018246,2470962,1547284
Norway,2021-06-28,"Moderna, Pfizer/BioNTech",https://www.fhi.no/sv/vaksine/koronavaksinasjonsprogrammet/koronavaksinasjonsstatistikk/,4051134,2502691,1548443
Norway,2021-06-29,"Moderna, Pfizer/BioNTech",https://www.fhi.no/sv/vaksine/koronavaksinasjonsprogrammet/koronavaksinasjonsstatistikk/,4101938,2550290,1551648
Norway,2021-06-30,"Moderna, Pfizer/BioNTech",https://www.fhi.no/sv/vaksine/koronavaksinasjonsprogrammet/koronavaksinasjonsstatistikk/,4212469,2654336,1558133
Norway,2021-07-01,"Moderna, Pfizer/BioNTech",https://www.fhi.no/sv/vaksine/koronavaksinasjonsprogrammet/koronavaksinasjonsstatistikk/,4321675,2755794,1565881
Norway,2021-07-02,"Moderna, Pfizer/BioNTech",https://www.fhi.no/sv/vaksine/koronavaksinasjonsprogrammet/koronavaksinasjonsstatistikk/,4374948,2806035,1568913
Norway,2021-07-03,"Moderna, Pfizer/BioNTech",https://www.fhi.no/sv/vaksine/koronavaksinasjonsprogrammet/koronavaksinasjonsstatistikk/,4384447,2815021,1569426
Norway,2021-07-04,"Moderna, Pfizer/BioNTech",https://www.fhi.no/sv/vaksine/koronavaksinasjonsprogrammet/koronavaksinasjonsstatistikk/,4390786,2820917,1569869
Norway,2021-07-05,"Moderna, Pfizer/BioNTech",https://www.fhi.no/sv/vaksine/koronavaksinasjonsprogrammet/koronavaksinasjonsstatistikk/,4417566,2847175,1570391
Norway,2021-07-06,"Moderna, Pfizer/BioNTech",https://www.fhi.no/sv/vaksine/koronavaksinasjonsprogrammet/koronavaksinasjonsstatistikk/,4461989,2888406,1573583
Norway,2021-07-07,"Moderna, Pfizer/BioNTech",https://www.fhi.no/sv/vaksine/koronavaksinasjonsprogrammet/koronavaksinasjonsstatistikk/,4546155,2964248,1581907
Norway,2021-07-08,"Moderna, Pfizer/BioNTech",https://www.fhi.no/sv/vaksine/koronavaksinasjonsprogrammet/koronavaksinasjonsstatistikk/,4617380,3027057,1590323
