location,date,vaccine,source_url,total_vaccinations,people_vaccinated,people_fully_vaccinated
Palestine,2021-03-30,"Moderna, Oxford/AstraZeneca, Pfizer/BioNTech",https://corona.ps/details,81942,73964,7978
Palestine,2021-03-31,"Moderna, Oxford/AstraZeneca, Pfizer/BioNTech",https://corona.ps/details,87066,78379,8687
Palestine,2021-04-01,"Moderna, Oxford/AstraZeneca, Pfizer/BioNTech",https://corona.ps/details,93217,83822,9395
Palestine,2021-04-03,"Moderna, Oxford/AstraZeneca, Pfizer/BioNTech",https://corona.ps/details,100386,90204,10182
Palestine,2021-04-04,"Moderna, Oxford/AstraZeneca, Pfizer/BioNTech",https://corona.ps/details,102755,91626,11129
Palestine,2021-04-05,"Moderna, Oxford/AstraZeneca, Pfizer/BioNTech",https://www.facebook.com/mohps/posts/3694870203972164,111880,100552,11328
Palestine,2021-04-06,"Moderna, Oxford/AstraZeneca, Pfizer/BioNTech",https://www.facebook.com/mohps/posts/3698018596990658,121326,109894,11432
Palestine,2021-04-07,"Moderna, Oxford/AstraZeneca, Pfizer/BioNTech",https://www.facebook.com/mohps/posts/3700658936726624,132392,120772,11620
Palestine,2021-04-08,"Moderna, Oxford/AstraZeneca, Pfizer/BioNTech",https://www.facebook.com/mohps/posts/3703463519779499,143142,131394,11748
Palestine,2021-04-09,"Moderna, Oxford/AstraZeneca, Pfizer/BioNTech",https://www.facebook.com/mohps/posts/3706354476157070,152503,140032,12471
Palestine,2021-04-10,"Moderna, Oxford/AstraZeneca, Pfizer/BioNTech",https://www.facebook.com/mohps/posts/3709096285882889,152952,140481,12471
Palestine,2021-04-11,"Moderna, Oxford/AstraZeneca, Pfizer/BioNTech",https://www.facebook.com/mohps/posts/3712102662248918,154099,140932,13167
Palestine,2021-04-12,"Moderna, Oxford/AstraZeneca, Pfizer/BioNTech",https://www.facebook.com/mohps/posts/3715053128620538,161660,146986,14674
Palestine,2021-04-13,"Moderna, Oxford/AstraZeneca, Pfizer/BioNTech",https://www.facebook.com/mohps/posts/3717815845010933,168682,151022,17660
Palestine,2021-04-14,"Moderna, Oxford/AstraZeneca, Pfizer/BioNTech",https://www.facebook.com/mohps/posts/3720544088071442,173851,153911,19940
Palestine,2021-04-15,"Moderna, Oxford/AstraZeneca, Pfizer/BioNTech",https://www.facebook.com/mohps/posts/3723439817781869,177865,156446,21419
Palestine,2021-04-16,"Moderna, Oxford/AstraZeneca, Pfizer/BioNTech",https://www.facebook.com/mohps/posts/3726351794157338,182867,159754,23113
Palestine,2021-04-17,"Moderna, Oxford/AstraZeneca, Pfizer/BioNTech",https://www.facebook.com/mohps/posts/3729132597212591,182867,159754,23113
Palestine,2021-04-18,"Moderna, Oxford/AstraZeneca, Pfizer/BioNTech",https://www.facebook.com/mohps/posts/3731629976962853,183606,159976,23630
Palestine,2021-04-19,"Moderna, Oxford/AstraZeneca, Pfizer/BioNTech",https://www.facebook.com/mohps/posts/3734524433340074,192315,166849,25466
Palestine,2021-04-21,"Moderna, Oxford/AstraZeneca, Pfizer/BioNTech",https://www.facebook.com/mohps/posts/3739979709461213,202279,167549,34730
Palestine,2021-04-22,"Moderna, Oxford/AstraZeneca, Pfizer/BioNTech",https://www.facebook.com/mohps/posts/3742604645865386,206354,167711,38643
Palestine,2021-04-23,"Moderna, Oxford/AstraZeneca, Pfizer/BioNTech",https://www.facebook.com/mohps/posts/3745411515584699,213238,169856,43382
Palestine,2021-04-24,"Moderna, Oxford/AstraZeneca, Pfizer/BioNTech",https://www.facebook.com/mohps/posts/3748217811970736,213493,169960,43533
Palestine,2021-05-05,"Moderna, Oxford/AstraZeneca, Pfizer/BioNTech",https://www.facebook.com/mohps/posts/3778460978946419,453523,261322,192201
Palestine,2021-05-12,"Moderna, Oxford/AstraZeneca, Pfizer/BioNTech",https://www.facebook.com/mohps/posts/3799508976841619,466723,271530,195193
Palestine,2021-05-14,"Moderna, Oxford/AstraZeneca, Pfizer/BioNTech",https://www.facebook.com/mohps/posts/3805513766241140,466814,271607,195207
Palestine,2021-05-16,"Moderna, Oxford/AstraZeneca, Pfizer/BioNTech",https://www.facebook.com/mohps/posts/3811524255640091,467133,271828,195305
Palestine,2021-05-17,"Moderna, Oxford/AstraZeneca, Pfizer/BioNTech",https://www.facebook.com/mohps/posts/3814246502034533,469113,273438,195675
Palestine,2021-05-18,"Moderna, Oxford/AstraZeneca, Pfizer/BioNTech",https://www.facebook.com/mohps/posts/3817032321755951,471417,275305,196112
Palestine,2021-05-19,"Moderna, Oxford/AstraZeneca, Pfizer/BioNTech",https://www.facebook.com/mohps/posts/3820088274783689,472617,276464,196153
Palestine,2021-05-20,"Moderna, Oxford/AstraZeneca, Pfizer/BioNTech",https://www.facebook.com/mohps/posts/3822951787830671,475965,279505,196460
Palestine,2021-05-26,"Moderna, Oxford/AstraZeneca, Pfizer/BioNTech",https://www.facebook.com/mohps/posts/3840581662734350,489698,293238,196460
Palestine,2021-05-27,"Moderna, Oxford/AstraZeneca, Pfizer/BioNTech",https://www.facebook.com/mohps/posts/3843845675741282,508046,296172,211874
Palestine,2021-05-29,"Moderna, Oxford/AstraZeneca, Pfizer/BioNTech",https://www.facebook.com/mohps/posts/3849533061839210,522096,304889,217207
Palestine,2021-05-31,"Moderna, Oxford/AstraZeneca, Pfizer/BioNTech",https://www.facebook.com/mohps/posts/3855354821257034,540908,318134,222774
Palestine,2021-06-01,"Moderna, Oxford/AstraZeneca, Pfizer/BioNTech",https://www.facebook.com/mohps/posts/3858119417647241,556060,330154,225906
Palestine,2021-06-02,"Moderna, Oxford/AstraZeneca, Pfizer/BioNTech",https://www.facebook.com/mohps/posts/3860849357374247,572343,344260,228083
Palestine,2021-06-03,"Moderna, Oxford/AstraZeneca, Pfizer/BioNTech",https://www.facebook.com/mohps/posts/3863880933737756,590487,359349,231138
Palestine,2021-06-04,"Moderna, Oxford/AstraZeneca, Pfizer/BioNTech",https://www.facebook.com/mohps/posts/3866843773441472,607122,372827,234295
Palestine,2021-06-05,"Moderna, Oxford/AstraZeneca, Pfizer/BioNTech",https://www.facebook.com/mohps/posts/3869372203188629,607832,373478,234354
Palestine,2021-06-12,"Moderna, Oxford/AstraZeneca, Pfizer/BioNTech",https://www.facebook.com/mohps/posts/3888390634620119,657697,408606,249091
Palestine,2021-06-13,"Moderna, Oxford/AstraZeneca, Pfizer/BioNTech",https://www.facebook.com/mohps/posts/3891022704356912,658075,408803,249272
Palestine,2021-06-14,"Moderna, Oxford/AstraZeneca, Pfizer/BioNTech",https://www.facebook.com/mohps/posts/3893483744110808,666170,412566,253604
Palestine,2021-06-16,"Moderna, Oxford/AstraZeneca, Pfizer/BioNTech",https://www.facebook.com/mohps/posts/3898802633578919,685750,426897,258853
Palestine,2021-06-19,"Moderna, Oxford/AstraZeneca, Pfizer/BioNTech",https://www.facebook.com/mohps/posts/3906688689456980,716393,445598,270795
Palestine,2021-06-21,"Moderna, Oxford/AstraZeneca, Pfizer/BioNTech",https://www.facebook.com/mohps/posts/3911789072280275,737603,454006,283597
Palestine,2021-06-22,"Moderna, Oxford/AstraZeneca, Pfizer/BioNTech",https://www.facebook.com/mohps/posts/3914373432021839,757974,461162,296812
Palestine,2021-06-23,"Moderna, Oxford/AstraZeneca, Pfizer/BioNTech",https://www.facebook.com/mohps/posts/3917190055073510,778908,467225,311683
Palestine,2021-06-24,"Moderna, Oxford/AstraZeneca, Pfizer/BioNTech",https://www.facebook.com/mohps/posts/3920118901447292,800561,474341,326220
Palestine,2021-06-25,"Moderna, Oxford/AstraZeneca, Pfizer/BioNTech",https://www.facebook.com/mohps/posts/3922859171173265,820474,481392,339082
Palestine,2021-06-26,"Moderna, Oxford/AstraZeneca, Pfizer/BioNTech",https://www.facebook.com/mohps/posts/3925353540923828,822216,481915,340301
Palestine,2021-06-27,"Moderna, Oxford/AstraZeneca, Pfizer/BioNTech",https://www.facebook.com/mohps/posts/3927909040668278,824170,482695,341475
Palestine,2021-06-28,"Moderna, Oxford/AstraZeneca, Pfizer/BioNTech",https://www.facebook.com/mohps/posts/3930643570394825,841569,490082,351487
Palestine,2021-06-29,"Moderna, Oxford/AstraZeneca, Pfizer/BioNTech",https://www.facebook.com/mohps/posts/3933279223464593,856625,497232,359393
Palestine,2021-06-30,"Moderna, Oxford/AstraZeneca, Pfizer/BioNTech",https://www.facebook.com/mohps/posts/3936147666511082,868197,504027,364170
Palestine,2021-07-01,"Moderna, Oxford/AstraZeneca, Pfizer/BioNTech",https://www.facebook.com/mohps/posts/3938797992912716,878244,509712,368532
Palestine,2021-07-02,"Moderna, Oxford/AstraZeneca, Pfizer/BioNTech",https://www.facebook.com/mohps/posts/3941701915955657,887719,516013,371706
Palestine,2021-07-03,"Moderna, Oxford/AstraZeneca, Pfizer/BioNTech",https://www.facebook.com/mohps/posts/3944216225704226,887855,516068,371787
Palestine,2021-07-04,"Moderna, Oxford/AstraZeneca, Pfizer/BioNTech",https://www.facebook.com/mohps/posts/3946776572114858,888480,516404,372076
Palestine,2021-07-05,"Moderna, Oxford/AstraZeneca, Pfizer/BioNTech",https://www.facebook.com/mohps/posts/3949628678496314,899156,523223,375933
Palestine,2021-07-06,"Moderna, Oxford/AstraZeneca, Pfizer/BioNTech",https://www.facebook.com/mohps/posts/3952199238239258,907479,527888,379591
Palestine,2021-07-07,"Moderna, Oxford/AstraZeneca, Pfizer/BioNTech",https://www.facebook.com/mohps/posts/3955104051282110,914084,531648,382436
Palestine,2021-07-08,"Moderna, Oxford/AstraZeneca, Pfizer/BioNTech",https://www.facebook.com/mohps/posts/3957642047694977,921595,536130,385465
