location,date,vaccine,source_url,total_vaccinations,people_vaccinated,people_fully_vaccinated
Paraguay,2021-02-21,Sputnik V,https://www.abc.com.py/nacionales/2021/02/25/llegan-a-1000-los-trabajadores-de-salud-que-recibieron-las-vacunas-anticovid/,0,0,0
Paraguay,2021-02-22,Sputnik V,https://www.vacunate.gov.py/index-listado-vacunados.html,200,200,0
Paraguay,2021-02-23,Sputnik V,https://www.vacunate.gov.py/index-listado-vacunados.html,545,545,0
Paraguay,2021-02-24,Sputnik V,https://www.vacunate.gov.py/index-listado-vacunados.html,1000,1000,0
Paraguay,2021-02-25,Sputnik V,https://www.vacunate.gov.py/index-listado-vacunados.html,1360,1360,0
Paraguay,2021-02-26,Sputnik V,https://www.vacunate.gov.py/index-listado-vacunados.html,1520,1520,0
Paraguay,2021-03-01,Sputnik V,https://www.vacunate.gov.py/index-listado-vacunados.html,1521,1521,0
Paraguay,2021-03-02,Sputnik V,https://www.vacunate.gov.py/index-listado-vacunados.html,1631,1631,0
Paraguay,2021-03-03,Sputnik V,https://www.vacunate.gov.py/index-listado-vacunados.html,1698,1696,2
Paraguay,2021-03-04,Sputnik V,https://www.vacunate.gov.py/index-listado-vacunados.html,1728,1726,2
Paraguay,2021-03-05,Sputnik V,https://www.vacunate.gov.py/index-listado-vacunados.html,1778,1776,2
Paraguay,2021-03-06,Sputnik V,https://www.vacunate.gov.py/index-listado-vacunados.html,1779,1777,2
Paraguay,2021-03-08,Sputnik V,https://www.vacunate.gov.py/index-listado-vacunados.html,1879,1877,2
Paraguay,2021-03-09,Sputnik V,https://www.vacunate.gov.py/index-listado-vacunados.html,1929,1927,2
Paraguay,2021-03-10,"Sinovac, Sputnik V",https://www.vacunate.gov.py/index-listado-vacunados.html,2890,2888,2
Paraguay,2021-03-11,"Sinovac, Sputnik V",https://www.vacunate.gov.py/index-listado-vacunados.html,4721,4719,2
Paraguay,2021-03-12,"Sinovac, Sputnik V",https://www.vacunate.gov.py/index-listado-vacunados.html,7859,7857,2
Paraguay,2021-03-13,"Sinovac, Sputnik V",https://www.vacunate.gov.py/index-listado-vacunados.html,9927,9925,2
Paraguay,2021-03-14,"Sinopharm/Beijing, Sinovac, Sputnik V",https://www.vacunate.gov.py/index-listado-vacunados.html,11662,11660,2
Paraguay,2021-03-15,"Sinopharm/Beijing, Sinovac, Sputnik V",https://www.vacunate.gov.py/index-listado-vacunados.html,12099,11947,152
Paraguay,2021-03-16,"Sinopharm/Beijing, Sinovac, Sputnik V",https://www.vacunate.gov.py/index-listado-vacunados.html,13124,12627,497
Paraguay,2021-03-17,"Sinopharm/Beijing, Sinovac, Sputnik V",https://www.vacunate.gov.py/index-listado-vacunados.html,14002,13085,917
Paraguay,2021-03-18,"Sinopharm/Beijing, Sinovac, Sputnik V",https://www.vacunate.gov.py/index-listado-vacunados.html,14540,13318,1222
Paraguay,2021-03-19,"Sinopharm/Beijing, Sinovac, Sputnik V",https://www.vacunate.gov.py/index-listado-vacunados.html,14781,13404,1377
Paraguay,2021-03-20,"Sinopharm/Beijing, Sinovac, Sputnik V",https://www.vacunate.gov.py/index-listado-vacunados.html,14786,13409,1377
Paraguay,2021-03-21,"Oxford/AstraZeneca, Sinopharm/Beijing, Sinovac, Sputnik V",https://www.vacunate.gov.py/index-listado-vacunados.html,14789,13412,1377
Paraguay,2021-03-22,"Oxford/AstraZeneca, Sinopharm/Beijing, Sinovac, Sputnik V",https://www.vacunate.gov.py/index-listado-vacunados.html,14818,13416,1402
Paraguay,2021-03-23,"Oxford/AstraZeneca, Sinopharm/Beijing, Sinovac, Sputnik V",https://www.vacunate.gov.py/index-listado-vacunados.html,19058,17550,1508
Paraguay,2021-03-24,"Oxford/AstraZeneca, Sinopharm/Beijing, Sinovac, Sputnik V",https://www.vacunate.gov.py/index-listado-vacunados.html,24811,23223,1588
Paraguay,2021-03-25,"Oxford/AstraZeneca, Sinopharm/Beijing, Sinovac, Sputnik V",https://www.vacunate.gov.py/index-listado-vacunados.html,30792,29163,1629
Paraguay,2021-03-26,"Oxford/AstraZeneca, Sinopharm/Beijing, Sinovac, Sputnik V",https://www.vacunate.gov.py/index-listado-vacunados.html,35921,34260,1661
Paraguay,2021-03-27,"Oxford/AstraZeneca, Sinopharm/Beijing, Sinovac, Sputnik V",https://www.vacunate.gov.py/index-listado-vacunados.html,38283,36622,1661
Paraguay,2021-03-28,"Oxford/AstraZeneca, Sinopharm/Beijing, Sinovac, Sputnik V",https://www.vacunate.gov.py/index-listado-vacunados.html,39231,37570,1661
Paraguay,2021-03-29,"Oxford/AstraZeneca, Sinopharm/Beijing, Sinovac, Sputnik V",https://www.vacunate.gov.py/index-listado-vacunados.html,42577,40834,1743
Paraguay,2021-03-30,"Oxford/AstraZeneca, Sinopharm/Beijing, Sinovac, Sputnik V",https://www.vacunate.gov.py/index-listado-vacunados.html,44982,43198,1784
Paraguay,2021-03-31,"Oxford/AstraZeneca, Sinopharm/Beijing, Sinovac, Sputnik V",https://www.vacunate.gov.py/index-listado-vacunados.html,46348,44522,1826
Paraguay,2021-04-01,"Oxford/AstraZeneca, Sinopharm/Beijing, Sinovac, Sputnik V",https://www.vacunate.gov.py/index-listado-vacunados.html,46418,44592,1826
Paraguay,2021-04-03,"Oxford/AstraZeneca, Sinopharm/Beijing, Sinovac, Sputnik V",https://www.vacunate.gov.py/index-listado-vacunados.html,46726,44899,1827
Paraguay,2021-04-04,"Oxford/AstraZeneca, Sinopharm/Beijing, Sinovac, Sputnik V",https://www.vacunate.gov.py/index-listado-vacunados.html,46730,44903,1827
Paraguay,2021-04-05,"Oxford/AstraZeneca, Sinopharm/Beijing, Sinovac, Sputnik V",https://www.vacunate.gov.py/index-listado-vacunados.html,47287,45440,1847
Paraguay,2021-04-06,"Oxford/AstraZeneca, Sinopharm/Beijing, Sinovac, Sputnik V",https://www.vacunate.gov.py/index-listado-vacunados.html,47965,46025,1940
Paraguay,2021-04-07,"Oxford/AstraZeneca, Sinopharm/Beijing, Sinovac, Sputnik V",https://www.vacunate.gov.py/index-listado-vacunados.html,49358,46566,2792
Paraguay,2021-04-08,"Covaxin, Oxford/AstraZeneca, Sinopharm/Beijing, Sinovac, Sputnik V",https://www.vacunate.gov.py/index-listado-vacunados.html,51519,47265,4254
Paraguay,2021-04-09,"Covaxin, Oxford/AstraZeneca, Sinopharm/Beijing, Sinovac, Sputnik V",https://www.vacunate.gov.py/index-listado-vacunados.html,53959,47495,6464
Paraguay,2021-04-10,"Covaxin, Oxford/AstraZeneca, Sinopharm/Beijing, Sinovac, Sputnik V",https://www.vacunate.gov.py/index-listado-vacunados.html,56004,48441,7563
Paraguay,2021-04-11,"Covaxin, Oxford/AstraZeneca, Sinopharm/Beijing, Sinovac, Sputnik V",https://www.vacunate.gov.py/index-listado-vacunados.html,57692,49721,7971
Paraguay,2021-04-12,"Covaxin, Oxford/AstraZeneca, Sinopharm/Beijing, Sinovac, Sputnik V",https://www.vacunate.gov.py/index-listado-vacunados.html,62348,52898,9450
Paraguay,2021-04-13,"Covaxin, Oxford/AstraZeneca, Sinopharm/Beijing, Sinovac, Sputnik V",https://www.vacunate.gov.py/index-listado-vacunados.html,70673,60395,10278
Paraguay,2021-04-14,"Covaxin, Oxford/AstraZeneca, Sinopharm/Beijing, Sinovac, Sputnik V",https://www.vacunate.gov.py/index-listado-vacunados.html,78588,67713,10875
Paraguay,2021-04-15,"Covaxin, Oxford/AstraZeneca, Sinopharm/Beijing, Sinovac, Sputnik V",https://www.vacunate.gov.py/index-listado-vacunados.html,85740,74442,11298
Paraguay,2021-04-16,"Covaxin, Oxford/AstraZeneca, Sinopharm/Beijing, Sinovac, Sputnik V",https://www.vacunate.gov.py/index-listado-vacunados.html,91179,79479,11700
Paraguay,2021-04-17,"Covaxin, Oxford/AstraZeneca, Sinopharm/Beijing, Sinovac, Sputnik V",https://www.vacunate.gov.py/index-listado-vacunados.html,92385,80644,11741
Paraguay,2021-04-18,"Covaxin, Oxford/AstraZeneca, Sinopharm/Beijing, Sinovac, Sputnik V",https://www.vacunate.gov.py/index-listado-vacunados.html,92716,80968,11748
Paraguay,2021-04-19,"Covaxin, Oxford/AstraZeneca, Sinopharm/Beijing, Sinovac, Sputnik V",https://www.vacunate.gov.py/index-listado-vacunados.html,95241,83363,11878
Paraguay,2021-04-20,"Covaxin, Oxford/AstraZeneca, Sinopharm/Beijing, Sinovac, Sputnik V",https://www.vacunate.gov.py/index-listado-vacunados.html,97423,85452,11971
Paraguay,2021-04-21,"Covaxin, Oxford/AstraZeneca, Sinopharm/Beijing, Sinovac, Sputnik V",https://www.vacunate.gov.py/index-listado-vacunados.html,99194,87152,12042
Paraguay,2021-04-22,"Covaxin, Oxford/AstraZeneca, Sinopharm/Beijing, Sinovac, Sputnik V",https://www.vacunate.gov.py/index-listado-vacunados.html,100848,88736,12112
Paraguay,2021-04-23,"Covaxin, Oxford/AstraZeneca, Sinopharm/Beijing, Sinovac, Sputnik V",https://www.vacunate.gov.py/index-listado-vacunados.html,102216,90029,12187
Paraguay,2021-04-24,"Covaxin, Oxford/AstraZeneca, Sinopharm/Beijing, Sinovac, Sputnik V",https://www.vacunate.gov.py/index-listado-vacunados.html,102460,90230,12230
Paraguay,2021-04-25,"Covaxin, Oxford/AstraZeneca, Sinopharm/Beijing, Sinovac, Sputnik V",https://www.vacunate.gov.py/index-listado-vacunados.html,102568,90334,12234
Paraguay,2021-04-26,"Covaxin, Oxford/AstraZeneca, Sinopharm/Beijing, Sinovac, Sputnik V",https://www.vacunate.gov.py/index-listado-vacunados.html,103598,91305,12293
Paraguay,2021-04-27,"Covaxin, Oxford/AstraZeneca, Sinopharm/Beijing, Sinovac, Sputnik V",https://www.vacunate.gov.py/index-listado-vacunados.html,108662,96332,12330
Paraguay,2021-04-28,"Covaxin, Oxford/AstraZeneca, Sinopharm/Beijing, Sinovac, Sputnik V",https://www.vacunate.gov.py/index-listado-vacunados.html,115945,103571,12374
Paraguay,2021-04-29,"Covaxin, Oxford/AstraZeneca, Sinopharm/Beijing, Sinovac, Sputnik V",https://www.vacunate.gov.py/index-listado-vacunados.html,125694,113292,12402
Paraguay,2021-04-30,"Covaxin, Oxford/AstraZeneca, Sinopharm/Beijing, Sinovac, Sputnik V",https://www.vacunate.gov.py/index-listado-vacunados.html,133967,121510,12457
Paraguay,2021-05-01,"Covaxin, Oxford/AstraZeneca, Sinopharm/Beijing, Sinovac, Sputnik V",https://www.vacunate.gov.py/index-listado-vacunados.html,134658,122196,12462
Paraguay,2021-05-02,"Covaxin, Oxford/AstraZeneca, Sinopharm/Beijing, Sinovac, Sputnik V",https://www.vacunate.gov.py/index-listado-vacunados.html,135195,122723,12472
Paraguay,2021-05-03,"Covaxin, Oxford/AstraZeneca, Sinopharm/Beijing, Sinovac, Sputnik V",https://www.vacunate.gov.py/index-listado-vacunados.html,142791,130162,12629
Paraguay,2021-05-04,"Covaxin, Oxford/AstraZeneca, Sinopharm/Beijing, Sinovac, Sputnik V",https://www.vacunate.gov.py/index-listado-vacunados.html,150156,137222,12934
Paraguay,2021-05-05,"Covaxin, Oxford/AstraZeneca, Sinopharm/Beijing, Sinovac, Sputnik V",https://www.vacunate.gov.py/index-listado-vacunados.html,157628,144349,13279
Paraguay,2021-05-06,"Covaxin, Oxford/AstraZeneca, Sinopharm/Beijing, Sinovac, Sputnik V",https://www.vacunate.gov.py/index-listado-vacunados.html,163573,150001,13572
Paraguay,2021-05-07,"Covaxin, Oxford/AstraZeneca, Sinopharm/Beijing, Sinovac, Sputnik V",https://www.vacunate.gov.py/index-listado-vacunados.html,169377,155369,14008
Paraguay,2021-05-08,"Covaxin, Oxford/AstraZeneca, Sinopharm/Beijing, Sinovac, Sputnik V",https://www.vacunate.gov.py/index-listado-vacunados.html,170484,156200,14284
Paraguay,2021-05-09,"Covaxin, Oxford/AstraZeneca, Sinopharm/Beijing, Sinovac, Sputnik V",https://www.vacunate.gov.py/index-listado-vacunados.html,171272,156761,14511
Paraguay,2021-05-10,"Covaxin, Oxford/AstraZeneca, Sinopharm/Beijing, Sinovac, Sputnik V",https://www.vacunate.gov.py/index-listado-vacunados.html,183192,166404,16788
Paraguay,2021-05-11,"Covaxin, Oxford/AstraZeneca, Sinopharm/Beijing, Sinovac, Sputnik V",https://www.vacunate.gov.py/index-listado-vacunados.html,197057,176681,20376
Paraguay,2021-05-12,"Covaxin, Oxford/AstraZeneca, Sinopharm/Beijing, Sinovac, Sputnik V",https://www.vacunate.gov.py/index-listado-vacunados.html,211927,187491,24436
Paraguay,2021-05-13,"Covaxin, Oxford/AstraZeneca, Sinopharm/Beijing, Sinovac, Sputnik V",https://www.vacunate.gov.py/index-listado-vacunados.html,229813,199702,30111
Paraguay,2021-05-14,"Covaxin, Oxford/AstraZeneca, Sinopharm/Beijing, Sinovac, Sputnik V",https://www.vacunate.gov.py/index-listado-vacunados.html,239066,207540,31526
Paraguay,2021-05-15,"Covaxin, Oxford/AstraZeneca, Sinopharm/Beijing, Sinovac, Sputnik V",https://www.vacunate.gov.py/index-listado-vacunados.html,240770,208996,31774
Paraguay,2021-05-16,"Covaxin, Oxford/AstraZeneca, Sinopharm/Beijing, Sinovac, Sputnik V",https://www.vacunate.gov.py/index-listado-vacunados.html,242810,210683,32127
Paraguay,2021-05-17,"Covaxin, Oxford/AstraZeneca, Sinopharm/Beijing, Sinovac, Sputnik V",https://www.vacunate.gov.py/index-listado-vacunados.html,254620,215728,38892
Paraguay,2021-05-18,"Covaxin, Oxford/AstraZeneca, Sinopharm/Beijing, Sinovac, Sputnik V",https://www.vacunate.gov.py/index-listado-vacunados.html,275036,230937,44099
Paraguay,2021-05-19,"Covaxin, Oxford/AstraZeneca, Sinopharm/Beijing, Sinovac, Sputnik V",https://www.vacunate.gov.py/index-listado-vacunados.html,294428,245213,49215
Paraguay,2021-05-20,"Covaxin, Oxford/AstraZeneca, Sinopharm/Beijing, Sinovac, Sputnik V",https://www.vacunate.gov.py/index-listado-vacunados.html,313370,259629,53741
Paraguay,2021-05-21,"Covaxin, Oxford/AstraZeneca, Sinopharm/Beijing, Sinovac, Sputnik V",https://www.vacunate.gov.py/index-listado-vacunados.html,330087,272113,57974
Paraguay,2021-05-22,"Covaxin, Oxford/AstraZeneca, Sinopharm/Beijing, Sinovac, Sputnik V",https://www.vacunate.gov.py/index-listado-vacunados.html,338483,279580,58903
Paraguay,2021-05-23,"Covaxin, Oxford/AstraZeneca, Sinopharm/Beijing, Sinovac, Sputnik V",https://www.vacunate.gov.py/index-listado-vacunados.html,338599,279632,58967
Paraguay,2021-05-24,"Covaxin, Oxford/AstraZeneca, Sinopharm/Beijing, Sinovac, Sputnik V",https://www.vacunate.gov.py/index-listado-vacunados.html,347054,283430,63624
Paraguay,2021-05-25,"Covaxin, Oxford/AstraZeneca, Sinopharm/Beijing, Sinovac, Sputnik V",https://www.vacunate.gov.py/index-listado-vacunados.html,352205,284714,67491
Paraguay,2021-05-26,"Covaxin, Oxford/AstraZeneca, Sinopharm/Beijing, Sinovac, Sputnik V",https://www.vacunate.gov.py/index-listado-vacunados.html,357241,285887,71354
Paraguay,2021-05-27,"Covaxin, Oxford/AstraZeneca, Sinopharm/Beijing, Sinovac, Sputnik V",https://www.vacunate.gov.py/index-listado-vacunados.html,362223,286618,75605
Paraguay,2021-05-28,"Covaxin, Oxford/AstraZeneca, Sinopharm/Beijing, Sinovac, Sputnik V",https://www.vacunate.gov.py/index-listado-vacunados.html,368176,287297,80879
Paraguay,2021-05-29,"Covaxin, Oxford/AstraZeneca, Sinopharm/Beijing, Sinovac, Sputnik V",https://www.vacunate.gov.py/index-listado-vacunados.html,369441,287634,81807
Paraguay,2021-05-30,"Covaxin, Oxford/AstraZeneca, Sinopharm/Beijing, Sinovac, Sputnik V",https://www.vacunate.gov.py/index-listado-vacunados.html,369814,287751,82063
Paraguay,2021-05-31,"Covaxin, Oxford/AstraZeneca, Sinopharm/Beijing, Sinovac, Sputnik V",https://www.vacunate.gov.py/index-listado-vacunados.html,375951,289415,86536
Paraguay,2021-06-01,"Covaxin, Oxford/AstraZeneca, Sinopharm/Beijing, Sinovac, Sputnik V",https://www.vacunate.gov.py/index-listado-vacunados.html,379075,289884,89191
Paraguay,2021-06-02,"Covaxin, Oxford/AstraZeneca, Sinopharm/Beijing, Sinovac, Sputnik V",https://www.vacunate.gov.py/index-listado-vacunados.html,381196,290069,91127
Paraguay,2021-06-03,"Covaxin, Oxford/AstraZeneca, Sinopharm/Beijing, Sinovac, Sputnik V",https://www.vacunate.gov.py/index-listado-vacunados.html,384465,290306,94159
Paraguay,2021-06-04,"Covaxin, Oxford/AstraZeneca, Sinopharm/Beijing, Sinovac, Sputnik V",https://www.vacunate.gov.py/index-listado-vacunados.html,389707,292053,97654
Paraguay,2021-06-05,"Covaxin, Oxford/AstraZeneca, Sinopharm/Beijing, Sinovac, Sputnik V",https://www.vacunate.gov.py/index-listado-vacunados.html,393072,294811,98261
Paraguay,2021-06-06,"Covaxin, Oxford/AstraZeneca, Sinopharm/Beijing, Sinovac, Sputnik V",https://www.vacunate.gov.py/index-listado-vacunados.html,394187,295758,98429
Paraguay,2021-06-07,"Covaxin, Oxford/AstraZeneca, Sinopharm/Beijing, Sinovac, Sputnik V",https://www.vacunate.gov.py/index-listado-vacunados.html,404874,302227,102647
Paraguay,2021-06-08,"Covaxin, Oxford/AstraZeneca, Sinopharm/Beijing, Sinovac, Sputnik V",https://www.vacunate.gov.py/index-listado-vacunados.html,413253,308409,104844
Paraguay,2021-06-09,"Covaxin, Oxford/AstraZeneca, Sinopharm/Beijing, Sinovac, Sputnik V",https://www.vacunate.gov.py/index-listado-vacunados.html,422043,315486,106557
Paraguay,2021-06-10,"Covaxin, Oxford/AstraZeneca, Sinopharm/Beijing, Sinovac, Sputnik V",https://www.vacunate.gov.py/index-listado-vacunados.html,434193,323653,110540
Paraguay,2021-06-11,"Covaxin, Oxford/AstraZeneca, Sinopharm/Beijing, Sinovac, Sputnik V",https://www.vacunate.gov.py/index-listado-vacunados.html,447250,332037,115213
Paraguay,2021-06-12,"Covaxin, Oxford/AstraZeneca, Sinopharm/Beijing, Sinovac, Sputnik V",https://www.vacunate.gov.py/index-listado-vacunados.html,470325,355023,115302
Paraguay,2021-06-13,"Covaxin, Oxford/AstraZeneca, Sinopharm/Beijing, Sinovac, Sputnik V",https://www.vacunate.gov.py/index-listado-vacunados.html,495479,380095,115384
Paraguay,2021-06-14,"Covaxin, Oxford/AstraZeneca, Sinopharm/Beijing, Sinovac, Sputnik V",https://www.vacunate.gov.py/index-listado-vacunados.html,518864,399651,119213
Paraguay,2021-06-15,"Covaxin, Oxford/AstraZeneca, Sinopharm/Beijing, Sinovac, Sputnik V",https://www.vacunate.gov.py/index-listado-vacunados.html,540238,419318,120920
Paraguay,2021-06-16,"Covaxin, Oxford/AstraZeneca, Sinopharm/Beijing, Sinovac, Sputnik V",https://www.vacunate.gov.py/index-listado-vacunados.html,557833,435521,122312
Paraguay,2021-06-17,"Covaxin, Oxford/AstraZeneca, Sinopharm/Beijing, Sinovac, Sputnik V",https://www.vacunate.gov.py/index-listado-vacunados.html,583848,460195,123653
Paraguay,2021-06-18,"Covaxin, Oxford/AstraZeneca, Sinopharm/Beijing, Sinovac, Sputnik V",https://www.vacunate.gov.py/index-listado-vacunados.html,602878,476106,126772
Paraguay,2021-06-19,"Covaxin, Oxford/AstraZeneca, Sinopharm/Beijing, Sinovac, Sputnik V",https://www.vacunate.gov.py/index-listado-vacunados.html,603055,476262,126793
Paraguay,2021-06-20,"Covaxin, Oxford/AstraZeneca, Sinopharm/Beijing, Sinovac, Sputnik V",https://www.vacunate.gov.py/index-listado-vacunados.html,603779,476977,126802
Paraguay,2021-06-21,"Covaxin, Oxford/AstraZeneca, Sinopharm/Beijing, Sinovac, Sputnik V",https://www.vacunate.gov.py/index-listado-vacunados.html,621271,491884,129387
Paraguay,2021-06-22,"Covaxin, Oxford/AstraZeneca, Sinopharm/Beijing, Sinovac, Sputnik V",https://www.vacunate.gov.py/index-listado-vacunados.html,629991,499144,130847
Paraguay,2021-06-23,"Covaxin, Oxford/AstraZeneca, Sinopharm/Beijing, Sinovac, Sputnik V",https://www.vacunate.gov.py/index-listado-vacunados.html,637573,506116,131457
Paraguay,2021-06-24,"Covaxin, Oxford/AstraZeneca, Sinopharm/Beijing, Sinovac, Sputnik V",https://www.vacunate.gov.py/index-listado-vacunados.html,639377,506584,132793
Paraguay,2021-06-25,"Covaxin, Oxford/AstraZeneca, Sinopharm/Beijing, Sinovac, Sputnik V",https://www.vacunate.gov.py/index-listado-vacunados.html,640802,506786,134016
Paraguay,2021-06-26,"Covaxin, Oxford/AstraZeneca, Sinopharm/Beijing, Sinovac, Sputnik V",https://www.vacunate.gov.py/index-listado-vacunados.html,643192,509162,134030
Paraguay,2021-06-27,"Covaxin, Oxford/AstraZeneca, Sinopharm/Beijing, Sinovac, Sputnik V",https://www.vacunate.gov.py/index-listado-vacunados.html,644750,510719,134031
Paraguay,2021-06-28,"Covaxin, Oxford/AstraZeneca, Sinopharm/Beijing, Sinovac, Sputnik V",https://www.vacunate.gov.py/index-listado-vacunados.html,659661,525453,134208
Paraguay,2021-06-29,"Covaxin, Oxford/AstraZeneca, Sinopharm/Beijing, Sinovac, Sputnik V",https://www.vacunate.gov.py/index-listado-vacunados.html,674086,539758,134328
Paraguay,2021-06-30,"Covaxin, Oxford/AstraZeneca, Sinopharm/Beijing, Sinovac, Sputnik V",https://www.vacunate.gov.py/index-listado-vacunados.html,688698,554312,134386
Paraguay,2021-07-01,"Covaxin, Oxford/AstraZeneca, Sinopharm/Beijing, Sinovac, Sputnik V",https://www.vacunate.gov.py/index-listado-vacunados.html,689988,554694,135294
Paraguay,2021-07-02,"Covaxin, Oxford/AstraZeneca, Sinopharm/Beijing, Sinovac, Sputnik V",https://www.vacunate.gov.py/index-listado-vacunados.html,690817,554919,135898
Paraguay,2021-07-03,"Covaxin, Oxford/AstraZeneca, Sinopharm/Beijing, Sinovac, Sputnik V",https://www.vacunate.gov.py/index-listado-vacunados.html,716985,581086,135899
Paraguay,2021-07-04,"Covaxin, Oxford/AstraZeneca, Sinopharm/Beijing, Sinovac, Sputnik V",https://www.vacunate.gov.py/index-listado-vacunados.html,747686,611784,135902
Paraguay,2021-07-05,"Covaxin, Oxford/AstraZeneca, Sinopharm/Beijing, Sinovac, Sputnik V",https://www.vacunate.gov.py/index-listado-vacunados.html,766760,630817,135943
Paraguay,2021-07-06,"Covaxin, Oxford/AstraZeneca, Sinopharm/Beijing, Sinovac, Sputnik V",https://www.vacunate.gov.py/index-listado-vacunados.html,781010,645039,135971
