location,date,vaccine,source_url,total_vaccinations,people_vaccinated,people_fully_vaccinated
Peru,2021-02-09,"Oxford/AstraZeneca, Pfizer/BioNTech, Sinopharm/Beijing",https://www.datosabiertos.gob.pe/dataset/vacunaci%C3%B3n-contra-covid-19-ministerio-de-salud-minsa,3842,3842,0
Peru,2021-02-10,"Oxford/AstraZeneca, Pfizer/BioNTech, Sinopharm/Beijing",https://www.datosabiertos.gob.pe/dataset/vacunaci%C3%B3n-contra-covid-19-ministerio-de-salud-minsa,20433,20433,0
Peru,2021-02-11,"Oxford/AstraZeneca, Pfizer/BioNTech, Sinopharm/Beijing",https://www.datosabiertos.gob.pe/dataset/vacunaci%C3%B3n-contra-covid-19-ministerio-de-salud-minsa,54560,54560,0
Peru,2021-02-12,"Oxford/AstraZeneca, Pfizer/BioNTech, Sinopharm/Beijing",https://www.datosabiertos.gob.pe/dataset/vacunaci%C3%B3n-contra-covid-19-ministerio-de-salud-minsa,86873,86873,0
Peru,2021-02-13,"Oxford/AstraZeneca, Pfizer/BioNTech, Sinopharm/Beijing",https://www.datosabiertos.gob.pe/dataset/vacunaci%C3%B3n-contra-covid-19-ministerio-de-salud-minsa,105690,105690,0
Peru,2021-02-14,"Oxford/AstraZeneca, Pfizer/BioNTech, Sinopharm/Beijing",https://www.datosabiertos.gob.pe/dataset/vacunaci%C3%B3n-contra-covid-19-ministerio-de-salud-minsa,110871,110871,0
Peru,2021-02-15,"Oxford/AstraZeneca, Pfizer/BioNTech, Sinopharm/Beijing",https://www.datosabiertos.gob.pe/dataset/vacunaci%C3%B3n-contra-covid-19-ministerio-de-salud-minsa,122400,122400,0
Peru,2021-02-16,"Oxford/AstraZeneca, Pfizer/BioNTech, Sinopharm/Beijing",https://www.datosabiertos.gob.pe/dataset/vacunaci%C3%B3n-contra-covid-19-ministerio-de-salud-minsa,129847,129847,0
Peru,2021-02-17,"Oxford/AstraZeneca, Pfizer/BioNTech, Sinopharm/Beijing",https://www.datosabiertos.gob.pe/dataset/vacunaci%C3%B3n-contra-covid-19-ministerio-de-salud-minsa,133766,133766,0
Peru,2021-02-18,"Oxford/AstraZeneca, Pfizer/BioNTech, Sinopharm/Beijing",https://www.datosabiertos.gob.pe/dataset/vacunaci%C3%B3n-contra-covid-19-ministerio-de-salud-minsa,141145,141145,0
Peru,2021-02-19,"Oxford/AstraZeneca, Pfizer/BioNTech, Sinopharm/Beijing",https://www.datosabiertos.gob.pe/dataset/vacunaci%C3%B3n-contra-covid-19-ministerio-de-salud-minsa,171578,171578,0
Peru,2021-02-20,"Oxford/AstraZeneca, Pfizer/BioNTech, Sinopharm/Beijing",https://www.datosabiertos.gob.pe/dataset/vacunaci%C3%B3n-contra-covid-19-ministerio-de-salud-minsa,197609,197609,0
Peru,2021-02-21,"Oxford/AstraZeneca, Pfizer/BioNTech, Sinopharm/Beijing",https://www.datosabiertos.gob.pe/dataset/vacunaci%C3%B3n-contra-covid-19-ministerio-de-salud-minsa,202139,202139,0
Peru,2021-02-22,"Oxford/AstraZeneca, Pfizer/BioNTech, Sinopharm/Beijing",https://www.datosabiertos.gob.pe/dataset/vacunaci%C3%B3n-contra-covid-19-ministerio-de-salud-minsa,232102,232102,0
Peru,2021-02-23,"Oxford/AstraZeneca, Pfizer/BioNTech, Sinopharm/Beijing",https://www.datosabiertos.gob.pe/dataset/vacunaci%C3%B3n-contra-covid-19-ministerio-de-salud-minsa,259441,259441,0
Peru,2021-02-24,"Oxford/AstraZeneca, Pfizer/BioNTech, Sinopharm/Beijing",https://www.datosabiertos.gob.pe/dataset/vacunaci%C3%B3n-contra-covid-19-ministerio-de-salud-minsa,282074,282074,0
Peru,2021-02-25,"Oxford/AstraZeneca, Pfizer/BioNTech, Sinopharm/Beijing",https://www.datosabiertos.gob.pe/dataset/vacunaci%C3%B3n-contra-covid-19-ministerio-de-salud-minsa,297851,297851,0
Peru,2021-02-26,"Oxford/AstraZeneca, Pfizer/BioNTech, Sinopharm/Beijing",https://www.datosabiertos.gob.pe/dataset/vacunaci%C3%B3n-contra-covid-19-ministerio-de-salud-minsa,313700,313700,0
Peru,2021-02-27,"Oxford/AstraZeneca, Pfizer/BioNTech, Sinopharm/Beijing",https://www.datosabiertos.gob.pe/dataset/vacunaci%C3%B3n-contra-covid-19-ministerio-de-salud-minsa,320626,320626,0
Peru,2021-02-28,"Oxford/AstraZeneca, Pfizer/BioNTech, Sinopharm/Beijing",https://www.datosabiertos.gob.pe/dataset/vacunaci%C3%B3n-contra-covid-19-ministerio-de-salud-minsa,321621,321621,0
Peru,2021-03-01,"Oxford/AstraZeneca, Pfizer/BioNTech, Sinopharm/Beijing",https://www.datosabiertos.gob.pe/dataset/vacunaci%C3%B3n-contra-covid-19-ministerio-de-salud-minsa,330949,330949,0
Peru,2021-03-02,"Oxford/AstraZeneca, Pfizer/BioNTech, Sinopharm/Beijing",https://www.datosabiertos.gob.pe/dataset/vacunaci%C3%B3n-contra-covid-19-ministerio-de-salud-minsa,340041,337954,2087
Peru,2021-03-03,"Oxford/AstraZeneca, Pfizer/BioNTech, Sinopharm/Beijing",https://www.datosabiertos.gob.pe/dataset/vacunaci%C3%B3n-contra-covid-19-ministerio-de-salud-minsa,358638,344511,14127
Peru,2021-03-04,"Oxford/AstraZeneca, Pfizer/BioNTech, Sinopharm/Beijing",https://www.datosabiertos.gob.pe/dataset/vacunaci%C3%B3n-contra-covid-19-ministerio-de-salud-minsa,390565,348301,42264
Peru,2021-03-05,"Oxford/AstraZeneca, Pfizer/BioNTech, Sinopharm/Beijing",https://www.datosabiertos.gob.pe/dataset/vacunaci%C3%B3n-contra-covid-19-ministerio-de-salud-minsa,426925,352985,73940
Peru,2021-03-06,"Oxford/AstraZeneca, Pfizer/BioNTech, Sinopharm/Beijing",https://www.datosabiertos.gob.pe/dataset/vacunaci%C3%B3n-contra-covid-19-ministerio-de-salud-minsa,446251,355951,90300
Peru,2021-03-07,"Oxford/AstraZeneca, Pfizer/BioNTech, Sinopharm/Beijing",https://www.datosabiertos.gob.pe/dataset/vacunaci%C3%B3n-contra-covid-19-ministerio-de-salud-minsa,448677,356092,92585
Peru,2021-03-08,"Oxford/AstraZeneca, Pfizer/BioNTech, Sinopharm/Beijing",https://www.datosabiertos.gob.pe/dataset/vacunaci%C3%B3n-contra-covid-19-ministerio-de-salud-minsa,479277,374334,104943
Peru,2021-03-09,"Oxford/AstraZeneca, Pfizer/BioNTech, Sinopharm/Beijing",https://www.datosabiertos.gob.pe/dataset/vacunaci%C3%B3n-contra-covid-19-ministerio-de-salud-minsa,505992,393955,112037
Peru,2021-03-10,"Oxford/AstraZeneca, Pfizer/BioNTech, Sinopharm/Beijing",https://www.datosabiertos.gob.pe/dataset/vacunaci%C3%B3n-contra-covid-19-ministerio-de-salud-minsa,523721,406738,116983
Peru,2021-03-11,"Oxford/AstraZeneca, Pfizer/BioNTech, Sinopharm/Beijing",https://www.datosabiertos.gob.pe/dataset/vacunaci%C3%B3n-contra-covid-19-ministerio-de-salud-minsa,537724,415109,122615
Peru,2021-03-12,"Oxford/AstraZeneca, Pfizer/BioNTech, Sinopharm/Beijing",https://www.datosabiertos.gob.pe/dataset/vacunaci%C3%B3n-contra-covid-19-ministerio-de-salud-minsa,563769,423869,139900
Peru,2021-03-13,"Oxford/AstraZeneca, Pfizer/BioNTech, Sinopharm/Beijing",https://www.datosabiertos.gob.pe/dataset/vacunaci%C3%B3n-contra-covid-19-ministerio-de-salud-minsa,598126,430008,168118
Peru,2021-03-14,"Oxford/AstraZeneca, Pfizer/BioNTech, Sinopharm/Beijing",https://www.datosabiertos.gob.pe/dataset/vacunaci%C3%B3n-contra-covid-19-ministerio-de-salud-minsa,601427,430609,170818
Peru,2021-03-15,"Oxford/AstraZeneca, Pfizer/BioNTech, Sinopharm/Beijing",https://www.datosabiertos.gob.pe/dataset/vacunaci%C3%B3n-contra-covid-19-ministerio-de-salud-minsa,647322,448650,198672
Peru,2021-03-16,"Oxford/AstraZeneca, Pfizer/BioNTech, Sinopharm/Beijing",https://www.datosabiertos.gob.pe/dataset/vacunaci%C3%B3n-contra-covid-19-ministerio-de-salud-minsa,693319,470887,222432
Peru,2021-03-17,"Oxford/AstraZeneca, Pfizer/BioNTech, Sinopharm/Beijing",https://www.datosabiertos.gob.pe/dataset/vacunaci%C3%B3n-contra-covid-19-ministerio-de-salud-minsa,738744,493238,245506
Peru,2021-03-18,"Oxford/AstraZeneca, Pfizer/BioNTech, Sinopharm/Beijing",https://www.datosabiertos.gob.pe/dataset/vacunaci%C3%B3n-contra-covid-19-ministerio-de-salud-minsa,780887,519197,261690
Peru,2021-03-19,"Oxford/AstraZeneca, Pfizer/BioNTech, Sinopharm/Beijing",https://www.datosabiertos.gob.pe/dataset/vacunaci%C3%B3n-contra-covid-19-ministerio-de-salud-minsa,822071,544755,277316
Peru,2021-03-20,"Oxford/AstraZeneca, Pfizer/BioNTech, Sinopharm/Beijing",https://www.datosabiertos.gob.pe/dataset/vacunaci%C3%B3n-contra-covid-19-ministerio-de-salud-minsa,846559,562852,283707
Peru,2021-03-21,"Oxford/AstraZeneca, Pfizer/BioNTech, Sinopharm/Beijing",https://www.datosabiertos.gob.pe/dataset/vacunaci%C3%B3n-contra-covid-19-ministerio-de-salud-minsa,848259,563526,284733
Peru,2021-03-22,"Oxford/AstraZeneca, Pfizer/BioNTech, Sinopharm/Beijing",https://www.datosabiertos.gob.pe/dataset/vacunaci%C3%B3n-contra-covid-19-ministerio-de-salud-minsa,865365,572188,293177
Peru,2021-03-23,"Oxford/AstraZeneca, Pfizer/BioNTech, Sinopharm/Beijing",https://www.datosabiertos.gob.pe/dataset/vacunaci%C3%B3n-contra-covid-19-ministerio-de-salud-minsa,889893,587667,302226
Peru,2021-03-24,"Oxford/AstraZeneca, Pfizer/BioNTech, Sinopharm/Beijing",https://www.datosabiertos.gob.pe/dataset/vacunaci%C3%B3n-contra-covid-19-ministerio-de-salud-minsa,911685,602309,309376
Peru,2021-03-25,"Oxford/AstraZeneca, Pfizer/BioNTech, Sinopharm/Beijing",https://www.datosabiertos.gob.pe/dataset/vacunaci%C3%B3n-contra-covid-19-ministerio-de-salud-minsa,929315,615203,314112
Peru,2021-03-26,"Oxford/AstraZeneca, Pfizer/BioNTech, Sinopharm/Beijing",https://www.datosabiertos.gob.pe/dataset/vacunaci%C3%B3n-contra-covid-19-ministerio-de-salud-minsa,950418,631705,318713
Peru,2021-03-27,"Oxford/AstraZeneca, Pfizer/BioNTech, Sinopharm/Beijing",https://www.datosabiertos.gob.pe/dataset/vacunaci%C3%B3n-contra-covid-19-ministerio-de-salud-minsa,964519,642939,321580
Peru,2021-03-28,"Oxford/AstraZeneca, Pfizer/BioNTech, Sinopharm/Beijing",https://www.datosabiertos.gob.pe/dataset/vacunaci%C3%B3n-contra-covid-19-ministerio-de-salud-minsa,966791,645013,321778
Peru,2021-03-29,"Oxford/AstraZeneca, Pfizer/BioNTech, Sinopharm/Beijing",https://www.datosabiertos.gob.pe/dataset/vacunaci%C3%B3n-contra-covid-19-ministerio-de-salud-minsa,984497,649937,334560
Peru,2021-03-30,"Oxford/AstraZeneca, Pfizer/BioNTech, Sinopharm/Beijing",https://www.datosabiertos.gob.pe/dataset/vacunaci%C3%B3n-contra-covid-19-ministerio-de-salud-minsa,1010643,654498,356145
Peru,2021-03-31,"Oxford/AstraZeneca, Pfizer/BioNTech, Sinopharm/Beijing",https://www.datosabiertos.gob.pe/dataset/vacunaci%C3%B3n-contra-covid-19-ministerio-de-salud-minsa,1035419,662071,373348
Peru,2021-04-01,"Oxford/AstraZeneca, Pfizer/BioNTech, Sinopharm/Beijing",https://www.datosabiertos.gob.pe/dataset/vacunaci%C3%B3n-contra-covid-19-ministerio-de-salud-minsa,1041819,664346,377473
Peru,2021-04-02,"Oxford/AstraZeneca, Pfizer/BioNTech, Sinopharm/Beijing",https://www.datosabiertos.gob.pe/dataset/vacunaci%C3%B3n-contra-covid-19-ministerio-de-salud-minsa,1045615,665369,380246
Peru,2021-04-03,"Oxford/AstraZeneca, Pfizer/BioNTech, Sinopharm/Beijing",https://www.datosabiertos.gob.pe/dataset/vacunaci%C3%B3n-contra-covid-19-ministerio-de-salud-minsa,1054277,667943,386334
Peru,2021-04-04,"Oxford/AstraZeneca, Pfizer/BioNTech, Sinopharm/Beijing",https://www.datosabiertos.gob.pe/dataset/vacunaci%C3%B3n-contra-covid-19-ministerio-de-salud-minsa,1054977,668188,386789
Peru,2021-04-05,"Oxford/AstraZeneca, Pfizer/BioNTech, Sinopharm/Beijing",https://www.datosabiertos.gob.pe/dataset/vacunaci%C3%B3n-contra-covid-19-ministerio-de-salud-minsa,1071139,674310,396829
Peru,2021-04-06,"Oxford/AstraZeneca, Pfizer/BioNTech, Sinopharm/Beijing",https://www.datosabiertos.gob.pe/dataset/vacunaci%C3%B3n-contra-covid-19-ministerio-de-salud-minsa,1099913,685805,414108
Peru,2021-04-07,"Oxford/AstraZeneca, Pfizer/BioNTech, Sinopharm/Beijing",https://www.datosabiertos.gob.pe/dataset/vacunaci%C3%B3n-contra-covid-19-ministerio-de-salud-minsa,1130257,699467,430790
Peru,2021-04-08,"Oxford/AstraZeneca, Pfizer/BioNTech, Sinopharm/Beijing",https://www.datosabiertos.gob.pe/dataset/vacunaci%C3%B3n-contra-covid-19-ministerio-de-salud-minsa,1175341,716196,459145
Peru,2021-04-09,"Oxford/AstraZeneca, Pfizer/BioNTech, Sinopharm/Beijing",https://www.datosabiertos.gob.pe/dataset/vacunaci%C3%B3n-contra-covid-19-ministerio-de-salud-minsa,1209711,732592,477119
Peru,2021-04-10,"Oxford/AstraZeneca, Pfizer/BioNTech, Sinopharm/Beijing",https://www.datosabiertos.gob.pe/dataset/vacunaci%C3%B3n-contra-covid-19-ministerio-de-salud-minsa,1222397,736775,485622
Peru,2021-04-11,"Oxford/AstraZeneca, Pfizer/BioNTech, Sinopharm/Beijing",https://www.datosabiertos.gob.pe/dataset/vacunaci%C3%B3n-contra-covid-19-ministerio-de-salud-minsa,1222483,736795,485688
Peru,2021-04-12,"Oxford/AstraZeneca, Pfizer/BioNTech, Sinopharm/Beijing",https://www.datosabiertos.gob.pe/dataset/vacunaci%C3%B3n-contra-covid-19-ministerio-de-salud-minsa,1236339,737621,498718
Peru,2021-04-13,"Oxford/AstraZeneca, Pfizer/BioNTech, Sinopharm/Beijing",https://www.datosabiertos.gob.pe/dataset/vacunaci%C3%B3n-contra-covid-19-ministerio-de-salud-minsa,1258005,739519,518486
Peru,2021-04-14,"Oxford/AstraZeneca, Pfizer/BioNTech, Sinopharm/Beijing",https://www.datosabiertos.gob.pe/dataset/vacunaci%C3%B3n-contra-covid-19-ministerio-de-salud-minsa,1281126,742195,538931
Peru,2021-04-15,"Oxford/AstraZeneca, Pfizer/BioNTech, Sinopharm/Beijing",https://www.datosabiertos.gob.pe/dataset/vacunaci%C3%B3n-contra-covid-19-ministerio-de-salud-minsa,1304207,744026,560181
Peru,2021-04-16,"Oxford/AstraZeneca, Pfizer/BioNTech, Sinopharm/Beijing",https://www.datosabiertos.gob.pe/dataset/vacunaci%C3%B3n-contra-covid-19-ministerio-de-salud-minsa,1345547,763708,581839
Peru,2021-04-17,"Oxford/AstraZeneca, Pfizer/BioNTech, Sinopharm/Beijing",https://www.datosabiertos.gob.pe/dataset/vacunaci%C3%B3n-contra-covid-19-ministerio-de-salud-minsa,1389559,793315,596244
Peru,2021-04-18,"Oxford/AstraZeneca, Pfizer/BioNTech, Sinopharm/Beijing",https://www.datosabiertos.gob.pe/dataset/vacunaci%C3%B3n-contra-covid-19-ministerio-de-salud-minsa,1420496,821168,599328
Peru,2021-04-19,"Oxford/AstraZeneca, Pfizer/BioNTech, Sinopharm/Beijing",https://www.datosabiertos.gob.pe/dataset/vacunaci%C3%B3n-contra-covid-19-ministerio-de-salud-minsa,1431322,828051,603271
Peru,2021-04-20,"Oxford/AstraZeneca, Pfizer/BioNTech, Sinopharm/Beijing",https://www.datosabiertos.gob.pe/dataset/vacunaci%C3%B3n-contra-covid-19-ministerio-de-salud-minsa,1447284,839261,608023
Peru,2021-04-21,"Oxford/AstraZeneca, Pfizer/BioNTech, Sinopharm/Beijing",https://www.datosabiertos.gob.pe/dataset/vacunaci%C3%B3n-contra-covid-19-ministerio-de-salud-minsa,1466927,848801,618126
Peru,2021-04-22,"Oxford/AstraZeneca, Pfizer/BioNTech, Sinopharm/Beijing",https://www.datosabiertos.gob.pe/dataset/vacunaci%C3%B3n-contra-covid-19-ministerio-de-salud-minsa,1477542,857011,620531
Peru,2021-04-23,"Oxford/AstraZeneca, Pfizer/BioNTech, Sinopharm/Beijing",https://www.datosabiertos.gob.pe/dataset/vacunaci%C3%B3n-contra-covid-19-ministerio-de-salud-minsa,1506395,883360,623035
Peru,2021-04-24,"Oxford/AstraZeneca, Pfizer/BioNTech, Sinopharm/Beijing",https://www.datosabiertos.gob.pe/dataset/vacunaci%C3%B3n-contra-covid-19-ministerio-de-salud-minsa,1536286,910977,625309
Peru,2021-04-25,"Oxford/AstraZeneca, Pfizer/BioNTech, Sinopharm/Beijing",https://www.datosabiertos.gob.pe/dataset/vacunaci%C3%B3n-contra-covid-19-ministerio-de-salud-minsa,1551902,926498,625404
Peru,2021-04-26,"Oxford/AstraZeneca, Pfizer/BioNTech, Sinopharm/Beijing",https://www.datosabiertos.gob.pe/dataset/vacunaci%C3%B3n-contra-covid-19-ministerio-de-salud-minsa,1571531,941859,629672
Peru,2021-04-27,"Oxford/AstraZeneca, Pfizer/BioNTech, Sinopharm/Beijing",https://www.datosabiertos.gob.pe/dataset/vacunaci%C3%B3n-contra-covid-19-ministerio-de-salud-minsa,1601177,961503,639674
Peru,2021-04-28,"Oxford/AstraZeneca, Pfizer/BioNTech, Sinopharm/Beijing",https://www.datosabiertos.gob.pe/dataset/vacunaci%C3%B3n-contra-covid-19-ministerio-de-salud-minsa,1652149,1000895,651254
Peru,2021-04-29,"Oxford/AstraZeneca, Pfizer/BioNTech, Sinopharm/Beijing",https://www.datosabiertos.gob.pe/dataset/vacunaci%C3%B3n-contra-covid-19-ministerio-de-salud-minsa,1709331,1045569,663762
Peru,2021-04-30,"Oxford/AstraZeneca, Pfizer/BioNTech, Sinopharm/Beijing",https://www.datosabiertos.gob.pe/dataset/vacunaci%C3%B3n-contra-covid-19-ministerio-de-salud-minsa,1807621,1126616,681005
Peru,2021-05-01,"Oxford/AstraZeneca, Pfizer/BioNTech, Sinopharm/Beijing",https://www.datosabiertos.gob.pe/dataset/vacunaci%C3%B3n-contra-covid-19-ministerio-de-salud-minsa,1873251,1189327,683924
Peru,2021-05-02,"Oxford/AstraZeneca, Pfizer/BioNTech, Sinopharm/Beijing",https://www.datosabiertos.gob.pe/dataset/vacunaci%C3%B3n-contra-covid-19-ministerio-de-salud-minsa,1921856,1236874,684982
Peru,2021-05-03,"Oxford/AstraZeneca, Pfizer/BioNTech, Sinopharm/Beijing",https://www.datosabiertos.gob.pe/dataset/vacunaci%C3%B3n-contra-covid-19-ministerio-de-salud-minsa,1985570,1295742,689828
Peru,2021-05-04,"Oxford/AstraZeneca, Pfizer/BioNTech, Sinopharm/Beijing",https://www.datosabiertos.gob.pe/dataset/vacunaci%C3%B3n-contra-covid-19-ministerio-de-salud-minsa,2009769,1318488,691281
Peru,2021-05-05,"Oxford/AstraZeneca, Pfizer/BioNTech, Sinopharm/Beijing",https://www.datosabiertos.gob.pe/dataset/vacunaci%C3%B3n-contra-covid-19-ministerio-de-salud-minsa,2034516,1338808,695708
Peru,2021-05-06,"Oxford/AstraZeneca, Pfizer/BioNTech, Sinopharm/Beijing",https://www.datosabiertos.gob.pe/dataset/vacunaci%C3%B3n-contra-covid-19-ministerio-de-salud-minsa,2075520,1377927,697593
Peru,2021-05-07,"Oxford/AstraZeneca, Pfizer/BioNTech, Sinopharm/Beijing",https://www.datosabiertos.gob.pe/dataset/vacunaci%C3%B3n-contra-covid-19-ministerio-de-salud-minsa,2123434,1411375,712059
Peru,2021-05-08,"Oxford/AstraZeneca, Pfizer/BioNTech, Sinopharm/Beijing",https://www.datosabiertos.gob.pe/dataset/vacunaci%C3%B3n-contra-covid-19-ministerio-de-salud-minsa,2206704,1472082,734622
Peru,2021-05-09,"Oxford/AstraZeneca, Pfizer/BioNTech, Sinopharm/Beijing",https://www.datosabiertos.gob.pe/dataset/vacunaci%C3%B3n-contra-covid-19-ministerio-de-salud-minsa,2264854,1504977,759877
Peru,2021-05-10,"Oxford/AstraZeneca, Pfizer/BioNTech, Sinopharm/Beijing",https://www.datosabiertos.gob.pe/dataset/vacunaci%C3%B3n-contra-covid-19-ministerio-de-salud-minsa,2321069,1552273,768796
Peru,2021-05-11,"Oxford/AstraZeneca, Pfizer/BioNTech, Sinopharm/Beijing",https://www.datosabiertos.gob.pe/dataset/vacunaci%C3%B3n-contra-covid-19-ministerio-de-salud-minsa,2375693,1594964,780729
Peru,2021-05-12,"Oxford/AstraZeneca, Pfizer/BioNTech, Sinopharm/Beijing",https://www.datosabiertos.gob.pe/dataset/vacunaci%C3%B3n-contra-covid-19-ministerio-de-salud-minsa,2444067,1652563,791504
Peru,2021-05-13,"Oxford/AstraZeneca, Pfizer/BioNTech, Sinopharm/Beijing",https://www.datosabiertos.gob.pe/dataset/vacunaci%C3%B3n-contra-covid-19-ministerio-de-salud-minsa,2525062,1725899,799163
Peru,2021-05-14,"Oxford/AstraZeneca, Pfizer/BioNTech, Sinopharm/Beijing",https://www.datosabiertos.gob.pe/dataset/vacunaci%C3%B3n-contra-covid-19-ministerio-de-salud-minsa,2632702,1813776,818926
Peru,2021-05-15,"Oxford/AstraZeneca, Pfizer/BioNTech, Sinopharm/Beijing",https://www.datosabiertos.gob.pe/dataset/vacunaci%C3%B3n-contra-covid-19-ministerio-de-salud-minsa,2706762,1866562,840200
Peru,2021-05-16,"Oxford/AstraZeneca, Pfizer/BioNTech, Sinopharm/Beijing",https://www.datosabiertos.gob.pe/dataset/vacunaci%C3%B3n-contra-covid-19-ministerio-de-salud-minsa,2744612,1889945,854667
Peru,2021-05-17,"Oxford/AstraZeneca, Pfizer/BioNTech, Sinopharm/Beijing",https://www.datosabiertos.gob.pe/dataset/vacunaci%C3%B3n-contra-covid-19-ministerio-de-salud-minsa,2803733,1940865,862868
Peru,2021-05-18,"Oxford/AstraZeneca, Pfizer/BioNTech, Sinopharm/Beijing",https://www.datosabiertos.gob.pe/dataset/vacunaci%C3%B3n-contra-covid-19-ministerio-de-salud-minsa,2872923,2000279,872644
Peru,2021-05-19,"Oxford/AstraZeneca, Pfizer/BioNTech, Sinopharm/Beijing",https://www.datosabiertos.gob.pe/dataset/vacunaci%C3%B3n-contra-covid-19-ministerio-de-salud-minsa,2953210,2060510,892700
Peru,2021-05-20,"Oxford/AstraZeneca, Pfizer/BioNTech, Sinopharm/Beijing",https://www.datosabiertos.gob.pe/dataset/vacunaci%C3%B3n-contra-covid-19-ministerio-de-salud-minsa,3039688,2130741,908947
Peru,2021-05-21,"Oxford/AstraZeneca, Pfizer/BioNTech, Sinopharm/Beijing",https://www.datosabiertos.gob.pe/dataset/vacunaci%C3%B3n-contra-covid-19-ministerio-de-salud-minsa,3200854,2239234,961620
Peru,2021-05-22,"Oxford/AstraZeneca, Pfizer/BioNTech, Sinopharm/Beijing",https://www.datosabiertos.gob.pe/dataset/vacunaci%C3%B3n-contra-covid-19-ministerio-de-salud-minsa,3331605,2318402,1013203
Peru,2021-05-23,"Oxford/AstraZeneca, Pfizer/BioNTech, Sinopharm/Beijing",https://www.datosabiertos.gob.pe/dataset/vacunaci%C3%B3n-contra-covid-19-ministerio-de-salud-minsa,3417354,2362983,1054371
Peru,2021-05-24,"Oxford/AstraZeneca, Pfizer/BioNTech, Sinopharm/Beijing",https://www.datosabiertos.gob.pe/dataset/vacunaci%C3%B3n-contra-covid-19-ministerio-de-salud-minsa,3538260,2432283,1105977
Peru,2021-05-25,"Oxford/AstraZeneca, Pfizer/BioNTech, Sinopharm/Beijing",https://www.datosabiertos.gob.pe/dataset/vacunaci%C3%B3n-contra-covid-19-ministerio-de-salud-minsa,3638402,2509143,1129259
Peru,2021-05-26,"Oxford/AstraZeneca, Pfizer/BioNTech, Sinopharm/Beijing",https://www.datosabiertos.gob.pe/dataset/vacunaci%C3%B3n-contra-covid-19-ministerio-de-salud-minsa,3733776,2592032,1141744
Peru,2021-05-27,"Oxford/AstraZeneca, Pfizer/BioNTech, Sinopharm/Beijing",https://www.datosabiertos.gob.pe/dataset/vacunaci%C3%B3n-contra-covid-19-ministerio-de-salud-minsa,3850684,2682048,1168636
Peru,2021-05-28,"Oxford/AstraZeneca, Pfizer/BioNTech, Sinopharm/Beijing",https://www.datosabiertos.gob.pe/dataset/vacunaci%C3%B3n-contra-covid-19-ministerio-de-salud-minsa,4001948,2805897,1196051
Peru,2021-05-29,"Oxford/AstraZeneca, Pfizer/BioNTech, Sinopharm/Beijing",https://www.datosabiertos.gob.pe/dataset/vacunaci%C3%B3n-contra-covid-19-ministerio-de-salud-minsa,4132181,2880900,1251281
Peru,2021-05-30,"Oxford/AstraZeneca, Pfizer/BioNTech, Sinopharm/Beijing",https://www.datosabiertos.gob.pe/dataset/vacunaci%C3%B3n-contra-covid-19-ministerio-de-salud-minsa,4196351,2914596,1281755
Peru,2021-05-31,"Oxford/AstraZeneca, Pfizer/BioNTech, Sinopharm/Beijing",https://www.datosabiertos.gob.pe/dataset/vacunaci%C3%B3n-contra-covid-19-ministerio-de-salud-minsa,4307178,2982809,1324369
Peru,2021-06-01,"Oxford/AstraZeneca, Pfizer/BioNTech, Sinopharm/Beijing",https://www.datosabiertos.gob.pe/dataset/vacunaci%C3%B3n-contra-covid-19-ministerio-de-salud-minsa,4419394,3057702,1361692
Peru,2021-06-02,"Oxford/AstraZeneca, Pfizer/BioNTech, Sinopharm/Beijing",https://www.datosabiertos.gob.pe/dataset/vacunaci%C3%B3n-contra-covid-19-ministerio-de-salud-minsa,4532703,3135307,1397396
Peru,2021-06-03,"Oxford/AstraZeneca, Pfizer/BioNTech, Sinopharm/Beijing",https://www.datosabiertos.gob.pe/dataset/vacunaci%C3%B3n-contra-covid-19-ministerio-de-salud-minsa,4596628,3173353,1423275
Peru,2021-06-04,"Oxford/AstraZeneca, Pfizer/BioNTech, Sinopharm/Beijing",https://www.datosabiertos.gob.pe/dataset/vacunaci%C3%B3n-contra-covid-19-ministerio-de-salud-minsa,4633283,3189090,1444193
Peru,2021-06-05,"Oxford/AstraZeneca, Pfizer/BioNTech, Sinopharm/Beijing",https://www.datosabiertos.gob.pe/dataset/vacunaci%C3%B3n-contra-covid-19-ministerio-de-salud-minsa,4654139,3196734,1457405
Peru,2021-06-06,"Oxford/AstraZeneca, Pfizer/BioNTech, Sinopharm/Beijing",https://www.datosabiertos.gob.pe/dataset/vacunaci%C3%B3n-contra-covid-19-ministerio-de-salud-minsa,4656182,3198531,1457651
Peru,2021-06-07,"Oxford/AstraZeneca, Pfizer/BioNTech, Sinopharm/Beijing",https://www.datosabiertos.gob.pe/dataset/vacunaci%C3%B3n-contra-covid-19-ministerio-de-salud-minsa,4687209,3206394,1480815
Peru,2021-06-08,"Oxford/AstraZeneca, Pfizer/BioNTech, Sinopharm/Beijing",https://www.datosabiertos.gob.pe/dataset/vacunaci%C3%B3n-contra-covid-19-ministerio-de-salud-minsa,4904156,3307336,1596820
Peru,2021-06-09,"Oxford/AstraZeneca, Pfizer/BioNTech, Sinopharm/Beijing",https://www.datosabiertos.gob.pe/dataset/vacunaci%C3%B3n-contra-covid-19-ministerio-de-salud-minsa,5110361,3421924,1688437
Peru,2021-06-10,"Oxford/AstraZeneca, Pfizer/BioNTech, Sinopharm/Beijing",https://www.datosabiertos.gob.pe/dataset/vacunaci%C3%B3n-contra-covid-19-ministerio-de-salud-minsa,5339042,3544537,1794505
Peru,2021-06-11,"Oxford/AstraZeneca, Pfizer/BioNTech, Sinopharm/Beijing",https://www.datosabiertos.gob.pe/dataset/vacunaci%C3%B3n-contra-covid-19-ministerio-de-salud-minsa,5560922,3633386,1927536
Peru,2021-06-12,"Oxford/AstraZeneca, Pfizer/BioNTech, Sinopharm/Beijing",https://www.datosabiertos.gob.pe/dataset/vacunaci%C3%B3n-contra-covid-19-ministerio-de-salud-minsa,5722955,3707915,2015040
Peru,2021-06-13,"Oxford/AstraZeneca, Pfizer/BioNTech, Sinopharm/Beijing",https://www.datosabiertos.gob.pe/dataset/vacunaci%C3%B3n-contra-covid-19-ministerio-de-salud-minsa,5805293,3744848,2060445
Peru,2021-06-14,"Oxford/AstraZeneca, Pfizer/BioNTech, Sinopharm/Beijing",https://www.datosabiertos.gob.pe/dataset/vacunaci%C3%B3n-contra-covid-19-ministerio-de-salud-minsa,5919039,3781325,2137714
Peru,2021-06-15,"Oxford/AstraZeneca, Pfizer/BioNTech, Sinopharm/Beijing",https://www.datosabiertos.gob.pe/dataset/vacunaci%C3%B3n-contra-covid-19-ministerio-de-salud-minsa,6048509,3823054,2225455
Peru,2021-06-16,"Oxford/AstraZeneca, Pfizer/BioNTech, Sinopharm/Beijing",https://www.datosabiertos.gob.pe/dataset/vacunaci%C3%B3n-contra-covid-19-ministerio-de-salud-minsa,6161929,3860935,2300994
Peru,2021-06-17,"Oxford/AstraZeneca, Pfizer/BioNTech, Sinopharm/Beijing",https://www.datosabiertos.gob.pe/dataset/vacunaci%C3%B3n-contra-covid-19-ministerio-de-salud-minsa,6301231,3900522,2400709
Peru,2021-06-18,"Oxford/AstraZeneca, Pfizer/BioNTech, Sinopharm/Beijing",https://www.datosabiertos.gob.pe/dataset/vacunaci%C3%B3n-contra-covid-19-ministerio-de-salud-minsa,6473537,3935646,2537891
Peru,2021-06-19,"Oxford/AstraZeneca, Pfizer/BioNTech, Sinopharm/Beijing",https://www.datosabiertos.gob.pe/dataset/vacunaci%C3%B3n-contra-covid-19-ministerio-de-salud-minsa,6586133,3957958,2628175
Peru,2021-06-20,"Oxford/AstraZeneca, Pfizer/BioNTech, Sinopharm/Beijing",https://www.datosabiertos.gob.pe/dataset/vacunaci%C3%B3n-contra-covid-19-ministerio-de-salud-minsa,6618968,3964366,2654602
Peru,2021-06-21,"Oxford/AstraZeneca, Pfizer/BioNTech, Sinopharm/Beijing",https://www.datosabiertos.gob.pe/dataset/vacunaci%C3%B3n-contra-covid-19-ministerio-de-salud-minsa,6727173,4006963,2720210
Peru,2021-06-22,"Oxford/AstraZeneca, Pfizer/BioNTech, Sinopharm/Beijing",https://www.datosabiertos.gob.pe/dataset/vacunaci%C3%B3n-contra-covid-19-ministerio-de-salud-minsa,6865861,4052739,2813122
Peru,2021-06-23,"Oxford/AstraZeneca, Pfizer/BioNTech, Sinopharm/Beijing",https://www.datosabiertos.gob.pe/dataset/vacunaci%C3%B3n-contra-covid-19-ministerio-de-salud-minsa,6991014,4092543,2898471
Peru,2021-06-24,"Oxford/AstraZeneca, Pfizer/BioNTech, Sinopharm/Beijing",https://www.datosabiertos.gob.pe/dataset/vacunaci%C3%B3n-contra-covid-19-ministerio-de-salud-minsa,7074344,4135139,2939205
Peru,2021-06-25,"Oxford/AstraZeneca, Pfizer/BioNTech, Sinopharm/Beijing",https://www.datosabiertos.gob.pe/dataset/vacunaci%C3%B3n-contra-covid-19-ministerio-de-salud-minsa,7194863,4222303,2972560
Peru,2021-06-26,"Oxford/AstraZeneca, Pfizer/BioNTech, Sinopharm/Beijing",https://www.datosabiertos.gob.pe/dataset/vacunaci%C3%B3n-contra-covid-19-ministerio-de-salud-minsa,7272472,4287876,2984596
Peru,2021-06-27,"Oxford/AstraZeneca, Pfizer/BioNTech, Sinopharm/Beijing",https://www.datosabiertos.gob.pe/dataset/vacunaci%C3%B3n-contra-covid-19-ministerio-de-salud-minsa,7319682,4331277,2988405
Peru,2021-06-28,"Oxford/AstraZeneca, Pfizer/BioNTech, Sinopharm/Beijing",https://www.datosabiertos.gob.pe/dataset/vacunaci%C3%B3n-contra-covid-19-ministerio-de-salud-minsa,7371940,4370281,3001659
Peru,2021-06-29,"Oxford/AstraZeneca, Pfizer/BioNTech, Sinopharm/Beijing",https://www.datosabiertos.gob.pe/dataset/vacunaci%C3%B3n-contra-covid-19-ministerio-de-salud-minsa,7461165,4398110,3063055
Peru,2021-06-30,"Oxford/AstraZeneca, Pfizer/BioNTech, Sinopharm/Beijing",https://www.datosabiertos.gob.pe/dataset/vacunaci%C3%B3n-contra-covid-19-ministerio-de-salud-minsa,7625666,4473336,3152330
Peru,2021-07-01,"Oxford/AstraZeneca, Pfizer/BioNTech, Sinopharm/Beijing",https://www.datosabiertos.gob.pe/dataset/vacunaci%C3%B3n-contra-covid-19-ministerio-de-salud-minsa,7809309,4563846,3245463
Peru,2021-07-02,"Oxford/AstraZeneca, Pfizer/BioNTech, Sinopharm/Beijing",https://www.datosabiertos.gob.pe/dataset/vacunaci%C3%B3n-contra-covid-19-ministerio-de-salud-minsa,7992139,4664778,3327361
Peru,2021-07-03,"Oxford/AstraZeneca, Pfizer/BioNTech, Sinopharm/Beijing",https://www.datosabiertos.gob.pe/dataset/vacunaci%C3%B3n-contra-covid-19-ministerio-de-salud-minsa,8156959,4766500,3390459
Peru,2021-07-04,"Oxford/AstraZeneca, Pfizer/BioNTech, Sinopharm/Beijing",https://www.datosabiertos.gob.pe/dataset/vacunaci%C3%B3n-contra-covid-19-ministerio-de-salud-minsa,8262056,4844710,3417346
Peru,2021-07-05,"Oxford/AstraZeneca, Pfizer/BioNTech, Sinopharm/Beijing",https://www.datosabiertos.gob.pe/dataset/vacunaci%C3%B3n-contra-covid-19-ministerio-de-salud-minsa,8406323,4958572,3447751
Peru,2021-07-06,"Oxford/AstraZeneca, Pfizer/BioNTech, Sinopharm/Beijing",https://www.datosabiertos.gob.pe/dataset/vacunaci%C3%B3n-contra-covid-19-ministerio-de-salud-minsa,8570649,5088573,3482076
Peru,2021-07-07,"Oxford/AstraZeneca, Pfizer/BioNTech, Sinopharm/Beijing",https://www.datosabiertos.gob.pe/dataset/vacunaci%C3%B3n-contra-covid-19-ministerio-de-salud-minsa,8700407,5190838,3509569
Peru,2021-07-08,"Oxford/AstraZeneca, Pfizer/BioNTech, Sinopharm/Beijing",https://www.datosabiertos.gob.pe/dataset/vacunaci%C3%B3n-contra-covid-19-ministerio-de-salud-minsa,8832810,5287276,3545534
Peru,2021-07-09,"Oxford/AstraZeneca, Pfizer/BioNTech, Sinopharm/Beijing",https://www.datosabiertos.gob.pe/dataset/vacunaci%C3%B3n-contra-covid-19-ministerio-de-salud-minsa,8930921,5363808,3567113
