location,date,vaccine,source_url,total_vaccinations,people_vaccinated,people_fully_vaccinated
Qatar,2020-12-22,Pfizer/BioNTech,https://www.aljazeera.com/news/2020/12/23/qatar-begins-coronavirus-vaccination-campaign,0,,
Qatar,2021-01-28,Pfizer/BioNTech,https://www.gulf-times.com/story/683467/If-Covid-cases-increase-more-restrictions-may-be-e,50000,,
Qatar,2021-02-17,Pfizer/BioNTech,https://www.gulf-times.com/story/684927/More-than-100-000-vaccinated-in-Qatar-so-far-says-,,100000,
Qatar,2021-02-18,Pfizer/BioNTech,https://www.gulf-times.com/story/685040,140000,,
Qatar,2021-03-07,"Moderna, Pfizer/BioNTech",https://twitter.com/MOPHQatar/status/1368573172711370756,327000,,
Qatar,2021-03-10,"Moderna, Pfizer/BioNTech",https://twitter.com/QNAEnglish/status/1369767228703449106,380000,,
Qatar,2021-03-16,"Moderna, Pfizer/BioNTech",https://twitter.com/QNAEnglish/status/1371853178195607558,510000,,
Qatar,2021-03-21,"Moderna, Pfizer/BioNTech",https://covid19.moph.gov.qa/EN/Pages/default.aspx,594613,,
Qatar,2021-03-22,"Moderna, Pfizer/BioNTech",https://covid19.moph.gov.qa/EN/Pages/default.aspx,615655,,
Qatar,2021-03-23,"Moderna, Pfizer/BioNTech",https://covid19.moph.gov.qa/EN/Pages/default.aspx,637461,,
Qatar,2021-03-24,"Moderna, Pfizer/BioNTech",https://covid19.moph.gov.qa/EN/Pages/default.aspx,658325,,
Qatar,2021-03-25,"Moderna, Pfizer/BioNTech",https://covid19.moph.gov.qa/EN/Pages/default.aspx,679278,,
Qatar,2021-03-26,"Moderna, Pfizer/BioNTech",https://covid19.moph.gov.qa/EN/Pages/default.aspx,701943,,
Qatar,2021-03-27,"Moderna, Pfizer/BioNTech",https://covid19.moph.gov.qa/EN/Pages/default.aspx,721236,,
Qatar,2021-03-28,"Moderna, Pfizer/BioNTech",https://covid19.moph.gov.qa/EN/Pages/default.aspx,740309,,
Qatar,2021-03-29,"Moderna, Pfizer/BioNTech",https://covid19.moph.gov.qa/EN/Pages/default.aspx,765110,,
Qatar,2021-03-30,"Moderna, Pfizer/BioNTech",https://covid19.moph.gov.qa/EN/Pages/default.aspx,790676,,
Qatar,2021-03-31,"Moderna, Pfizer/BioNTech",https://covid19.moph.gov.qa/EN/Pages/default.aspx,816484,,
Qatar,2021-04-01,"Moderna, Pfizer/BioNTech",https://covid19.moph.gov.qa/EN/Pages/default.aspx,842000,,
Qatar,2021-04-02,"Moderna, Pfizer/BioNTech",https://covid19.moph.gov.qa/EN/Pages/default.aspx,867209,,
Qatar,2021-04-03,"Moderna, Pfizer/BioNTech",https://covid19.moph.gov.qa/EN/Pages/default.aspx,889202,,
Qatar,2021-04-04,"Moderna, Pfizer/BioNTech",https://covid19.moph.gov.qa/EN/Pages/default.aspx,910851,,
Qatar,2021-04-05,"Moderna, Pfizer/BioNTech",https://covid19.moph.gov.qa/EN/Pages/default.aspx,934843,,
Qatar,2021-04-06,"Moderna, Pfizer/BioNTech",https://covid19.moph.gov.qa/EN/Pages/default.aspx,961555,,
Qatar,2021-04-07,"Moderna, Pfizer/BioNTech",https://covid19.moph.gov.qa/EN/Pages/default.aspx,987673,,
Qatar,2021-04-08,"Moderna, Pfizer/BioNTech",https://covid19.moph.gov.qa/EN/Pages/default.aspx,1012716,,
Qatar,2021-04-09,"Moderna, Pfizer/BioNTech",https://covid19.moph.gov.qa/EN/Pages/default.aspx,1041632,,
Qatar,2021-04-10,"Moderna, Pfizer/BioNTech",https://covid19.moph.gov.qa/EN/Pages/default.aspx,1062250,,
Qatar,2021-04-11,"Moderna, Pfizer/BioNTech",https://covid19.moph.gov.qa/EN/Pages/default.aspx,1079776,,
Qatar,2021-04-12,"Moderna, Pfizer/BioNTech",https://covid19.moph.gov.qa/EN/Pages/default.aspx,1104726,,
Qatar,2021-04-13,"Moderna, Pfizer/BioNTech",https://covid19.moph.gov.qa/EN/Pages/default.aspx,1131631,,
Qatar,2021-04-14,"Moderna, Pfizer/BioNTech",https://covid19.moph.gov.qa/EN/Pages/default.aspx,1159479,,
Qatar,2021-04-15,"Moderna, Pfizer/BioNTech",https://covid19.moph.gov.qa/EN/Pages/default.aspx,1183191,,
Qatar,2021-04-16,"Moderna, Pfizer/BioNTech",https://covid19.moph.gov.qa/EN/Pages/default.aspx,1209648,,
Qatar,2021-04-17,"Moderna, Pfizer/BioNTech",https://covid19.moph.gov.qa/EN/Pages/default.aspx,1225110,,
Qatar,2021-04-18,"Moderna, Pfizer/BioNTech",https://covid19.moph.gov.qa/EN/Pages/default.aspx,1248229,,
Qatar,2021-04-19,"Moderna, Pfizer/BioNTech",https://covid19.moph.gov.qa/EN/Pages/default.aspx,1271478,,
Qatar,2021-04-20,"Moderna, Pfizer/BioNTech",https://covid19.moph.gov.qa/EN/Pages/default.aspx,1296520,,
Qatar,2021-04-21,"Moderna, Pfizer/BioNTech",https://covid19.moph.gov.qa/EN/Pages/default.aspx,1320866,,
Qatar,2021-04-22,"Moderna, Pfizer/BioNTech",https://covid19.moph.gov.qa/EN/Pages/default.aspx,1345423,,
Qatar,2021-04-23,"Moderna, Pfizer/BioNTech",https://covid19.moph.gov.qa/EN/Pages/default.aspx,1372396,,
Qatar,2021-04-24,"Moderna, Pfizer/BioNTech",https://covid19.moph.gov.qa/EN/Pages/default.aspx,1394781,,
Qatar,2021-04-25,"Moderna, Pfizer/BioNTech",https://covid19.moph.gov.qa/EN/Pages/default.aspx,1415761,,
Qatar,2021-04-26,"Moderna, Pfizer/BioNTech",https://covid19.moph.gov.qa/EN/Pages/default.aspx,1442708,,
Qatar,2021-04-27,"Moderna, Pfizer/BioNTech",https://covid19.moph.gov.qa/EN/Pages/default.aspx,1469633,,
Qatar,2021-04-28,"Moderna, Pfizer/BioNTech",https://covid19.moph.gov.qa/EN/Pages/default.aspx,1496833,,
Qatar,2021-04-29,"Moderna, Pfizer/BioNTech",https://covid19.moph.gov.qa/EN/Pages/Vaccination-Program-Data.aspx,1526775,971973,554982
Qatar,2021-04-30,"Moderna, Pfizer/BioNTech",https://covid19.moph.gov.qa/EN/Pages/Vaccination-Program-Data.aspx,1556203,989627,566576
Qatar,2021-05-01,"Moderna, Pfizer/BioNTech",https://covid19.moph.gov.qa/EN/Pages/Vaccination-Program-Data.aspx,1579002,1002748,576254
Qatar,2021-05-02,"Moderna, Pfizer/BioNTech",https://covid19.moph.gov.qa/EN/Pages/Vaccination-Program-Data.aspx,1603913,1017019,586894
Qatar,2021-05-03,"Moderna, Pfizer/BioNTech",https://covid19.moph.gov.qa/EN/Pages/Vaccination-Program-Data.aspx,1635398,1031300,604098
Qatar,2021-05-04,"Moderna, Pfizer/BioNTech",https://covid19.moph.gov.qa/EN/Pages/Vaccination-Program-Data.aspx,1670911,1047196,623715
Qatar,2021-05-05,"Moderna, Pfizer/BioNTech",https://covid19.moph.gov.qa/EN/Pages/Vaccination-Program-Data.aspx,1701914,1064294,637620
Qatar,2021-05-06,"Moderna, Pfizer/BioNTech",https://covid19.moph.gov.qa/EN/Pages/Vaccination-Program-Data.aspx,1732471,1080415,652056
Qatar,2021-05-07,"Moderna, Pfizer/BioNTech",https://covid19.moph.gov.qa/EN/Pages/Vaccination-Program-Data.aspx,1762545,1094976,667569
Qatar,2021-05-08,"Moderna, Pfizer/BioNTech",https://covid19.moph.gov.qa/EN/Pages/Vaccination-Program-Data.aspx,1787160,1103747,683413
Qatar,2021-05-09,"Moderna, Pfizer/BioNTech",https://covid19.moph.gov.qa/EN/Pages/Vaccination-Program-Data.aspx,1813240,1115842,697398
Qatar,2021-05-10,"Moderna, Pfizer/BioNTech",https://covid19.moph.gov.qa/EN/Pages/Vaccination-Program-Data.aspx,1844658,1127091,717567
Qatar,2021-05-11,"Moderna, Pfizer/BioNTech",https://covid19.moph.gov.qa/EN/Pages/Vaccination-Program-Data.aspx,1876178,1137843,738335
Qatar,2021-05-12,"Moderna, Pfizer/BioNTech",https://covid19.moph.gov.qa/EN/Pages/Vaccination-Program-Data.aspx,1911663,1149854,761809
Qatar,2021-05-13,"Moderna, Pfizer/BioNTech",https://covid19.moph.gov.qa/EN/Pages/Vaccination-Program-Data.aspx,1944628,1160213,784415
Qatar,2021-05-14,"Moderna, Pfizer/BioNTech",https://covid19.moph.gov.qa/EN/Pages/Vaccination-Program-Data.aspx,1976748,1168975,807773
Qatar,2021-05-15,"Moderna, Pfizer/BioNTech",https://covid19.moph.gov.qa/EN/Pages/Vaccination-Program-Data.aspx,2002018,1177725,824293
Qatar,2021-05-16,"Moderna, Pfizer/BioNTech",https://covid19.moph.gov.qa/EN/Pages/Vaccination-Program-Data.aspx,2035475,1190700,844775
Qatar,2021-05-17,"Moderna, Pfizer/BioNTech",https://covid19.moph.gov.qa/EN/Pages/Vaccination-Program-Data.aspx,2073354,1206737,866617
Qatar,2021-05-18,"Moderna, Pfizer/BioNTech",https://covid19.moph.gov.qa/EN/Pages/Vaccination-Program-Data.aspx,2109980,1221996,887984
Qatar,2021-05-19,"Moderna, Pfizer/BioNTech",https://covid19.moph.gov.qa/EN/Pages/Vaccination-Program-Data.aspx,2150749,1240202,910547
Qatar,2021-05-20,"Moderna, Pfizer/BioNTech",https://covid19.moph.gov.qa/EN/Pages/Vaccination-Program-Data.aspx,2190807,1261828,928979
Qatar,2021-05-21,"Moderna, Pfizer/BioNTech",https://covid19.moph.gov.qa/EN/Pages/Vaccination-Program-Data.aspx,2233616,1288584,945022
Qatar,2021-05-23,"Moderna, Pfizer/BioNTech",https://covid19.moph.gov.qa/EN/Pages/Vaccination-Program-Data.aspx,2293240,1321233,972007
Qatar,2021-05-24,"Moderna, Pfizer/BioNTech",https://covid19.moph.gov.qa/EN/Pages/Vaccination-Program-Data.aspx,2329338,1341921,987417
Qatar,2021-05-25,"Moderna, Pfizer/BioNTech",https://covid19.moph.gov.qa/EN/Pages/Vaccination-Program-Data.aspx,2365647,1361511,1004136
Qatar,2021-05-26,"Moderna, Pfizer/BioNTech",https://covid19.moph.gov.qa/EN/Pages/Vaccination-Program-Data.aspx,2403165,1381456,1021709
Qatar,2021-05-27,"Moderna, Pfizer/BioNTech",https://covid19.moph.gov.qa/EN/Pages/Vaccination-Program-Data.aspx,2440930,1400720,1040210
Qatar,2021-05-28,"Moderna, Pfizer/BioNTech",https://covid19.moph.gov.qa/EN/Pages/Vaccination-Program-Data.aspx,2475837,1420090,1055747
Qatar,2021-05-29,"Moderna, Pfizer/BioNTech",https://covid19.moph.gov.qa/EN/Pages/Vaccination-Program-Data.aspx,2491638,1430121,1061517
Qatar,2021-05-30,"Moderna, Pfizer/BioNTech",https://covid19.moph.gov.qa/EN/Pages/Vaccination-Program-Data.aspx,2514585,1443882,1070703
Qatar,2021-05-31,"Moderna, Pfizer/BioNTech",https://covid19.moph.gov.qa/EN/Pages/Vaccination-Program-Data.aspx,2545193,1461871,1083322
Qatar,2021-06-01,"Moderna, Pfizer/BioNTech",https://covid19.moph.gov.qa/EN/Pages/Vaccination-Program-Data.aspx,2574692,1479717,1094975
Qatar,2021-06-02,"Moderna, Pfizer/BioNTech",https://covid19.moph.gov.qa/EN/Pages/Vaccination-Program-Data.aspx,2600344,1494265,1106079
Qatar,2021-06-03,"Moderna, Pfizer/BioNTech",https://covid19.moph.gov.qa/EN/Pages/Vaccination-Program-Data.aspx,2622285,1510561,1111724
Qatar,2021-06-04,"Moderna, Pfizer/BioNTech",https://covid19.moph.gov.qa/EN/Pages/Vaccination-Program-Data.aspx,2643573,1526103,1117470
Qatar,2021-06-05,"Moderna, Pfizer/BioNTech",https://covid19.moph.gov.qa/EN/Pages/Vaccination-Program-Data.aspx,2656695,1531477,1125218
Qatar,2021-06-06,"Moderna, Pfizer/BioNTech",https://covid19.moph.gov.qa/EN/Pages/Vaccination-Program-Data.aspx,2676239,1541863,1134376
Qatar,2021-06-07,"Moderna, Pfizer/BioNTech",https://covid19.moph.gov.qa/EN/Pages/Vaccination-Program-Data.aspx,2700942,1554740,1146202
Qatar,2021-06-08,"Moderna, Pfizer/BioNTech",https://covid19.moph.gov.qa/EN/Pages/Vaccination-Program-Data.aspx,2716670,1561481,1155189
Qatar,2021-06-09,"Moderna, Pfizer/BioNTech",https://covid19.moph.gov.qa/EN/Pages/Vaccination-Program-Data.aspx,2729437,1566366,1163071
Qatar,2021-06-10,"Moderna, Pfizer/BioNTech",https://covid19.moph.gov.qa/EN/Pages/Vaccination-Program-Data.aspx,2748452,1572212,1176240
Qatar,2021-06-11,"Moderna, Pfizer/BioNTech",https://covid19.moph.gov.qa/EN/Pages/Vaccination-Program-Data.aspx,2768028,1578669,1189359
Qatar,2021-06-12,"Moderna, Pfizer/BioNTech",https://covid19.moph.gov.qa/EN/Pages/Vaccination-Program-Data.aspx,2780916,1583143,1197773
Qatar,2021-06-13,"Moderna, Pfizer/BioNTech",https://covid19.moph.gov.qa/EN/Pages/Vaccination-Program-Data.aspx,2795091,1587414,1207677
Qatar,2021-06-14,"Moderna, Pfizer/BioNTech",https://covid19.moph.gov.qa/EN/Pages/Vaccination-Program-Data.aspx,2813022,1593600,1219422
Qatar,2021-06-15,"Moderna, Pfizer/BioNTech",https://covid19.moph.gov.qa/EN/Pages/Vaccination-Program-Data.aspx,2833984,1601801,1232183
Qatar,2021-06-16,"Moderna, Pfizer/BioNTech",https://covid19.moph.gov.qa/EN/Pages/Vaccination-Program-Data.aspx,2845587,1605854,1239733
Qatar,2021-06-17,"Moderna, Pfizer/BioNTech",https://covid19.moph.gov.qa/EN/Pages/Vaccination-Program-Data.aspx,2856149,1609775,1246374
Qatar,2021-06-18,"Moderna, Pfizer/BioNTech",https://covid19.moph.gov.qa/EN/Pages/Vaccination-Program-Data.aspx,2868162,1614039,1254123
Qatar,2021-06-19,"Moderna, Pfizer/BioNTech",https://covid19.moph.gov.qa/EN/Pages/Vaccination-Program-Data.aspx,2876509,1616899,1259610
Qatar,2021-06-20,"Moderna, Pfizer/BioNTech",https://covid19.moph.gov.qa/EN/Pages/Vaccination-Program-Data.aspx,2886323,1620571,1265752
Qatar,2021-06-21,"Moderna, Pfizer/BioNTech",https://covid19.moph.gov.qa/EN/Pages/Vaccination-Program-Data.aspx,2898814,1625178,1273636
Qatar,2021-06-22,"Moderna, Pfizer/BioNTech",https://covid19.moph.gov.qa/EN/Pages/Vaccination-Program-Data.aspx,2908963,1629077,1279866
Qatar,2021-06-23,"Moderna, Pfizer/BioNTech",https://covid19.moph.gov.qa/EN/Pages/Vaccination-Program-Data.aspx,2926066,1635054,1291012
Qatar,2021-06-24,"Moderna, Pfizer/BioNTech",https://covid19.moph.gov.qa/EN/Pages/Vaccination-Program-Data.aspx,2956057,1647722,1308335
Qatar,2021-06-25,"Moderna, Pfizer/BioNTech",https://covid19.moph.gov.qa/EN/Pages/Vaccination-Program-Data.aspx,2989246,1658860,1330386
Qatar,2021-06-26,"Moderna, Pfizer/BioNTech",https://covid19.moph.gov.qa/EN/Pages/Vaccination-Program-Data.aspx,3008822,1665031,1343791
Qatar,2021-06-27,"Moderna, Pfizer/BioNTech",https://covid19.moph.gov.qa/EN/Pages/Vaccination-Program-Data.aspx,3041661,1676351,1365310
Qatar,2021-06-28,"Moderna, Pfizer/BioNTech",https://covid19.moph.gov.qa/EN/Pages/Vaccination-Program-Data.aspx,3075375,1689837,1385538
Qatar,2021-06-29,"Moderna, Pfizer/BioNTech",https://covid19.moph.gov.qa/EN/Pages/Vaccination-Program-Data.aspx,3109044,1701777,1407267
Qatar,2021-06-30,"Moderna, Pfizer/BioNTech",https://covid19.moph.gov.qa/EN/Pages/Vaccination-Program-Data.aspx,3145062,1714847,1430215
Qatar,2021-07-01,"Moderna, Pfizer/BioNTech",https://covid19.moph.gov.qa/EN/Pages/Vaccination-Program-Data.aspx,3177744,1728760,1448984
Qatar,2021-07-02,"Moderna, Pfizer/BioNTech",https://covid19.moph.gov.qa/EN/Pages/Vaccination-Program-Data.aspx,3211237,1739012,1472225
Qatar,2021-07-03,"Moderna, Pfizer/BioNTech",https://covid19.moph.gov.qa/EN/Pages/Vaccination-Program-Data.aspx,3226308,1745702,1480606
Qatar,2021-07-04,"Moderna, Pfizer/BioNTech",https://covid19.moph.gov.qa/EN/Pages/Vaccination-Program-Data.aspx,3249265,1760633,1488632
Qatar,2021-07-05,"Moderna, Pfizer/BioNTech",https://covid19.moph.gov.qa/EN/Pages/Vaccination-Program-Data.aspx,3276416,1778906,1497510
Qatar,2021-07-06,"Moderna, Pfizer/BioNTech",https://covid19.moph.gov.qa/EN/Pages/Vaccination-Program-Data.aspx,3304045,1797077,1506968
Qatar,2021-07-07,"Moderna, Pfizer/BioNTech",https://covid19.moph.gov.qa/EN/Pages/Vaccination-Program-Data.aspx,3333203,1815518,1517685
Qatar,2021-07-08,"Moderna, Pfizer/BioNTech",https://covid19.moph.gov.qa/EN/Pages/Vaccination-Program-Data.aspx,3369163,1839827,1529336
Qatar,2021-07-09,"Moderna, Pfizer/BioNTech",https://covid19.moph.gov.qa/EN/Pages/Vaccination-Program-Data.aspx,3383787,1844917,1538870
Qatar,2021-07-10,"Moderna, Pfizer/BioNTech",https://covid19.moph.gov.qa/EN/Pages/Vaccination-Program-Data.aspx,3390306,1847262,1543044
Qatar,2021-07-11,"Moderna, Pfizer/BioNTech",https://covid19.moph.gov.qa/EN/Pages/Vaccination-Program-Data.aspx,3396963,1849825,1547138
