location,date,vaccine,source_url,total_vaccinations,people_vaccinated,people_fully_vaccinated
Scotland,2020-12-08,Pfizer/BioNTech,https://coronavirus.data.gov.uk/details/vaccinations,1894,1894,
Scotland,2020-12-09,Pfizer/BioNTech,https://coronavirus.data.gov.uk/details/vaccinations,5732,5732,
Scotland,2020-12-10,Pfizer/BioNTech,https://coronavirus.data.gov.uk/details/vaccinations,10662,10662,
Scotland,2020-12-11,Pfizer/BioNTech,https://coronavirus.data.gov.uk/details/vaccinations,15928,15928,2
Scotland,2020-12-12,Pfizer/BioNTech,https://coronavirus.data.gov.uk/details/vaccinations,18054,18054,3
Scotland,2020-12-13,Pfizer/BioNTech,https://coronavirus.data.gov.uk/details/vaccinations,19165,19165,3
Scotland,2020-12-14,Pfizer/BioNTech,https://coronavirus.data.gov.uk/details/vaccinations,24852,24852,3
Scotland,2020-12-15,Pfizer/BioNTech,https://coronavirus.data.gov.uk/details/vaccinations,32193,32193,7
Scotland,2020-12-16,Pfizer/BioNTech,https://coronavirus.data.gov.uk/details/vaccinations,39344,39344,8
Scotland,2020-12-17,Pfizer/BioNTech,https://coronavirus.data.gov.uk/details/vaccinations,46401,46401,8
Scotland,2020-12-18,Pfizer/BioNTech,https://coronavirus.data.gov.uk/details/vaccinations,54847,54847,14
Scotland,2020-12-19,Pfizer/BioNTech,https://coronavirus.data.gov.uk/details/vaccinations,58194,58194,14
Scotland,2020-12-20,Pfizer/BioNTech,https://coronavirus.data.gov.uk/details/vaccinations,60723,60723,15
Scotland,2020-12-21,Pfizer/BioNTech,https://coronavirus.data.gov.uk/details/vaccinations,70254,70254,26
Scotland,2020-12-22,Pfizer/BioNTech,https://coronavirus.data.gov.uk/details/vaccinations,82007,82007,33
Scotland,2020-12-23,Pfizer/BioNTech,https://coronavirus.data.gov.uk/details/vaccinations,92105,92105,38
Scotland,2020-12-24,Pfizer/BioNTech,https://coronavirus.data.gov.uk/details/vaccinations,94911,94911,39
Scotland,2020-12-25,Pfizer/BioNTech,https://coronavirus.data.gov.uk/details/vaccinations,94927,94927,39
Scotland,2020-12-26,Pfizer/BioNTech,https://coronavirus.data.gov.uk/details/vaccinations,94930,94930,39
Scotland,2020-12-27,Pfizer/BioNTech,https://coronavirus.data.gov.uk/details/vaccinations,95398,95398,39
Scotland,2020-12-28,Pfizer/BioNTech,https://coronavirus.data.gov.uk/details/vaccinations,97125,97125,40
Scotland,2020-12-29,Pfizer/BioNTech,https://coronavirus.data.gov.uk/details/vaccinations,104688,104688,49
Scotland,2020-12-30,Pfizer/BioNTech,https://coronavirus.data.gov.uk/details/vaccinations,112379,112379,74
Scotland,2020-12-31,Pfizer/BioNTech,https://coronavirus.data.gov.uk/details/vaccinations,116581,116581,83
Scotland,2021-01-01,Pfizer/BioNTech,https://coronavirus.data.gov.uk/details/vaccinations,116618,116618,83
Scotland,2021-01-02,Pfizer/BioNTech,https://coronavirus.data.gov.uk/details/vaccinations,116625,116625,92
Scotland,2021-01-03,Pfizer/BioNTech,https://coronavirus.data.gov.uk/details/vaccinations,116975,116975,92
Scotland,2021-01-04,"Oxford/AstraZeneca, Pfizer/BioNTech",https://coronavirus.data.gov.uk/details/vaccinations,118580,118580,100
Scotland,2021-01-05,"Oxford/AstraZeneca, Pfizer/BioNTech",https://coronavirus.data.gov.uk/details/vaccinations,127186,127186,1019
Scotland,2021-01-06,"Oxford/AstraZeneca, Pfizer/BioNTech",https://coronavirus.data.gov.uk/details/vaccinations,137053,137053,2033
Scotland,2021-01-07,"Oxford/AstraZeneca, Pfizer/BioNTech",https://coronavirus.data.gov.uk/details/vaccinations,147939,147939,2362
Scotland,2021-01-08,"Oxford/AstraZeneca, Pfizer/BioNTech",https://coronavirus.data.gov.uk/details/vaccinations,159405,159405,2748
Scotland,2021-01-10,"Oxford/AstraZeneca, Pfizer/BioNTech",https://coronavirus.data.gov.uk/details/vaccinations,166135,163377,2758
Scotland,2021-01-11,"Oxford/AstraZeneca, Pfizer/BioNTech",https://coronavirus.data.gov.uk/details/vaccinations,178799,175942,2857
Scotland,2021-01-12,"Oxford/AstraZeneca, Pfizer/BioNTech",https://coronavirus.data.gov.uk/details/vaccinations,194955,191965,2990
Scotland,2021-01-13,"Oxford/AstraZeneca, Pfizer/BioNTech",https://coronavirus.data.gov.uk/details/vaccinations,211397,208207,3190
Scotland,2021-01-14,"Oxford/AstraZeneca, Pfizer/BioNTech",https://coronavirus.data.gov.uk/details/vaccinations,228171,224840,3331
Scotland,2021-01-15,"Oxford/AstraZeneca, Pfizer/BioNTech",https://coronavirus.data.gov.uk/details/vaccinations,245436,241924,3512
Scotland,2021-01-16,"Oxford/AstraZeneca, Pfizer/BioNTech",https://coronavirus.data.gov.uk/details/vaccinations,263797,260140,3657
Scotland,2021-01-17,"Oxford/AstraZeneca, Pfizer/BioNTech",https://coronavirus.data.gov.uk/details/vaccinations,268689,264991,3698
Scotland,2021-01-18,"Oxford/AstraZeneca, Pfizer/BioNTech",https://coronavirus.data.gov.uk/details/vaccinations,288468,284582,3886
Scotland,2021-01-19,"Oxford/AstraZeneca, Pfizer/BioNTech",https://coronavirus.data.gov.uk/details/vaccinations,314079,309909,4170
Scotland,2021-01-20,"Oxford/AstraZeneca, Pfizer/BioNTech",https://coronavirus.data.gov.uk/details/vaccinations,339337,334871,4466
Scotland,2021-01-21,"Oxford/AstraZeneca, Pfizer/BioNTech",https://coronavirus.data.gov.uk/details/vaccinations,363143,358454,4689
Scotland,2021-01-22,"Oxford/AstraZeneca, Pfizer/BioNTech",https://coronavirus.data.gov.uk/details/vaccinations,385855,380667,5188
Scotland,2021-01-23,"Oxford/AstraZeneca, Pfizer/BioNTech",https://coronavirus.data.gov.uk/details/vaccinations,409421,404038,5383
Scotland,2021-01-24,"Oxford/AstraZeneca, Pfizer/BioNTech",https://coronavirus.data.gov.uk/details/vaccinations,420940,415402,5538
Scotland,2021-01-25,"Oxford/AstraZeneca, Pfizer/BioNTech",https://coronavirus.data.gov.uk/details/vaccinations,443960,437900,6060
Scotland,2021-01-26,"Oxford/AstraZeneca, Pfizer/BioNTech",https://coronavirus.data.gov.uk/details/vaccinations,468688,462092,6596
Scotland,2021-01-27,"Oxford/AstraZeneca, Pfizer/BioNTech",https://coronavirus.data.gov.uk/details/vaccinations,498441,491658,6783
Scotland,2021-01-28,"Oxford/AstraZeneca, Pfizer/BioNTech",https://coronavirus.data.gov.uk/details/vaccinations,522950,515855,7095
Scotland,2021-01-29,"Oxford/AstraZeneca, Pfizer/BioNTech",https://coronavirus.data.gov.uk/details/vaccinations,551008,543370,7638
Scotland,2021-01-30,"Oxford/AstraZeneca, Pfizer/BioNTech",https://coronavirus.data.gov.uk/details/vaccinations,574063,566269,7794
Scotland,2021-01-31,"Oxford/AstraZeneca, Pfizer/BioNTech",https://coronavirus.data.gov.uk/details/vaccinations,583746,575897,7849
Scotland,2021-02-01,"Oxford/AstraZeneca, Pfizer/BioNTech",https://coronavirus.data.gov.uk/details/vaccinations,619123,610778,8345
Scotland,2021-02-02,"Oxford/AstraZeneca, Pfizer/BioNTech",https://coronavirus.data.gov.uk/details/vaccinations,658020,649262,8758
Scotland,2021-02-03,"Oxford/AstraZeneca, Pfizer/BioNTech",https://coronavirus.data.gov.uk/details/vaccinations,703378,694347,9031
Scotland,2021-02-04,"Oxford/AstraZeneca, Pfizer/BioNTech",https://coronavirus.data.gov.uk/details/vaccinations,752041,742512,9529
Scotland,2021-02-05,"Oxford/AstraZeneca, Pfizer/BioNTech",https://coronavirus.data.gov.uk/details/vaccinations,796759,786427,10332
Scotland,2021-02-06,"Oxford/AstraZeneca, Pfizer/BioNTech",https://coronavirus.data.gov.uk/details/vaccinations,849848,839266,10582
Scotland,2021-02-07,"Oxford/AstraZeneca, Pfizer/BioNTech",https://coronavirus.data.gov.uk/details/vaccinations,877513,866823,10690
Scotland,2021-02-08,"Oxford/AstraZeneca, Pfizer/BioNTech",https://coronavirus.data.gov.uk/details/vaccinations,940379,928122,12257
Scotland,2021-02-09,"Oxford/AstraZeneca, Pfizer/BioNTech",https://coronavirus.data.gov.uk/details/vaccinations,998435,985569,12866
Scotland,2021-02-10,"Oxford/AstraZeneca, Pfizer/BioNTech",https://coronavirus.data.gov.uk/details/vaccinations,1061942,1048747,13195
Scotland,2021-02-11,"Oxford/AstraZeneca, Pfizer/BioNTech",https://coronavirus.data.gov.uk/details/vaccinations,1127191,1113625,13566
Scotland,2021-02-12,"Oxford/AstraZeneca, Pfizer/BioNTech",https://coronavirus.data.gov.uk/details/vaccinations,1187454,1173445,14009
Scotland,2021-02-13,"Oxford/AstraZeneca, Pfizer/BioNTech",https://coronavirus.data.gov.uk/details/vaccinations,1238055,1223774,14281
Scotland,2021-02-14,"Oxford/AstraZeneca, Pfizer/BioNTech",https://coronavirus.data.gov.uk/details/vaccinations,1269691,1255190,14501
Scotland,2021-02-15,"Oxford/AstraZeneca, Pfizer/BioNTech",https://coronavirus.data.gov.uk/details/vaccinations,1305141,1288004,17137
Scotland,2021-02-16,"Oxford/AstraZeneca, Pfizer/BioNTech",https://coronavirus.data.gov.uk/details/vaccinations,1340483,1320074,20409
Scotland,2021-02-17,"Oxford/AstraZeneca, Pfizer/BioNTech",https://coronavirus.data.gov.uk/details/vaccinations,1379135,1354966,24169
Scotland,2021-02-18,"Oxford/AstraZeneca, Pfizer/BioNTech",https://coronavirus.data.gov.uk/details/vaccinations,1415167,1386152,29015
Scotland,2021-02-19,"Oxford/AstraZeneca, Pfizer/BioNTech",https://coronavirus.data.gov.uk/details/vaccinations,1446116,1412643,33473
Scotland,2021-02-20,"Oxford/AstraZeneca, Pfizer/BioNTech",https://coronavirus.data.gov.uk/details/vaccinations,1467421,1431942,35479
Scotland,2021-02-21,"Oxford/AstraZeneca, Pfizer/BioNTech",https://coronavirus.data.gov.uk/details/vaccinations,1482830,1445488,37342
Scotland,2021-02-22,"Oxford/AstraZeneca, Pfizer/BioNTech",https://coronavirus.data.gov.uk/details/vaccinations,1508444,1465241,43203
Scotland,2021-02-23,"Oxford/AstraZeneca, Pfizer/BioNTech",https://coronavirus.data.gov.uk/details/vaccinations,1538198,1488077,50121
Scotland,2021-02-24,"Oxford/AstraZeneca, Pfizer/BioNTech",https://coronavirus.data.gov.uk/details/vaccinations,1572641,1515980,56661
Scotland,2021-02-25,"Oxford/AstraZeneca, Pfizer/BioNTech",https://coronavirus.data.gov.uk/details/vaccinations,1608269,1542929,65340
Scotland,2021-02-26,"Oxford/AstraZeneca, Pfizer/BioNTech",https://coronavirus.data.gov.uk/details/vaccinations,1642331,1570153,72178
Scotland,2021-02-27,"Oxford/AstraZeneca, Pfizer/BioNTech",https://coronavirus.data.gov.uk/details/vaccinations,1670207,1593695,76512
Scotland,2021-02-28,"Oxford/AstraZeneca, Pfizer/BioNTech",https://coronavirus.data.gov.uk/details/vaccinations,1690443,1611578,78865
Scotland,2021-03-01,"Oxford/AstraZeneca, Pfizer/BioNTech",https://coronavirus.data.gov.uk/details/vaccinations,1718806,1634361,84445
Scotland,2021-03-02,"Oxford/AstraZeneca, Pfizer/BioNTech",https://coronavirus.data.gov.uk/details/vaccinations,1754429,1661879,92550
Scotland,2021-03-03,"Oxford/AstraZeneca, Pfizer/BioNTech",https://coronavirus.data.gov.uk/details/vaccinations,1788666,1688608,100058
Scotland,2021-03-04,"Oxford/AstraZeneca, Pfizer/BioNTech",https://coronavirus.data.gov.uk/details/vaccinations,1825869,1717672,108197
Scotland,2021-03-05,"Oxford/AstraZeneca, Pfizer/BioNTech",https://coronavirus.data.gov.uk/details/vaccinations,1857950,1743869,114081
Scotland,2021-03-06,"Oxford/AstraZeneca, Pfizer/BioNTech",https://coronavirus.data.gov.uk/details/vaccinations,1875680,1759750,115930
Scotland,2021-03-07,"Oxford/AstraZeneca, Pfizer/BioNTech",https://coronavirus.data.gov.uk/details/vaccinations,1893391,1774659,118732
Scotland,2021-03-08,"Oxford/AstraZeneca, Pfizer/BioNTech",https://coronavirus.data.gov.uk/details/vaccinations,1913063,1789377,123686
Scotland,2021-03-09,"Oxford/AstraZeneca, Pfizer/BioNTech",https://coronavirus.data.gov.uk/details/vaccinations,1941918,1809158,132760
Scotland,2021-03-10,"Oxford/AstraZeneca, Pfizer/BioNTech",https://coronavirus.data.gov.uk/details/vaccinations,1967233,1825800,141433
Scotland,2021-03-11,"Oxford/AstraZeneca, Pfizer/BioNTech",https://coronavirus.data.gov.uk/details/vaccinations,1994045,1844636,149409
Scotland,2021-03-12,"Oxford/AstraZeneca, Pfizer/BioNTech",https://coronavirus.data.gov.uk/details/vaccinations,2023373,1867123,156250
Scotland,2021-03-13,"Oxford/AstraZeneca, Pfizer/BioNTech",https://coronavirus.data.gov.uk/details/vaccinations,2048735,1888697,160038
Scotland,2021-03-14,"Oxford/AstraZeneca, Pfizer/BioNTech",https://coronavirus.data.gov.uk/details/vaccinations,2070936,1908991,161945
Scotland,2021-03-15,"Oxford/AstraZeneca, Pfizer/BioNTech",https://coronavirus.data.gov.uk/details/vaccinations,2114399,1943507,170892
Scotland,2021-03-16,"Oxford/AstraZeneca, Pfizer/BioNTech",https://coronavirus.data.gov.uk/details/vaccinations,2163697,1981818,181879
Scotland,2021-03-17,"Oxford/AstraZeneca, Pfizer/BioNTech",https://coronavirus.data.gov.uk/details/vaccinations,2215102,2023002,192100
Scotland,2021-03-18,"Oxford/AstraZeneca, Pfizer/BioNTech",https://coronavirus.data.gov.uk/details/vaccinations,2267895,2066460,201435
Scotland,2021-03-19,"Oxford/AstraZeneca, Pfizer/BioNTech",https://coronavirus.data.gov.uk/details/vaccinations,2322052,2110780,211272
Scotland,2021-03-20,"Oxford/AstraZeneca, Pfizer/BioNTech",https://coronavirus.data.gov.uk/details/vaccinations,2365128,2144940,220188
Scotland,2021-03-21,"Oxford/AstraZeneca, Pfizer/BioNTech",https://coronavirus.data.gov.uk/details/vaccinations,2407496,2182400,225096
Scotland,2021-03-22,"Oxford/AstraZeneca, Pfizer/BioNTech",https://coronavirus.data.gov.uk/details/vaccinations,2450343,2214672,235671
Scotland,2021-03-23,"Oxford/AstraZeneca, Pfizer/BioNTech",https://coronavirus.data.gov.uk/details/vaccinations,2498864,2249612,249252
Scotland,2021-03-24,"Oxford/AstraZeneca, Pfizer/BioNTech",https://coronavirus.data.gov.uk/details/vaccinations,2548947,2285711,263236
Scotland,2021-03-25,"Oxford/AstraZeneca, Pfizer/BioNTech",https://coronavirus.data.gov.uk/details/vaccinations,2602646,2322832,279814
Scotland,2021-03-26,"Oxford/AstraZeneca, Pfizer/BioNTech",https://coronavirus.data.gov.uk/details/vaccinations,2653521,2358807,294714
Scotland,2021-03-27,"Oxford/AstraZeneca, Pfizer/BioNTech",https://coronavirus.data.gov.uk/details/vaccinations,2703375,2386158,317217
Scotland,2021-03-28,"Oxford/AstraZeneca, Pfizer/BioNTech",https://coronavirus.data.gov.uk/details/vaccinations,2742250,2410281,331969
Scotland,2021-03-29,"Oxford/AstraZeneca, Pfizer/BioNTech",https://coronavirus.data.gov.uk/details/vaccinations,2786178,2437543,348635
Scotland,2021-03-30,"Oxford/AstraZeneca, Pfizer/BioNTech",https://coronavirus.data.gov.uk/details/vaccinations,2837645,2465541,372104
Scotland,2021-03-31,"Oxford/AstraZeneca, Pfizer/BioNTech",https://coronavirus.data.gov.uk/details/vaccinations,2892389,2493327,399062
Scotland,2021-04-01,"Oxford/AstraZeneca, Pfizer/BioNTech",https://coronavirus.data.gov.uk/details/vaccinations,2930288,2515748,414540
Scotland,2021-04-02,"Oxford/AstraZeneca, Pfizer/BioNTech",https://coronavirus.data.gov.uk/details/vaccinations,2970830,2535889,434941
Scotland,2021-04-03,"Oxford/AstraZeneca, Pfizer/BioNTech",https://coronavirus.data.gov.uk/details/vaccinations,3004894,2553837,451057
Scotland,2021-04-04,"Oxford/AstraZeneca, Pfizer/BioNTech",https://coronavirus.data.gov.uk/details/vaccinations,3021654,2565280,456374
Scotland,2021-04-05,"Oxford/AstraZeneca, Pfizer/BioNTech",https://coronavirus.data.gov.uk/details/vaccinations,3041596,2577816,463780
Scotland,2021-04-06,"Oxford/AstraZeneca, Pfizer/BioNTech",https://coronavirus.data.gov.uk/details/vaccinations,3073171,2593932,479239
Scotland,2021-04-07,"Moderna, Oxford/AstraZeneca, Pfizer/BioNTech",https://coronavirus.data.gov.uk/details/vaccinations,3109207,2608831,500376
Scotland,2021-04-08,"Moderna, Oxford/AstraZeneca, Pfizer/BioNTech",https://coronavirus.data.gov.uk/details/vaccinations,3150389,2625577,524812
Scotland,2021-04-09,"Moderna, Oxford/AstraZeneca, Pfizer/BioNTech",https://coronavirus.data.gov.uk/details/vaccinations,3195223,2643524,551699
Scotland,2021-04-10,"Moderna, Oxford/AstraZeneca, Pfizer/BioNTech",https://coronavirus.data.gov.uk/details/vaccinations,3226453,2657578,568875
Scotland,2021-04-11,"Moderna, Oxford/AstraZeneca, Pfizer/BioNTech",https://coronavirus.data.gov.uk/details/vaccinations,3258897,2668723,590174
Scotland,2021-04-12,"Moderna, Oxford/AstraZeneca, Pfizer/BioNTech",https://coronavirus.data.gov.uk/details/vaccinations,3287832,2682706,605126
Scotland,2021-04-13,"Moderna, Oxford/AstraZeneca, Pfizer/BioNTech",https://coronavirus.data.gov.uk/details/vaccinations,3329393,2694971,634422
Scotland,2021-04-14,"Moderna, Oxford/AstraZeneca, Pfizer/BioNTech",https://coronavirus.data.gov.uk/details/vaccinations,3370666,2708691,661975
Scotland,2021-04-15,"Moderna, Oxford/AstraZeneca, Pfizer/BioNTech",https://coronavirus.data.gov.uk/details/vaccinations,3410845,2722084,688761
Scotland,2021-04-16,"Moderna, Oxford/AstraZeneca, Pfizer/BioNTech",https://coronavirus.data.gov.uk/details/vaccinations,3449101,2733387,715714
Scotland,2021-04-17,"Moderna, Oxford/AstraZeneca, Pfizer/BioNTech",https://coronavirus.data.gov.uk/details/vaccinations,3482651,2744231,738420
Scotland,2021-04-18,"Moderna, Oxford/AstraZeneca, Pfizer/BioNTech",https://coronavirus.data.gov.uk/details/vaccinations,3504809,2747694,757115
Scotland,2021-04-19,"Moderna, Oxford/AstraZeneca, Pfizer/BioNTech",https://coronavirus.data.gov.uk/details/vaccinations,3547319,2750052,797267
Scotland,2021-04-20,"Moderna, Oxford/AstraZeneca, Pfizer/BioNTech",https://coronavirus.data.gov.uk/details/vaccinations,3600230,2752575,847655
Scotland,2021-04-21,"Moderna, Oxford/AstraZeneca, Pfizer/BioNTech",https://coronavirus.data.gov.uk/details/vaccinations,3653406,2755175,898231
Scotland,2021-04-22,"Moderna, Oxford/AstraZeneca, Pfizer/BioNTech",https://coronavirus.data.gov.uk/details/vaccinations,3707609,2758381,949228
Scotland,2021-04-23,"Moderna, Oxford/AstraZeneca, Pfizer/BioNTech",https://coronavirus.data.gov.uk/details/vaccinations,3757787,2764607,993180
Scotland,2021-04-24,"Moderna, Oxford/AstraZeneca, Pfizer/BioNTech",https://coronavirus.data.gov.uk/details/vaccinations,3813545,2771159,1042386
Scotland,2021-04-25,"Moderna, Oxford/AstraZeneca, Pfizer/BioNTech",https://coronavirus.data.gov.uk/details/vaccinations,3842474,2773770,1068704
Scotland,2021-04-26,"Moderna, Oxford/AstraZeneca, Pfizer/BioNTech",https://coronavirus.data.gov.uk/details/vaccinations,3884852,2782162,1102690
Scotland,2021-04-27,"Moderna, Oxford/AstraZeneca, Pfizer/BioNTech",https://coronavirus.data.gov.uk/details/vaccinations,3932925,2789978,1142947
Scotland,2021-04-28,"Moderna, Oxford/AstraZeneca, Pfizer/BioNTech",https://coronavirus.data.gov.uk/details/vaccinations,3981439,2796810,1184629
Scotland,2021-04-29,"Moderna, Oxford/AstraZeneca, Pfizer/BioNTech",https://coronavirus.data.gov.uk/details/vaccinations,4027013,2802152,1224861
Scotland,2021-04-30,"Moderna, Oxford/AstraZeneca, Pfizer/BioNTech",https://coronavirus.data.gov.uk/details/vaccinations,4075205,2811343,1263862
Scotland,2021-05-01,"Moderna, Oxford/AstraZeneca, Pfizer/BioNTech",https://coronavirus.data.gov.uk/details/vaccinations,4115416,2817752,1297664
Scotland,2021-05-02,"Moderna, Oxford/AstraZeneca, Pfizer/BioNTech",https://coronavirus.data.gov.uk/details/vaccinations,4151554,2824955,1326599
Scotland,2021-05-03,"Moderna, Oxford/AstraZeneca, Pfizer/BioNTech",https://coronavirus.data.gov.uk/details/vaccinations,4181811,2833761,1348050
Scotland,2021-05-04,"Moderna, Oxford/AstraZeneca, Pfizer/BioNTech",https://coronavirus.data.gov.uk/details/vaccinations,4220716,2846834,1373882
Scotland,2021-05-05,"Moderna, Oxford/AstraZeneca, Pfizer/BioNTech",https://coronavirus.data.gov.uk/details/vaccinations,4260931,2860635,1400296
Scotland,2021-05-06,"Moderna, Oxford/AstraZeneca, Pfizer/BioNTech",https://coronavirus.data.gov.uk/details/vaccinations,4300841,2876633,1424208
Scotland,2021-05-07,"Moderna, Oxford/AstraZeneca, Pfizer/BioNTech",https://coronavirus.data.gov.uk/details/vaccinations,4334182,2883384,1450798
Scotland,2021-05-08,"Moderna, Oxford/AstraZeneca, Pfizer/BioNTech",https://coronavirus.data.gov.uk/details/vaccinations,4366271,2897975,1468296
Scotland,2021-05-09,"Moderna, Oxford/AstraZeneca, Pfizer/BioNTech",https://coronavirus.data.gov.uk/details/vaccinations,4394452,2909156,1485296
Scotland,2021-05-10,"Moderna, Oxford/AstraZeneca, Pfizer/BioNTech",https://coronavirus.data.gov.uk/details/vaccinations,4435576,2928963,1506613
Scotland,2021-05-11,"Moderna, Oxford/AstraZeneca, Pfizer/BioNTech",https://coronavirus.data.gov.uk/details/vaccinations,4475493,2948604,1526889
Scotland,2021-05-12,"Moderna, Oxford/AstraZeneca, Pfizer/BioNTech",https://coronavirus.data.gov.uk/details/vaccinations,4519508,2968169,1551339
Scotland,2021-05-13,"Moderna, Oxford/AstraZeneca, Pfizer/BioNTech",https://coronavirus.data.gov.uk/details/vaccinations,4561322,2985557,1575765
Scotland,2021-05-14,"Moderna, Oxford/AstraZeneca, Pfizer/BioNTech",https://coronavirus.data.gov.uk/details/vaccinations,4602858,3003339,1599519
Scotland,2021-05-15,"Moderna, Oxford/AstraZeneca, Pfizer/BioNTech",https://coronavirus.data.gov.uk/details/vaccinations,4641366,3020335,1621031
Scotland,2021-05-16,"Moderna, Oxford/AstraZeneca, Pfizer/BioNTech",https://coronavirus.data.gov.uk/details/vaccinations,4674326,3035790,1638536
Scotland,2021-05-17,"Moderna, Oxford/AstraZeneca, Pfizer/BioNTech",https://coronavirus.data.gov.uk/details/vaccinations,4714621,3045152,1669469
Scotland,2021-05-18,"Moderna, Oxford/AstraZeneca, Pfizer/BioNTech",https://coronavirus.data.gov.uk/details/vaccinations,4755771,3051383,1704388
Scotland,2021-05-19,"Moderna, Oxford/AstraZeneca, Pfizer/BioNTech",https://coronavirus.data.gov.uk/details/vaccinations,4805720,3063648,1742072
Scotland,2021-05-20,"Moderna, Oxford/AstraZeneca, Pfizer/BioNTech",https://coronavirus.data.gov.uk/details/vaccinations,4851291,3082251,1769040
Scotland,2021-05-21,"Moderna, Oxford/AstraZeneca, Pfizer/BioNTech",https://coronavirus.data.gov.uk/details/vaccinations,4896297,3096341,1799956
Scotland,2021-05-22,"Moderna, Oxford/AstraZeneca, Pfizer/BioNTech",https://coronavirus.data.gov.uk/details/vaccinations,4937749,3108819,1828930
Scotland,2021-05-23,"Moderna, Oxford/AstraZeneca, Pfizer/BioNTech",https://coronavirus.data.gov.uk/details/vaccinations,4974124,3121945,1852179
Scotland,2021-05-24,"Moderna, Oxford/AstraZeneca, Pfizer/BioNTech",https://coronavirus.data.gov.uk/details/vaccinations,5019580,3138366,1881214
Scotland,2021-05-25,"Moderna, Oxford/AstraZeneca, Pfizer/BioNTech",https://coronavirus.data.gov.uk/details/vaccinations,5069542,3155733,1913809
Scotland,2021-05-26,"Moderna, Oxford/AstraZeneca, Pfizer/BioNTech",https://coronavirus.data.gov.uk/details/vaccinations,5117092,3174807,1942285
Scotland,2021-05-27,"Moderna, Oxford/AstraZeneca, Pfizer/BioNTech",https://coronavirus.data.gov.uk/details/vaccinations,5167057,3196051,1971006
Scotland,2021-05-28,"Moderna, Oxford/AstraZeneca, Pfizer/BioNTech",https://coronavirus.data.gov.uk/details/vaccinations,5214179,3215770,1998409
Scotland,2021-05-29,"Moderna, Oxford/AstraZeneca, Pfizer/BioNTech",https://coronavirus.data.gov.uk/details/vaccinations,5257039,3234311,2022728
Scotland,2021-05-30,"Moderna, Oxford/AstraZeneca, Pfizer/BioNTech",https://coronavirus.data.gov.uk/details/vaccinations,5295391,3251138,2044253
Scotland,2021-05-31,"Moderna, Oxford/AstraZeneca, Pfizer/BioNTech",https://coronavirus.data.gov.uk/details/vaccinations,5342521,3267290,2075231
Scotland,2021-06-01,"Moderna, Oxford/AstraZeneca, Pfizer/BioNTech",https://coronavirus.data.gov.uk/details/vaccinations,5392438,3286261,2106177
Scotland,2021-06-02,"Moderna, Oxford/AstraZeneca, Pfizer/BioNTech",https://coronavirus.data.gov.uk/details/vaccinations,5443430,3305812,2137618
Scotland,2021-06-03,"Moderna, Oxford/AstraZeneca, Pfizer/BioNTech",https://coronavirus.data.gov.uk/details/vaccinations,5496575,3326005,2170570
Scotland,2021-06-04,"Moderna, Oxford/AstraZeneca, Pfizer/BioNTech",https://coronavirus.data.gov.uk/details/vaccinations,5548389,3345842,2202547
Scotland,2021-06-05,"Moderna, Oxford/AstraZeneca, Pfizer/BioNTech",https://coronavirus.data.gov.uk/details/vaccinations,5593272,3365779,2227493
Scotland,2021-06-06,"Moderna, Oxford/AstraZeneca, Pfizer/BioNTech",https://coronavirus.data.gov.uk/details/vaccinations,5637580,3386321,2251259
Scotland,2021-06-07,"Moderna, Oxford/AstraZeneca, Pfizer/BioNTech",https://coronavirus.data.gov.uk/details/vaccinations,5686069,3403866,2282203
Scotland,2021-06-08,"Moderna, Oxford/AstraZeneca, Pfizer/BioNTech",https://coronavirus.data.gov.uk/details/vaccinations,5736126,3422431,2313695
Scotland,2021-06-09,"Moderna, Oxford/AstraZeneca, Pfizer/BioNTech",https://coronavirus.data.gov.uk/details/vaccinations,5786398,3441217,2345181
Scotland,2021-06-10,"Moderna, Oxford/AstraZeneca, Pfizer/BioNTech",https://coronavirus.data.gov.uk/details/vaccinations,5834309,3459063,2375246
Scotland,2021-06-11,"Moderna, Oxford/AstraZeneca, Pfizer/BioNTech",https://coronavirus.data.gov.uk/details/vaccinations,5880078,3477378,2402700
Scotland,2021-06-12,"Moderna, Oxford/AstraZeneca, Pfizer/BioNTech",https://coronavirus.data.gov.uk/details/vaccinations,5923112,3497287,2425825
Scotland,2021-06-13,"Moderna, Oxford/AstraZeneca, Pfizer/BioNTech",https://coronavirus.data.gov.uk/details/vaccinations,5964502,3517668,2446834
Scotland,2021-06-14,"Moderna, Oxford/AstraZeneca, Pfizer/BioNTech",https://coronavirus.data.gov.uk/details/vaccinations,6001642,3531461,2470181
Scotland,2021-06-15,"Moderna, Oxford/AstraZeneca, Pfizer/BioNTech",https://coronavirus.data.gov.uk/details/vaccinations,6045097,3551739,2493358
Scotland,2021-06-16,"Moderna, Oxford/AstraZeneca, Pfizer/BioNTech",https://coronavirus.data.gov.uk/details/vaccinations,6087792,3571726,2516066
Scotland,2021-06-17,"Moderna, Oxford/AstraZeneca, Pfizer/BioNTech",https://coronavirus.data.gov.uk/details/vaccinations,6127441,3591638,2535803
Scotland,2021-06-18,"Moderna, Oxford/AstraZeneca, Pfizer/BioNTech",https://coronavirus.data.gov.uk/details/vaccinations,6166574,3611266,2555308
Scotland,2021-06-19,"Moderna, Oxford/AstraZeneca, Pfizer/BioNTech",https://coronavirus.data.gov.uk/details/vaccinations,6202226,3630589,2571637
Scotland,2021-06-20,"Moderna, Oxford/AstraZeneca, Pfizer/BioNTech",https://coronavirus.data.gov.uk/details/vaccinations,6234407,3647437,2586970
Scotland,2021-06-21,"Moderna, Oxford/AstraZeneca, Pfizer/BioNTech",https://coronavirus.data.gov.uk/details/vaccinations,6267324,3664571,2602753
Scotland,2021-06-22,"Moderna, Oxford/AstraZeneca, Pfizer/BioNTech",https://coronavirus.data.gov.uk/details/vaccinations,6299070,3681620,2617450
Scotland,2021-06-23,"Moderna, Oxford/AstraZeneca, Pfizer/BioNTech",https://coronavirus.data.gov.uk/details/vaccinations,6326836,3695303,2631533
Scotland,2021-06-24,"Moderna, Oxford/AstraZeneca, Pfizer/BioNTech",https://coronavirus.data.gov.uk/details/vaccinations,6357198,3709801,2647397
Scotland,2021-06-25,"Moderna, Oxford/AstraZeneca, Pfizer/BioNTech",https://coronavirus.data.gov.uk/details/vaccinations,6396928,3730101,2666827
Scotland,2021-06-26,"Moderna, Oxford/AstraZeneca, Pfizer/BioNTech",https://coronavirus.data.gov.uk/details/vaccinations,6426867,3747510,2679357
Scotland,2021-06-27,"Moderna, Oxford/AstraZeneca, Pfizer/BioNTech",https://coronavirus.data.gov.uk/details/vaccinations,6457154,3765379,2691775
Scotland,2021-06-28,"Moderna, Oxford/AstraZeneca, Pfizer/BioNTech",https://coronavirus.data.gov.uk/details/vaccinations,6483082,3781887,2701195
Scotland,2021-06-29,"Moderna, Oxford/AstraZeneca, Pfizer/BioNTech",https://coronavirus.data.gov.uk/details/vaccinations,6511704,3799467,2712237
Scotland,2021-06-30,"Moderna, Oxford/AstraZeneca, Pfizer/BioNTech",https://coronavirus.data.gov.uk/details/vaccinations,6538976,3816251,2722725
Scotland,2021-07-01,"Moderna, Oxford/AstraZeneca, Pfizer/BioNTech",https://coronavirus.data.gov.uk/details/vaccinations,6569117,3831770,2737347
Scotland,2021-07-02,"Moderna, Oxford/AstraZeneca, Pfizer/BioNTech",https://coronavirus.data.gov.uk/details/vaccinations,6593744,3844371,2749373
Scotland,2021-07-03,"Moderna, Oxford/AstraZeneca, Pfizer/BioNTech",https://coronavirus.data.gov.uk/details/vaccinations,6619740,3857584,2762156
Scotland,2021-07-04,"Moderna, Oxford/AstraZeneca, Pfizer/BioNTech",https://coronavirus.data.gov.uk/details/vaccinations,6643359,3869223,2774136
Scotland,2021-07-05,"Moderna, Oxford/AstraZeneca, Pfizer/BioNTech",https://coronavirus.data.gov.uk/details/vaccinations,6670529,3879458,2791071
Scotland,2021-07-06,"Moderna, Oxford/AstraZeneca, Pfizer/BioNTech",https://coronavirus.data.gov.uk/details/vaccinations,6699078,3890176,2808902
Scotland,2021-07-07,"Moderna, Oxford/AstraZeneca, Pfizer/BioNTech",https://coronavirus.data.gov.uk/details/vaccinations,6726750,3900864,2825886
Scotland,2021-07-08,"Moderna, Oxford/AstraZeneca, Pfizer/BioNTech",https://coronavirus.data.gov.uk/details/vaccinations,6755127,3911189,2843938
Scotland,2021-07-09,"Moderna, Oxford/AstraZeneca, Pfizer/BioNTech",https://coronavirus.data.gov.uk/details/vaccinations,6781255,3920145,2861110
Scotland,2021-07-10,"Moderna, Oxford/AstraZeneca, Pfizer/BioNTech",https://coronavirus.data.gov.uk/details/vaccinations,6805735,3928409,2877326
