location,date,vaccine,source_url,total_vaccinations,people_vaccinated,people_fully_vaccinated
Slovenia,2020-12-27,"Oxford/AstraZeneca, Pfizer/BioNTech",https://covid-19.sledilnik.org/en/stats,6165,6165,
Slovenia,2020-12-28,"Oxford/AstraZeneca, Pfizer/BioNTech",https://covid-19.sledilnik.org/en/stats,7800,7800,
Slovenia,2020-12-29,"Oxford/AstraZeneca, Pfizer/BioNTech",https://covid-19.sledilnik.org/en/stats,9114,9114,
Slovenia,2020-12-30,"Oxford/AstraZeneca, Pfizer/BioNTech",https://covid-19.sledilnik.org/en/stats,9503,9503,
Slovenia,2020-12-31,"Oxford/AstraZeneca, Pfizer/BioNTech",https://covid-19.sledilnik.org/en/stats,11350,11350,
Slovenia,2021-01-01,"Oxford/AstraZeneca, Pfizer/BioNTech",https://covid-19.sledilnik.org/en/stats,11501,11501,
Slovenia,2021-01-02,"Oxford/AstraZeneca, Pfizer/BioNTech",https://covid-19.sledilnik.org/en/stats,11905,11905,
Slovenia,2021-01-03,"Oxford/AstraZeneca, Pfizer/BioNTech",https://covid-19.sledilnik.org/en/stats,12458,12458,
Slovenia,2021-01-04,"Oxford/AstraZeneca, Pfizer/BioNTech",https://covid-19.sledilnik.org/en/stats,13541,13541,
Slovenia,2021-01-05,"Oxford/AstraZeneca, Pfizer/BioNTech",https://covid-19.sledilnik.org/en/stats,15995,15995,
Slovenia,2021-01-06,"Oxford/AstraZeneca, Pfizer/BioNTech",https://covid-19.sledilnik.org/en/stats,21348,21348,
Slovenia,2021-01-07,"Oxford/AstraZeneca, Pfizer/BioNTech",https://covid-19.sledilnik.org/en/stats,26813,26813,
Slovenia,2021-01-08,"Oxford/AstraZeneca, Pfizer/BioNTech",https://covid-19.sledilnik.org/en/stats,30033,30032,1
Slovenia,2021-01-09,"Oxford/AstraZeneca, Pfizer/BioNTech",https://covid-19.sledilnik.org/en/stats,30287,30286,1
Slovenia,2021-01-10,"Oxford/AstraZeneca, Pfizer/BioNTech",https://covid-19.sledilnik.org/en/stats,30288,30287,1
Slovenia,2021-01-11,"Oxford/AstraZeneca, Pfizer/BioNTech",https://covid-19.sledilnik.org/en/stats,30766,30765,1
Slovenia,2021-01-12,"Oxford/AstraZeneca, Pfizer/BioNTech",https://covid-19.sledilnik.org/en/stats,32633,32632,1
Slovenia,2021-01-13,"Oxford/AstraZeneca, Pfizer/BioNTech",https://covid-19.sledilnik.org/en/stats,37334,37332,2
Slovenia,2021-01-14,"Oxford/AstraZeneca, Pfizer/BioNTech",https://covid-19.sledilnik.org/en/stats,44051,44048,3
Slovenia,2021-01-15,"Oxford/AstraZeneca, Pfizer/BioNTech",https://covid-19.sledilnik.org/en/stats,48960,48810,150
Slovenia,2021-01-16,"Oxford/AstraZeneca, Pfizer/BioNTech",https://covid-19.sledilnik.org/en/stats,49283,49133,150
Slovenia,2021-01-17,"Oxford/AstraZeneca, Pfizer/BioNTech",https://covid-19.sledilnik.org/en/stats,49287,49137,150
Slovenia,2021-01-18,"Oxford/AstraZeneca, Pfizer/BioNTech",https://covid-19.sledilnik.org/en/stats,49515,49200,315
Slovenia,2021-01-19,"Oxford/AstraZeneca, Pfizer/BioNTech",https://covid-19.sledilnik.org/en/stats,51689,49748,1941
Slovenia,2021-01-20,"Oxford/AstraZeneca, Pfizer/BioNTech",https://covid-19.sledilnik.org/en/stats,56589,50933,5656
Slovenia,2021-01-21,"Oxford/AstraZeneca, Pfizer/BioNTech",https://covid-19.sledilnik.org/en/stats,61339,52221,9118
Slovenia,2021-01-22,"Oxford/AstraZeneca, Pfizer/BioNTech",https://covid-19.sledilnik.org/en/stats,63509,53410,10099
Slovenia,2021-01-23,"Oxford/AstraZeneca, Pfizer/BioNTech",https://covid-19.sledilnik.org/en/stats,64227,53639,10588
Slovenia,2021-01-24,"Oxford/AstraZeneca, Pfizer/BioNTech",https://covid-19.sledilnik.org/en/stats,64377,53656,10721
Slovenia,2021-01-25,"Oxford/AstraZeneca, Pfizer/BioNTech",https://covid-19.sledilnik.org/en/stats,64386,53661,10725
Slovenia,2021-01-26,"Oxford/AstraZeneca, Pfizer/BioNTech",https://covid-19.sledilnik.org/en/stats,66203,53743,12460
Slovenia,2021-01-27,"Oxford/AstraZeneca, Pfizer/BioNTech",https://covid-19.sledilnik.org/en/stats,71270,54011,17259
Slovenia,2021-01-28,"Oxford/AstraZeneca, Pfizer/BioNTech",https://covid-19.sledilnik.org/en/stats,77492,54531,22961
Slovenia,2021-01-29,"Oxford/AstraZeneca, Pfizer/BioNTech",https://covid-19.sledilnik.org/en/stats,82059,55084,26975
Slovenia,2021-01-30,"Oxford/AstraZeneca, Pfizer/BioNTech",https://covid-19.sledilnik.org/en/stats,82176,55095,27081
Slovenia,2021-01-31,"Oxford/AstraZeneca, Pfizer/BioNTech",https://covid-19.sledilnik.org/en/stats,82178,55095,27083
Slovenia,2021-02-01,"Oxford/AstraZeneca, Pfizer/BioNTech",https://covid-19.sledilnik.org/en/stats,82241,55118,27123
Slovenia,2021-02-02,"Oxford/AstraZeneca, Pfizer/BioNTech",https://covid-19.sledilnik.org/en/stats,83355,55139,28216
Slovenia,2021-02-03,"Oxford/AstraZeneca, Pfizer/BioNTech",https://covid-19.sledilnik.org/en/stats,88156,55330,32826
Slovenia,2021-02-04,"Oxford/AstraZeneca, Pfizer/BioNTech",https://covid-19.sledilnik.org/en/stats,95565,55944,39621
Slovenia,2021-02-05,"Oxford/AstraZeneca, Pfizer/BioNTech",https://covid-19.sledilnik.org/en/stats,101215,56317,44898
Slovenia,2021-02-06,"Oxford/AstraZeneca, Pfizer/BioNTech",https://covid-19.sledilnik.org/en/stats,101816,56345,45471
Slovenia,2021-02-07,"Oxford/AstraZeneca, Pfizer/BioNTech",https://covid-19.sledilnik.org/en/stats,101816,56345,45471
Slovenia,2021-02-08,"Oxford/AstraZeneca, Pfizer/BioNTech",https://covid-19.sledilnik.org/en/stats,102215,56743,45472
Slovenia,2021-02-09,"Oxford/AstraZeneca, Pfizer/BioNTech",https://covid-19.sledilnik.org/en/stats,102334,56831,45503
Slovenia,2021-02-10,"Oxford/AstraZeneca, Pfizer/BioNTech",https://covid-19.sledilnik.org/en/stats,105550,59332,46218
Slovenia,2021-02-11,"Oxford/AstraZeneca, Pfizer/BioNTech",https://covid-19.sledilnik.org/en/stats,114240,66189,48051
Slovenia,2021-02-12,"Oxford/AstraZeneca, Pfizer/BioNTech",https://covid-19.sledilnik.org/en/stats,122895,73058,49837
Slovenia,2021-02-13,"Oxford/AstraZeneca, Pfizer/BioNTech",https://covid-19.sledilnik.org/en/stats,123791,73767,50024
Slovenia,2021-02-14,"Oxford/AstraZeneca, Pfizer/BioNTech",https://covid-19.sledilnik.org/en/stats,123823,73783,50040
Slovenia,2021-02-15,"Oxford/AstraZeneca, Pfizer/BioNTech",https://covid-19.sledilnik.org/en/stats,123907,73859,50048
Slovenia,2021-02-16,"Oxford/AstraZeneca, Pfizer/BioNTech",https://covid-19.sledilnik.org/en/stats,125019,74900,50119
Slovenia,2021-02-17,"Oxford/AstraZeneca, Pfizer/BioNTech",https://covid-19.sledilnik.org/en/stats,130547,79814,50733
Slovenia,2021-02-18,"Oxford/AstraZeneca, Pfizer/BioNTech",https://covid-19.sledilnik.org/en/stats,139571,88106,51465
Slovenia,2021-02-19,"Oxford/AstraZeneca, Pfizer/BioNTech",https://covid-19.sledilnik.org/en/stats,146285,94223,52062
Slovenia,2021-02-20,"Oxford/AstraZeneca, Pfizer/BioNTech",https://covid-19.sledilnik.org/en/stats,148819,96739,52080
Slovenia,2021-02-21,"Oxford/AstraZeneca, Pfizer/BioNTech",https://covid-19.sledilnik.org/en/stats,148819,96739,52080
Slovenia,2021-02-22,"Oxford/AstraZeneca, Pfizer/BioNTech",https://covid-19.sledilnik.org/en/stats,149293,97210,52083
Slovenia,2021-02-23,"Oxford/AstraZeneca, Pfizer/BioNTech",https://covid-19.sledilnik.org/en/stats,150829,98733,52096
Slovenia,2021-02-24,"Oxford/AstraZeneca, Pfizer/BioNTech",https://covid-19.sledilnik.org/en/stats,157812,105528,52284
Slovenia,2021-02-25,"Oxford/AstraZeneca, Pfizer/BioNTech",https://covid-19.sledilnik.org/en/stats,168767,116294,52473
Slovenia,2021-02-26,"Oxford/AstraZeneca, Pfizer/BioNTech",https://covid-19.sledilnik.org/en/stats,176535,123520,53015
Slovenia,2021-02-27,"Oxford/AstraZeneca, Pfizer/BioNTech",https://covid-19.sledilnik.org/en/stats,177464,124439,53025
Slovenia,2021-02-28,"Oxford/AstraZeneca, Pfizer/BioNTech",https://covid-19.sledilnik.org/en/stats,177465,124439,53026
Slovenia,2021-03-01,"Oxford/AstraZeneca, Pfizer/BioNTech",https://covid-19.sledilnik.org/en/stats,178601,125575,53026
Slovenia,2021-03-02,"Oxford/AstraZeneca, Pfizer/BioNTech",https://covid-19.sledilnik.org/en/stats,180756,127719,53037
Slovenia,2021-03-03,"Oxford/AstraZeneca, Pfizer/BioNTech",https://covid-19.sledilnik.org/en/stats,188194,134266,53928
Slovenia,2021-03-04,"Oxford/AstraZeneca, Pfizer/BioNTech",https://covid-19.sledilnik.org/en/stats,199488,140964,58524
Slovenia,2021-03-05,"Oxford/AstraZeneca, Pfizer/BioNTech",https://covid-19.sledilnik.org/en/stats,209778,145544,64234
Slovenia,2021-03-06,"Oxford/AstraZeneca, Pfizer/BioNTech",https://covid-19.sledilnik.org/en/stats,211727,146901,64826
Slovenia,2021-03-07,"Oxford/AstraZeneca, Pfizer/BioNTech",https://covid-19.sledilnik.org/en/stats,211728,146902,64826
Slovenia,2021-03-08,"Oxford/AstraZeneca, Pfizer/BioNTech",https://covid-19.sledilnik.org/en/stats,213521,148301,65220
Slovenia,2021-03-09,"Oxford/AstraZeneca, Pfizer/BioNTech",https://covid-19.sledilnik.org/en/stats,217688,151974,65714
Slovenia,2021-03-10,"Oxford/AstraZeneca, Pfizer/BioNTech",https://covid-19.sledilnik.org/en/stats,227399,156750,70649
Slovenia,2021-03-11,"Oxford/AstraZeneca, Pfizer/BioNTech",https://covid-19.sledilnik.org/en/stats,241534,163025,78509
Slovenia,2021-03-12,"Oxford/AstraZeneca, Pfizer/BioNTech",https://covid-19.sledilnik.org/en/stats,255119,171488,83631
Slovenia,2021-03-13,"Oxford/AstraZeneca, Pfizer/BioNTech",https://covid-19.sledilnik.org/en/stats,263675,177879,85796
Slovenia,2021-03-14,"Oxford/AstraZeneca, Pfizer/BioNTech",https://covid-19.sledilnik.org/en/stats,263676,177880,85796
Slovenia,2021-03-15,"Oxford/AstraZeneca, Pfizer/BioNTech",https://covid-19.sledilnik.org/en/stats,265297,179209,86088
Slovenia,2021-03-16,"Oxford/AstraZeneca, Pfizer/BioNTech",https://covid-19.sledilnik.org/en/stats,266366,179498,86868
Slovenia,2021-03-17,"Oxford/AstraZeneca, Pfizer/BioNTech",https://covid-19.sledilnik.org/en/stats,272510,179956,92554
Slovenia,2021-03-18,"Oxford/AstraZeneca, Pfizer/BioNTech",https://covid-19.sledilnik.org/en/stats,282590,181640,100950
Slovenia,2021-03-19,"Oxford/AstraZeneca, Pfizer/BioNTech",https://covid-19.sledilnik.org/en/stats,290059,184631,105428
Slovenia,2021-03-20,"Oxford/AstraZeneca, Pfizer/BioNTech",https://covid-19.sledilnik.org/en/stats,294280,188673,105607
Slovenia,2021-03-21,"Oxford/AstraZeneca, Pfizer/BioNTech",https://covid-19.sledilnik.org/en/stats,294281,188674,105607
Slovenia,2021-03-22,"Oxford/AstraZeneca, Pfizer/BioNTech",https://covid-19.sledilnik.org/en/stats,295406,189790,105616
Slovenia,2021-03-23,"Oxford/AstraZeneca, Pfizer/BioNTech",https://covid-19.sledilnik.org/en/stats,299684,193755,105929
Slovenia,2021-03-24,"Oxford/AstraZeneca, Pfizer/BioNTech",https://covid-19.sledilnik.org/en/stats,309623,201095,108528
Slovenia,2021-03-25,"Oxford/AstraZeneca, Pfizer/BioNTech",https://covid-19.sledilnik.org/en/stats,324042,212974,111068
Slovenia,2021-03-26,"Oxford/AstraZeneca, Pfizer/BioNTech",https://covid-19.sledilnik.org/en/stats,340063,226698,113365
Slovenia,2021-03-27,"Oxford/AstraZeneca, Pfizer/BioNTech",https://covid-19.sledilnik.org/en/stats,347316,233457,113859
Slovenia,2021-03-28,"Oxford/AstraZeneca, Pfizer/BioNTech",https://covid-19.sledilnik.org/en/stats,348573,234711,113862
Slovenia,2021-03-29,"Oxford/AstraZeneca, Pfizer/BioNTech",https://covid-19.sledilnik.org/en/stats,349711,235842,113869
Slovenia,2021-03-30,"Oxford/AstraZeneca, Pfizer/BioNTech",https://covid-19.sledilnik.org/en/stats,357628,243442,114186
Slovenia,2021-03-31,"Oxford/AstraZeneca, Pfizer/BioNTech",https://covid-19.sledilnik.org/en/stats,372231,256731,115500
Slovenia,2021-04-01,"Oxford/AstraZeneca, Pfizer/BioNTech",https://covid-19.sledilnik.org/en/stats,391635,273474,118161
Slovenia,2021-04-02,"Oxford/AstraZeneca, Pfizer/BioNTech",https://covid-19.sledilnik.org/en/stats,403814,283562,120252
Slovenia,2021-04-03,"Oxford/AstraZeneca, Pfizer/BioNTech",https://covid-19.sledilnik.org/en/stats,406931,286650,120281
Slovenia,2021-04-04,"Oxford/AstraZeneca, Pfizer/BioNTech",https://covid-19.sledilnik.org/en/stats,408517,288234,120283
Slovenia,2021-04-05,"Oxford/AstraZeneca, Pfizer/BioNTech",https://covid-19.sledilnik.org/en/stats,408518,288235,120283
Slovenia,2021-04-06,"Oxford/AstraZeneca, Pfizer/BioNTech",https://covid-19.sledilnik.org/en/stats,411338,290689,120649
Slovenia,2021-04-07,"Oxford/AstraZeneca, Pfizer/BioNTech",https://covid-19.sledilnik.org/en/stats,417483,296814,120669
Slovenia,2021-04-08,"Oxford/AstraZeneca, Pfizer/BioNTech",https://covid-19.sledilnik.org/en/stats,432848,311519,121329
Slovenia,2021-04-09,"Oxford/AstraZeneca, Pfizer/BioNTech",https://covid-19.sledilnik.org/en/stats,453023,330006,123017
Slovenia,2021-04-10,"Oxford/AstraZeneca, Pfizer/BioNTech",https://covid-19.sledilnik.org/en/stats,462203,339056,123147
Slovenia,2021-04-11,"Oxford/AstraZeneca, Pfizer/BioNTech",https://covid-19.sledilnik.org/en/stats,463823,340663,123160
Slovenia,2021-04-12,"Oxford/AstraZeneca, Pfizer/BioNTech",https://covid-19.sledilnik.org/en/stats,465677,342314,123363
Slovenia,2021-04-13,"Oxford/AstraZeneca, Pfizer/BioNTech",https://covid-19.sledilnik.org/en/stats,469525,345388,124137
Slovenia,2021-04-14,"Oxford/AstraZeneca, Pfizer/BioNTech",https://covid-19.sledilnik.org/en/stats,481151,353183,127968
Slovenia,2021-04-15,"Oxford/AstraZeneca, Pfizer/BioNTech",https://covid-19.sledilnik.org/en/stats,500531,362591,137940
Slovenia,2021-04-16,"Oxford/AstraZeneca, Pfizer/BioNTech",https://covid-19.sledilnik.org/en/stats,514611,370980,143631
Slovenia,2021-04-17,"Oxford/AstraZeneca, Pfizer/BioNTech",https://covid-19.sledilnik.org/en/stats,520746,373478,147268
Slovenia,2021-04-18,"Oxford/AstraZeneca, Pfizer/BioNTech",https://covid-19.sledilnik.org/en/stats,522029,374754,147275
Slovenia,2021-04-19,"Oxford/AstraZeneca, Pfizer/BioNTech",https://covid-19.sledilnik.org/en/stats,524721,377074,147647
Slovenia,2021-04-20,"Oxford/AstraZeneca, Pfizer/BioNTech",https://covid-19.sledilnik.org/en/stats,531382,382275,149107
Slovenia,2021-04-21,"Oxford/AstraZeneca, Pfizer/BioNTech",https://covid-19.sledilnik.org/en/stats,548133,389975,158158
Slovenia,2021-04-22,"Oxford/AstraZeneca, Pfizer/BioNTech",https://covid-19.sledilnik.org/en/stats,568028,398083,169945
Slovenia,2021-04-23,"Oxford/AstraZeneca, Pfizer/BioNTech",https://covid-19.sledilnik.org/en/stats,585582,408881,176701
Slovenia,2021-04-24,"Oxford/AstraZeneca, Pfizer/BioNTech",https://covid-19.sledilnik.org/en/stats,588490,411341,177149
Slovenia,2021-04-25,"Oxford/AstraZeneca, Pfizer/BioNTech",https://covid-19.sledilnik.org/en/stats,589164,411998,177166
Slovenia,2021-04-26,"Oxford/AstraZeneca, Pfizer/BioNTech",https://covid-19.sledilnik.org/en/stats,589547,412373,177174
Slovenia,2021-04-27,"Oxford/AstraZeneca, Pfizer/BioNTech",https://covid-19.sledilnik.org/en/stats,590003,412824,177179
Slovenia,2021-04-28,"Oxford/AstraZeneca, Pfizer/BioNTech",https://covid-19.sledilnik.org/en/stats,597938,415998,181940
Slovenia,2021-04-29,"Oxford/AstraZeneca, Pfizer/BioNTech",https://covid-19.sledilnik.org/en/stats,617180,421977,195203
Slovenia,2021-04-30,"Oxford/AstraZeneca, Pfizer/BioNTech",https://covid-19.sledilnik.org/en/stats,638278,428281,209997
Slovenia,2021-05-01,"Oxford/AstraZeneca, Pfizer/BioNTech",https://covid-19.sledilnik.org/en/stats,645468,429147,216321
Slovenia,2021-05-02,"Oxford/AstraZeneca, Pfizer/BioNTech",https://covid-19.sledilnik.org/en/stats,648902,430438,218464
Slovenia,2021-05-03,"Oxford/AstraZeneca, Pfizer/BioNTech",https://covid-19.sledilnik.org/en/stats,656882,435493,221389
Slovenia,2021-05-04,"Oxford/AstraZeneca, Pfizer/BioNTech",https://covid-19.sledilnik.org/en/stats,666767,442598,224169
Slovenia,2021-05-05,"Oxford/AstraZeneca, Pfizer/BioNTech",https://covid-19.sledilnik.org/en/stats,684759,452708,232051
Slovenia,2021-05-06,"Oxford/AstraZeneca, Pfizer/BioNTech",https://covid-19.sledilnik.org/en/stats,712497,468315,244182
Slovenia,2021-05-07,"Oxford/AstraZeneca, Pfizer/BioNTech",https://covid-19.sledilnik.org/en/stats,734464,481761,252703
Slovenia,2021-05-08,"Oxford/AstraZeneca, Pfizer/BioNTech",https://covid-19.sledilnik.org/en/stats,745171,487226,257945
Slovenia,2021-05-09,"Oxford/AstraZeneca, Pfizer/BioNTech",https://covid-19.sledilnik.org/en/stats,746943,488877,258066
Slovenia,2021-05-10,"Oxford/AstraZeneca, Pfizer/BioNTech",https://covid-19.sledilnik.org/en/stats,750616,491186,259430
Slovenia,2021-05-11,"Oxford/AstraZeneca, Pfizer/BioNTech",https://covid-19.sledilnik.org/en/stats,760857,499312,261545
Slovenia,2021-05-12,"Oxford/AstraZeneca, Pfizer/BioNTech",https://covid-19.sledilnik.org/en/stats,783106,515760,267346
Slovenia,2021-05-13,"Oxford/AstraZeneca, Pfizer/BioNTech",https://covid-19.sledilnik.org/en/stats,811989,535035,276954
Slovenia,2021-05-14,"Oxford/AstraZeneca, Pfizer/BioNTech",https://covid-19.sledilnik.org/en/stats,837659,552133,285526
Slovenia,2021-05-15,"Oxford/AstraZeneca, Pfizer/BioNTech",https://covid-19.sledilnik.org/en/stats,848750,558962,289788
Slovenia,2021-05-16,"Oxford/AstraZeneca, Pfizer/BioNTech",https://covid-19.sledilnik.org/en/stats,851881,559148,292733
Slovenia,2021-05-17,"Oxford/AstraZeneca, Pfizer/BioNTech",https://covid-19.sledilnik.org/en/stats,860362,562559,297803
Slovenia,2021-05-18,"Oxford/AstraZeneca, Pfizer/BioNTech",https://covid-19.sledilnik.org/en/stats,874032,572648,301384
Slovenia,2021-05-19,"Oxford/AstraZeneca, Pfizer/BioNTech",https://covid-19.sledilnik.org/en/stats,897562,588255,309307
Slovenia,2021-05-20,"Oxford/AstraZeneca, Pfizer/BioNTech",https://covid-19.sledilnik.org/en/stats,927530,611227,316303
Slovenia,2021-05-21,"Oxford/AstraZeneca, Pfizer/BioNTech",https://covid-19.sledilnik.org/en/stats,954830,625912,328918
Slovenia,2021-05-22,"Oxford/AstraZeneca, Pfizer/BioNTech",https://covid-19.sledilnik.org/en/stats,965751,629338,336413
Slovenia,2021-05-23,"Oxford/AstraZeneca, Pfizer/BioNTech",https://covid-19.sledilnik.org/en/stats,968792,630534,338258
Slovenia,2021-05-24,"Oxford/AstraZeneca, Pfizer/BioNTech",https://covid-19.sledilnik.org/en/stats,975284,631722,343562
Slovenia,2021-05-25,"Oxford/AstraZeneca, Pfizer/BioNTech",https://covid-19.sledilnik.org/en/stats,985844,635363,350481
Slovenia,2021-05-26,"Oxford/AstraZeneca, Pfizer/BioNTech",https://covid-19.sledilnik.org/en/stats,1007894,642440,365454
Slovenia,2021-05-27,"Oxford/AstraZeneca, Pfizer/BioNTech",https://covid-19.sledilnik.org/en/stats,1037190,651542,385648
Slovenia,2021-05-28,"Oxford/AstraZeneca, Pfizer/BioNTech",https://covid-19.sledilnik.org/en/stats,1059520,659871,399649
Slovenia,2021-05-29,"Oxford/AstraZeneca, Pfizer/BioNTech",https://covid-19.sledilnik.org/en/stats,1070146,663673,406473
Slovenia,2021-05-30,"Oxford/AstraZeneca, Pfizer/BioNTech",https://covid-19.sledilnik.org/en/stats,1070148,663674,406474
Slovenia,2021-05-31,"Oxford/AstraZeneca, Pfizer/BioNTech",https://covid-19.sledilnik.org/en/stats,1077031,666542,410489
Slovenia,2021-06-01,"Oxford/AstraZeneca, Pfizer/BioNTech",https://covid-19.sledilnik.org/en/stats,1093261,671128,422133
Slovenia,2021-06-02,"Oxford/AstraZeneca, Pfizer/BioNTech",https://covid-19.sledilnik.org/en/stats,1122630,686217,436413
Slovenia,2021-06-03,"Oxford/AstraZeneca, Pfizer/BioNTech",https://covid-19.sledilnik.org/en/stats,1159451,703568,455883
Slovenia,2021-06-04,"Oxford/AstraZeneca, Pfizer/BioNTech",https://covid-19.sledilnik.org/en/stats,1190198,713941,476257
Slovenia,2021-06-05,"Oxford/AstraZeneca, Pfizer/BioNTech",https://covid-19.sledilnik.org/en/stats,1203302,720315,482987
Slovenia,2021-06-06,"Oxford/AstraZeneca, Pfizer/BioNTech",https://covid-19.sledilnik.org/en/stats,1209661,724136,485525
Slovenia,2021-06-07,"Oxford/AstraZeneca, Pfizer/BioNTech",https://covid-19.sledilnik.org/en/stats,1217003,727107,489896
Slovenia,2021-06-08,"Oxford/AstraZeneca, Pfizer/BioNTech",https://covid-19.sledilnik.org/en/stats,1231631,734256,497375
Slovenia,2021-06-09,"Oxford/AstraZeneca, Pfizer/BioNTech",https://covid-19.sledilnik.org/en/stats,1254537,743401,511136
Slovenia,2021-06-10,"Oxford/AstraZeneca, Pfizer/BioNTech",https://covid-19.sledilnik.org/en/stats,1287070,758684,528386
Slovenia,2021-06-11,"Oxford/AstraZeneca, Pfizer/BioNTech",https://covid-19.sledilnik.org/en/stats,1311475,766082,545393
Slovenia,2021-06-12,"Oxford/AstraZeneca, Pfizer/BioNTech",https://covid-19.sledilnik.org/en/stats,1322316,770385,551931
Slovenia,2021-06-13,"Oxford/AstraZeneca, Pfizer/BioNTech",https://covid-19.sledilnik.org/en/stats,1325430,772799,552631
Slovenia,2021-06-14,"Oxford/AstraZeneca, Pfizer/BioNTech",https://covid-19.sledilnik.org/en/stats,1331868,775385,556483
Slovenia,2021-06-15,"Oxford/AstraZeneca, Pfizer/BioNTech",https://covid-19.sledilnik.org/en/stats,1342003,780761,561242
Slovenia,2021-06-16,"Oxford/AstraZeneca, Pfizer/BioNTech",https://covid-19.sledilnik.org/en/stats,1359100,787601,571499
Slovenia,2021-06-17,"Oxford/AstraZeneca, Pfizer/BioNTech",https://covid-19.sledilnik.org/en/stats,1379888,794830,585058
Slovenia,2021-06-18,"Oxford/AstraZeneca, Pfizer/BioNTech",https://covid-19.sledilnik.org/en/stats,1394162,799483,594679
Slovenia,2021-06-19,"Oxford/AstraZeneca, Pfizer/BioNTech",https://covid-19.sledilnik.org/en/stats,1396637,800691,595946
Slovenia,2021-06-20,"Oxford/AstraZeneca, Pfizer/BioNTech",https://covid-19.sledilnik.org/en/stats,1398101,800776,597325
Slovenia,2021-06-21,"Oxford/AstraZeneca, Pfizer/BioNTech",https://covid-19.sledilnik.org/en/stats,1403737,802415,601322
Slovenia,2021-06-22,"Oxford/AstraZeneca, Pfizer/BioNTech",https://covid-19.sledilnik.org/en/stats,1414048,805256,608792
Slovenia,2021-06-23,"Oxford/AstraZeneca, Pfizer/BioNTech",https://covid-19.sledilnik.org/en/stats,1433780,810004,623776
Slovenia,2021-06-24,"Oxford/AstraZeneca, Pfizer/BioNTech",https://covid-19.sledilnik.org/en/stats,1459208,814930,644278
Slovenia,2021-06-25,"Oxford/AstraZeneca, Pfizer/BioNTech",https://covid-19.sledilnik.org/en/stats,1459276,814940,644336
Slovenia,2021-06-26,"Oxford/AstraZeneca, Pfizer/BioNTech",https://covid-19.sledilnik.org/en/stats,1463342,815354,647988
Slovenia,2021-06-27,"Oxford/AstraZeneca, Pfizer/BioNTech",https://covid-19.sledilnik.org/en/stats,1463362,815363,647999
Slovenia,2021-06-28,"Oxford/AstraZeneca, Pfizer/BioNTech",https://covid-19.sledilnik.org/en/stats,1469543,816589,652954
Slovenia,2021-06-29,"Oxford/AstraZeneca, Pfizer/BioNTech",https://covid-19.sledilnik.org/en/stats,1481117,818419,662698
Slovenia,2021-06-30,"Oxford/AstraZeneca, Pfizer/BioNTech",https://covid-19.sledilnik.org/en/stats,1495443,821990,673453
Slovenia,2021-07-01,"Oxford/AstraZeneca, Pfizer/BioNTech",https://covid-19.sledilnik.org/en/stats,1514890,825512,689378
Slovenia,2021-07-02,"Oxford/AstraZeneca, Pfizer/BioNTech",https://covid-19.sledilnik.org/en/stats,1529093,829269,699824
Slovenia,2021-07-03,"Oxford/AstraZeneca, Pfizer/BioNTech",https://covid-19.sledilnik.org/en/stats,1530629,829671,700958
Slovenia,2021-07-04,"Oxford/AstraZeneca, Pfizer/BioNTech",https://covid-19.sledilnik.org/en/stats,1530644,829671,700973
Slovenia,2021-07-05,"Oxford/AstraZeneca, Pfizer/BioNTech",https://covid-19.sledilnik.org/en/stats,1537239,831064,706175
Slovenia,2021-07-06,"Oxford/AstraZeneca, Pfizer/BioNTech",https://covid-19.sledilnik.org/en/stats,1545671,833265,712406
Slovenia,2021-07-07,"Oxford/AstraZeneca, Pfizer/BioNTech",https://covid-19.sledilnik.org/en/stats,1558494,837552,720942
Slovenia,2021-07-08,"Oxford/AstraZeneca, Pfizer/BioNTech",https://covid-19.sledilnik.org/en/stats,1574430,842924,731506
Slovenia,2021-07-09,"Oxford/AstraZeneca, Pfizer/BioNTech",https://covid-19.sledilnik.org/en/stats,1586063,846959,739104
Slovenia,2021-07-10,"Oxford/AstraZeneca, Pfizer/BioNTech",https://covid-19.sledilnik.org/en/stats,1587229,847611,739618
Slovenia,2021-07-11,"Oxford/AstraZeneca, Pfizer/BioNTech",https://covid-19.sledilnik.org/en/stats,1587535,847797,739738
