location,date,vaccine,source_url,total_vaccinations,people_vaccinated,people_fully_vaccinated
Solomon Islands,2021-03-23,Oxford/AstraZeneca,https://stats.pacificdata.org/vis?tm=covid&pg=0&df[ds]=SPC2&df[id]=DF_COVID_VACCINATION&df[ag]=SPC&df[vs]=1.0,0,0,
Solomon Islands,2021-04-13,Oxford/AstraZeneca,https://stats.pacificdata.org/vis?tm=covid&pg=0&df[ds]=SPC2&df[id]=DF_COVID_VACCINATION&df[ag]=SPC&df[vs]=1.0,2622,2622,0
Solomon Islands,2021-04-20,Oxford/AstraZeneca,https://stats.pacificdata.org/vis?tm=covid&pg=0&df[ds]=SPC2&df[id]=DF_COVID_VACCINATION&df[ag]=SPC&df[vs]=1.0,3479,3479,0
Solomon Islands,2021-06-21,Oxford/AstraZeneca,https://stats.pacificdata.org/vis?tm=covid&pg=0&df[ds]=SPC2&df[id]=DF_COVID_VACCINATION&df[ag]=SPC&df[vs]=1.0,21469,18042,3427
Solomon Islands,2021-06-29,Oxford/AstraZeneca,https://stats.pacificdata.org/vis?tm=covid&pg=0&df[ds]=SPC2&df[id]=DF_COVID_VACCINATION&df[ag]=SPC&df[vs]=1.0,21742,18050,3692
