location,date,vaccine,source_url,total_vaccinations,people_vaccinated,people_fully_vaccinated
South Africa,2021-02-16,Johnson&Johnson,https://twitter.com/DrZweliMkhize/status/1361979084671250436,0,0,0
South Africa,2021-02-18,Johnson&Johnson,https://twitter.com/DrZweliMkhize/status/1362510569631346688,2260,2260,2260
South Africa,2021-02-19,Johnson&Johnson,https://twitter.com/DrZweliMkhize/status/1362851290758397958,6524,6524,6524
South Africa,2021-02-20,Johnson&Johnson,https://twitter.com/DrZweliMkhize/status/1363219317958008836,10414,10414,10414
South Africa,2021-02-21,Johnson&Johnson,https://twitter.com/DrZweliMkhize/status/1363584633775001601,15388,15388,15388
South Africa,2021-02-22,Johnson&Johnson,https://twitter.com/DrZweliMkhize/status/1363951125582516225,23059,23059,23059
South Africa,2021-02-23,Johnson&Johnson,https://twitter.com/DrZweliMkhize/status/1364313341078945801,32315,32315,32315
South Africa,2021-02-24,Johnson&Johnson,https://twitter.com/DrZweliMkhize/status/1364670956501934081,41809,41809,41809
South Africa,2021-02-25,Johnson&Johnson,https://twitter.com/DrZweliMkhize/status/1365047170328633347,52647,52647,52647
South Africa,2021-02-26,Johnson&Johnson,https://twitter.com/DrZweliMkhize/status/1365388112503930888,63648,63648,63648
South Africa,2021-02-27,Johnson&Johnson,https://twitter.com/DrZweliMkhize/status/1365747933648404484,67303,67303,67303
South Africa,2021-02-28,Johnson&Johnson,https://sacoronavirus.co.za/,70527,70527,70527
South Africa,2021-03-01,Johnson&Johnson,https://www.nicd.ac.za/latest-confirmed-cases-of-covid-19-in-south-africa-1-mar-2021/,73047,73047,73047
South Africa,2021-03-02,Johnson&Johnson,https://www.nicd.ac.za/latest-confirmed-cases-of-covid-19-in-south-africa-2-mar-2021/,76037,76037,76037
South Africa,2021-03-03,Johnson&Johnson,https://www.nicd.ac.za/latest-confirmed-cases-of-covid-19-in-south-africa-3-mar-2021/,83570,83570,83570
South Africa,2021-03-04,Johnson&Johnson,https://www.nicd.ac.za/latest-confirmed-cases-of-covid-19-in-south-africa-4-mar-2021/,92029,92029,92029
South Africa,2021-03-05,Johnson&Johnson,https://www.nicd.ac.za/latest-confirmed-cases-of-covid-19-in-south-africa-5-mar-2021/,100180,100180,100180
South Africa,2021-03-06,Johnson&Johnson,https://www.nicd.ac.za/latest-confirmed-cases-of-covid-19-in-south-africa-6-mar-2021/,101573,101573,101573
South Africa,2021-03-07,Johnson&Johnson,https://sacoronavirus.co.za/,101573,101573,101573
South Africa,2021-03-08,Johnson&Johnson,https://sacoronavirus.co.za/,101841,101841,101841
South Africa,2021-03-09,Johnson&Johnson,https://sacoronavirus.co.za/,107054,107054,107054
South Africa,2021-03-10,Johnson&Johnson,https://sacoronavirus.co.za/,128887,128887,128887
South Africa,2021-03-11,Johnson&Johnson,https://sacoronavirus.co.za/,138014,138014,138014
South Africa,2021-03-12,Johnson&Johnson,https://sacoronavirus.co.za/,145215,145215,145215
South Africa,2021-03-13,Johnson&Johnson,https://sacoronavirus.co.za/,145544,145544,145544
South Africa,2021-03-15,Johnson&Johnson,https://sacoronavirus.co.za/,147753,147753,147753
South Africa,2021-03-16,Johnson&Johnson,https://sacoronavirus.co.za/,157286,157286,157286
South Africa,2021-03-17,Johnson&Johnson,https://sacoronavirus.co.za/,168413,168413,168413
South Africa,2021-03-18,Johnson&Johnson,https://sacoronavirus.co.za/,177275,177275,177275
South Africa,2021-03-19,Johnson&Johnson,https://sacoronavirus.co.za/,182983,182983,182983
South Africa,2021-03-23,Johnson&Johnson,https://sacoronavirus.co.za/,194257,194257,194257
South Africa,2021-03-24,Johnson&Johnson,https://sacoronavirus.co.za/,207808,207808,207808
South Africa,2021-03-25,Johnson&Johnson,https://sacoronavirus.co.za/,220129,220129,220129
South Africa,2021-03-26,Johnson&Johnson,https://sacoronavirus.co.za/,231002,231002,231002
South Africa,2021-03-27,Johnson&Johnson,https://sacoronavirus.co.za/,231605,231605,231605
South Africa,2021-03-29,Johnson&Johnson,https://sacoronavirus.co.za/,239665,239665,239665
South Africa,2021-03-30,Johnson&Johnson,https://sacoronavirus.co.za/,251707,251707,251707
South Africa,2021-03-31,Johnson&Johnson,https://sacoronavirus.co.za/,263878,263878,263878
South Africa,2021-04-01,Johnson&Johnson,https://sacoronavirus.co.za/,269102,269102,269102
South Africa,2021-04-06,Johnson&Johnson,https://sacoronavirus.co.za/,272438,272438,272438
South Africa,2021-04-07,Johnson&Johnson,https://sacoronavirus.co.za/,278909,278909,278909
South Africa,2021-04-08,Johnson&Johnson,https://sacoronavirus.co.za/,283629,283629,283629
South Africa,2021-04-09,Johnson&Johnson,https://sacoronavirus.co.za/,288368,288368,288368
South Africa,2021-04-10,Johnson&Johnson,https://sacoronavirus.co.za/,288406,288406,288406
South Africa,2021-04-12,Johnson&Johnson,https://sacoronavirus.co.za/,289787,289787,289787
South Africa,2021-04-13,Johnson&Johnson,https://sacoronavirus.co.za/,292623,292623,292623
South Africa,2021-04-28,Johnson&Johnson,https://sacoronavirus.co.za/,298153,298153,298153
South Africa,2021-04-29,Johnson&Johnson,https://sacoronavirus.co.za/,307591,307591,307591
South Africa,2021-04-30,Johnson&Johnson,https://sacoronavirus.co.za/,317656,317656,317656
South Africa,2021-05-01,Johnson&Johnson,https://sacoronavirus.co.za/,318670,318670,318670
South Africa,2021-05-03,Johnson&Johnson,https://sacoronavirus.co.za/,329098,329098,329098
South Africa,2021-05-04,Johnson&Johnson,https://sacoronavirus.co.za/,353181,353181,353181
South Africa,2021-05-05,Johnson&Johnson,https://sacoronavirus.co.za/,366101,366101,366101
South Africa,2021-05-07,Johnson&Johnson,https://sacoronavirus.co.za/,381171,381171,381171
South Africa,2021-05-08,Johnson&Johnson,https://sacoronavirus.co.za/,382480,382480,382480
South Africa,2021-05-10,Johnson&Johnson,https://sacoronavirus.co.za/,395230,395230,395230
South Africa,2021-05-11,Johnson&Johnson,https://sacoronavirus.co.za/,414372,414372,414372
South Africa,2021-05-12,Johnson&Johnson,https://sacoronavirus.co.za/,430730,430730,430730
South Africa,2021-05-13,Johnson&Johnson,https://sacoronavirus.co.za/,455169,455169,455169
South Africa,2021-05-14,Johnson&Johnson,https://sacoronavirus.co.za/,474318,474318,474318
South Africa,2021-05-15,Johnson&Johnson,https://sacoronavirus.co.za/,478452,478452,478452
South Africa,2021-05-16,Johnson&Johnson,https://sacoronavirus.co.za/,478733,478733,478733
South Africa,2021-05-17,"Johnson&Johnson, Pfizer/BioNTech",https://www.nicd.ac.za/latest-confirmed-cases-of-covid-19-in-south-africa-17-may-2021/,478733,478733,478733
South Africa,2021-05-18,"Johnson&Johnson, Pfizer/BioNTech",https://www.nicd.ac.za/latest-confirmed-cases-of-covid-19-in-south-africa-18-may-2021/,519139,519139,479768
South Africa,2021-05-19,"Johnson&Johnson, Pfizer/BioNTech",https://www.nicd.ac.za/latest-confirmed-cases-of-covid-19-in-south-africa-19-may-2021/,558170,558170,
South Africa,2021-05-20,"Johnson&Johnson, Pfizer/BioNTech",https://www.nicd.ac.za/latest-confirmed-cases-of-covid-19-in-south-africa-20-may-2021/,597406,597406,
South Africa,2021-05-21,"Johnson&Johnson, Pfizer/BioNTech",https://www.nicd.ac.za/latest-confirmed-cases-of-covid-19-in-south-africa-21-may-2021/,642382,642382,
South Africa,2021-05-22,"Johnson&Johnson, Pfizer/BioNTech",https://www.nicd.ac.za/latest-confirmed-cases-of-covid-19-in-south-africa-23-may-2021/,647983,647983,
South Africa,2021-05-23,"Johnson&Johnson, Pfizer/BioNTech",https://www.nicd.ac.za/latest-confirmed-cases-of-covid-19-in-south-africa-24-may-2021/,651628,651628,
South Africa,2021-05-24,"Johnson&Johnson, Pfizer/BioNTech",https://www.nicd.ac.za/latest-confirmed-cases-of-covid-19-in-south-africa-25-may-2021/,700904,700904,
South Africa,2021-05-25,"Johnson&Johnson, Pfizer/BioNTech",https://www.nicd.ac.za/latest-confirmed-cases-of-covid-19-in-south-africa-26-may-2021/,761903,761903,
South Africa,2021-05-26,"Johnson&Johnson, Pfizer/BioNTech",https://www.nicd.ac.za/latest-confirmed-cases-of-covid-19-in-south-africa-27-may-2021/,828204,828204,
South Africa,2021-05-27,"Johnson&Johnson, Pfizer/BioNTech",https://www.nicd.ac.za/latest-confirmed-cases-of-covid-19-in-south-africa-28-may-2021/,898955,898955,
South Africa,2021-05-28,"Johnson&Johnson, Pfizer/BioNTech",https://www.nicd.ac.za/latest-confirmed-cases-of-covid-19-in-south-africa-29-may-2021/,963876,963876,
South Africa,2021-05-29,"Johnson&Johnson, Pfizer/BioNTech",https://www.nicd.ac.za/latest-confirmed-cases-of-covid-19-in-south-africa-30-may-2021/,968319,968319,
South Africa,2021-05-30,"Johnson&Johnson, Pfizer/BioNTech",https://www.nicd.ac.za/latest-confirmed-cases-of-covid-19-in-south-africa-31-may-2021/,970448,970448,
South Africa,2021-05-31,"Johnson&Johnson, Pfizer/BioNTech",https://www.nicd.ac.za/latest-confirmed-cases-of-covid-19-in-south-africa-1-june-2021/,1045104,1045104,
South Africa,2021-06-01,"Johnson&Johnson, Pfizer/BioNTech",https://www.nicd.ac.za/latest-confirmed-cases-of-covid-19-in-south-africa-2-june-2021/,1117569,1117569,
South Africa,2021-06-02,"Johnson&Johnson, Pfizer/BioNTech",https://sacoronavirus.co.za/latest-vaccine-statistics/,1193352,1193352,
South Africa,2021-06-03,"Johnson&Johnson, Pfizer/BioNTech",https://sacoronavirus.co.za/latest-vaccine-statistics/,1266893,1266893,
South Africa,2021-06-04,"Johnson&Johnson, Pfizer/BioNTech",https://sacoronavirus.co.za/latest-vaccine-statistics/,1336547,1336547,
South Africa,2021-06-05,"Johnson&Johnson, Pfizer/BioNTech",https://sacoronavirus.co.za/latest-vaccine-statistics/,1343433,1343433,
South Africa,2021-06-06,"Johnson&Johnson, Pfizer/BioNTech",https://sacoronavirus.co.za/latest-vaccine-statistics/,1350245,1350245,
South Africa,2021-06-07,"Johnson&Johnson, Pfizer/BioNTech",https://sacoronavirus.co.za/latest-vaccine-statistics/,1433730,1433730,
South Africa,2021-06-08,"Johnson&Johnson, Pfizer/BioNTech",https://sacoronavirus.co.za/latest-vaccine-statistics/,1525271,1525271,
South Africa,2021-06-09,"Johnson&Johnson, Pfizer/BioNTech",https://sacoronavirus.co.za/latest-vaccine-statistics/,1619011,1619011,
South Africa,2021-06-10,"Johnson&Johnson, Pfizer/BioNTech",https://sacoronavirus.co.za/latest-vaccine-statistics/,1690026,1690026,
South Africa,2021-06-11,"Johnson&Johnson, Pfizer/BioNTech",https://sacoronavirus.co.za/latest-vaccine-statistics/,1767415,1767415,
South Africa,2021-06-12,"Johnson&Johnson, Pfizer/BioNTech",https://sacoronavirus.co.za/latest-vaccine-statistics/,1773417,1773417,
South Africa,2021-06-13,"Johnson&Johnson, Pfizer/BioNTech",https://sacoronavirus.co.za/latest-vaccine-statistics/,1777288,1777288,
South Africa,2021-06-14,"Johnson&Johnson, Pfizer/BioNTech",https://sacoronavirus.co.za/latest-vaccine-statistics/,1871987,1871987,
South Africa,2021-06-15,"Johnson&Johnson, Pfizer/BioNTech",https://sacoronavirus.co.za/latest-vaccine-statistics/,1965812,1965812,
South Africa,2021-06-16,"Johnson&Johnson, Pfizer/BioNTech",https://sacoronavirus.co.za/latest-vaccine-statistics/,1974099,1974099,
South Africa,2021-06-17,"Johnson&Johnson, Pfizer/BioNTech",https://sacoronavirus.co.za/latest-vaccine-statistics/,2069346,2069346,
South Africa,2021-06-18,"Johnson&Johnson, Pfizer/BioNTech",https://sacoronavirus.co.za/latest-vaccine-statistics/,2137071,2137071,
South Africa,2021-06-19,"Johnson&Johnson, Pfizer/BioNTech",https://sacoronavirus.co.za/latest-vaccine-statistics/,2141624,2141624,
South Africa,2021-06-21,"Johnson&Johnson, Pfizer/BioNTech",https://sacoronavirus.co.za/latest-vaccine-statistics/,2229242,2229242,
South Africa,2021-06-24,"Johnson&Johnson, Pfizer/BioNTech",https://sacoronavirus.co.za/latest-vaccine-statistics/,2550248,2550248,
South Africa,2021-06-25,"Johnson&Johnson, Pfizer/BioNTech",https://sacoronavirus.co.za/latest-vaccine-statistics/,2661378,2661378,
South Africa,2021-06-26,"Johnson&Johnson, Pfizer/BioNTech",https://sacoronavirus.co.za/latest-vaccine-statistics/,2682710,2682710,
South Africa,2021-06-27,"Johnson&Johnson, Pfizer/BioNTech",https://sacoronavirus.co.za/latest-vaccine-statistics/,2779912,2779912,
South Africa,2021-06-28,"Johnson&Johnson, Pfizer/BioNTech",https://sacoronavirus.co.za/latest-vaccine-statistics/,2787996,2787996,
South Africa,2021-06-29,"Johnson&Johnson, Pfizer/BioNTech",https://sacoronavirus.co.za/latest-vaccine-statistics/,2900666,2900666,
South Africa,2021-06-30,"Johnson&Johnson, Pfizer/BioNTech",https://sacoronavirus.co.za/latest-vaccine-statistics/,3026636,3026636,
South Africa,2021-07-01,"Johnson&Johnson, Pfizer/BioNTech",https://sacoronavirus.co.za/latest-vaccine-statistics/,3155717,3155717,
South Africa,2021-07-03,"Johnson&Johnson, Pfizer/BioNTech",https://sacoronavirus.co.za/latest-vaccine-statistics/,3307588,3307588,
South Africa,2021-07-04,"Johnson&Johnson, Pfizer/BioNTech",https://sacoronavirus.co.za/latest-vaccine-statistics/,3314278,3314278,
South Africa,2021-07-05,"Johnson&Johnson, Pfizer/BioNTech",https://sacoronavirus.co.za/latest-vaccine-statistics/,3466228,3466228,
South Africa,2021-07-06,"Johnson&Johnson, Pfizer/BioNTech",https://sacoronavirus.co.za/latest-vaccine-statistics/,3631102,3631102,
South Africa,2021-07-08,"Johnson&Johnson, Pfizer/BioNTech",https://sacoronavirus.co.za/latest-vaccine-statistics/,4017442,3639039,1253978
South Africa,2021-07-09,"Johnson&Johnson, Pfizer/BioNTech",https://sacoronavirus.co.za/latest-vaccine-statistics/,4203293,3756282,1344690
South Africa,2021-07-10,"Johnson&Johnson, Pfizer/BioNTech",https://sacoronavirus.co.za/latest-vaccine-statistics/,4236718,3783990,1355743
