location,date,vaccine,source_url,total_vaccinations,people_vaccinated,people_fully_vaccinated
South Korea,2021-02-26,Oxford/AstraZeneca,https://ncv.kdca.go.kr/,20308,20308,0
South Korea,2021-02-27,"Oxford/AstraZeneca, Pfizer/BioNTech",https://ncv.kdca.go.kr/,21732,21732,0
South Korea,2021-02-28,"Oxford/AstraZeneca, Pfizer/BioNTech",https://ncv.kdca.go.kr/,22596,22596,0
South Korea,2021-03-01,"Oxford/AstraZeneca, Pfizer/BioNTech",https://ncv.kdca.go.kr/,24072,24072,0
South Korea,2021-03-02,"Oxford/AstraZeneca, Pfizer/BioNTech",https://ncv.kdca.go.kr/,90485,90485,0
South Korea,2021-03-03,"Oxford/AstraZeneca, Pfizer/BioNTech",https://ncv.kdca.go.kr/,159922,159922,0
South Korea,2021-03-04,"Oxford/AstraZeneca, Pfizer/BioNTech",https://ncv.kdca.go.kr/,230261,230261,0
South Korea,2021-03-05,"Oxford/AstraZeneca, Pfizer/BioNTech",https://ncv.kdca.go.kr/,300715,300715,0
South Korea,2021-03-06,"Oxford/AstraZeneca, Pfizer/BioNTech",https://ncv.kdca.go.kr/,318723,318723,0
South Korea,2021-03-07,"Oxford/AstraZeneca, Pfizer/BioNTech",https://ncv.kdca.go.kr/,320798,320798,0
South Korea,2021-03-08,"Oxford/AstraZeneca, Pfizer/BioNTech",https://ncv.kdca.go.kr/,388227,388227,0
South Korea,2021-03-09,"Oxford/AstraZeneca, Pfizer/BioNTech",https://ncv.kdca.go.kr/,451599,451599,0
South Korea,2021-03-10,"Oxford/AstraZeneca, Pfizer/BioNTech",https://ncv.kdca.go.kr/,505614,505614,0
South Korea,2021-03-11,"Oxford/AstraZeneca, Pfizer/BioNTech",https://ncv.kdca.go.kr/,550057,550057,0
South Korea,2021-03-12,"Oxford/AstraZeneca, Pfizer/BioNTech",https://ncv.kdca.go.kr/,588147,588147,0
South Korea,2021-03-13,"Oxford/AstraZeneca, Pfizer/BioNTech",https://ncv.kdca.go.kr/,591982,591982,0
South Korea,2021-03-14,"Oxford/AstraZeneca, Pfizer/BioNTech",https://ncv.kdca.go.kr/,593152,593152,0
South Korea,2021-03-15,"Oxford/AstraZeneca, Pfizer/BioNTech",https://ncv.kdca.go.kr/,605602,605602,0
South Korea,2021-03-16,"Oxford/AstraZeneca, Pfizer/BioNTech",https://ncv.kdca.go.kr/,624430,624430,0
South Korea,2021-03-17,"Oxford/AstraZeneca, Pfizer/BioNTech",https://ncv.kdca.go.kr/,644215,644215,0
South Korea,2021-03-18,"Oxford/AstraZeneca, Pfizer/BioNTech",https://ncv.kdca.go.kr/,663497,663497,0
South Korea,2021-03-19,"Oxford/AstraZeneca, Pfizer/BioNTech",https://ncv.kdca.go.kr/,680300,680300,0
South Korea,2021-03-20,"Oxford/AstraZeneca, Pfizer/BioNTech",https://ncv.kdca.go.kr/,681848,681535,313
South Korea,2021-03-21,"Oxford/AstraZeneca, Pfizer/BioNTech",https://ncv.kdca.go.kr/,682128,681535,593
South Korea,2021-03-22,"Oxford/AstraZeneca, Pfizer/BioNTech",https://ncv.kdca.go.kr/,686088,685205,883
South Korea,2021-03-23,"Oxford/AstraZeneca, Pfizer/BioNTech",https://ncv.kdca.go.kr/,708465,706967,1498
South Korea,2021-03-24,"Oxford/AstraZeneca, Pfizer/BioNTech",https://ncv.kdca.go.kr/,740166,737474,2692
South Korea,2021-03-25,"Oxford/AstraZeneca, Pfizer/BioNTech",https://ncv.kdca.go.kr/,775712,771878,3834
South Korea,2021-03-26,"Oxford/AstraZeneca, Pfizer/BioNTech",https://ncv.kdca.go.kr/,801877,796644,5233
South Korea,2021-03-27,"Oxford/AstraZeneca, Pfizer/BioNTech",https://ncv.kdca.go.kr/,803158,797925,5233
South Korea,2021-03-28,"Oxford/AstraZeneca, Pfizer/BioNTech",https://ncv.kdca.go.kr/,803203,797970,5233
South Korea,2021-03-29,"Oxford/AstraZeneca, Pfizer/BioNTech",https://ncv.kdca.go.kr/,832043,825891,6152
South Korea,2021-03-30,"Oxford/AstraZeneca, Pfizer/BioNTech",https://ncv.kdca.go.kr/,864041,855853,8188
South Korea,2021-03-31,"Oxford/AstraZeneca, Pfizer/BioNTech",https://ncv.kdca.go.kr/,892932,879955,12977
South Korea,2021-04-01,"Oxford/AstraZeneca, Pfizer/BioNTech",https://ncv.kdca.go.kr/,937744,917500,20244
South Korea,2021-04-02,"Oxford/AstraZeneca, Pfizer/BioNTech",https://ncv.kdca.go.kr/,983823,956983,26840
South Korea,2021-04-03,"Oxford/AstraZeneca, Pfizer/BioNTech",https://ncv.kdca.go.kr/,992951,965567,27384
South Korea,2021-04-04,"Oxford/AstraZeneca, Pfizer/BioNTech",https://ncv.kdca.go.kr/,993647,966197,27450
South Korea,2021-04-05,"Oxford/AstraZeneca, Pfizer/BioNTech",https://ncv.kdca.go.kr/,1030864,1003097,27767
South Korea,2021-04-06,"Oxford/AstraZeneca, Pfizer/BioNTech",https://ncv.kdca.go.kr/,1075467,1041957,33510
South Korea,2021-04-07,"Oxford/AstraZeneca, Pfizer/BioNTech",https://ncv.kdca.go.kr/,1122362,1079611,42751
South Korea,2021-04-08,"Oxford/AstraZeneca, Pfizer/BioNTech",https://ncv.kdca.go.kr/,1169025,1116774,52251
South Korea,2021-04-09,"Oxford/AstraZeneca, Pfizer/BioNTech",https://ncv.kdca.go.kr/,1209958,1150421,59537
South Korea,2021-04-10,"Oxford/AstraZeneca, Pfizer/BioNTech",https://ncv.kdca.go.kr/,1219845,1159219,60626
South Korea,2021-04-11,"Oxford/AstraZeneca, Pfizer/BioNTech",https://ncv.kdca.go.kr/,1220150,1159524,60626
South Korea,2021-04-12,"Oxford/AstraZeneca, Pfizer/BioNTech",https://ncv.kdca.go.kr/,1258489,1197838,60651
South Korea,2021-04-13,"Oxford/AstraZeneca, Pfizer/BioNTech",https://ncv.kdca.go.kr/,1302888,1242233,60655
South Korea,2021-04-14,"Oxford/AstraZeneca, Pfizer/BioNTech",https://ncv.kdca.go.kr/,1349457,1288799,60658
South Korea,2021-04-15,"Oxford/AstraZeneca, Pfizer/BioNTech",https://ncv.kdca.go.kr/,1443244,1382583,60661
South Korea,2021-04-16,"Oxford/AstraZeneca, Pfizer/BioNTech",https://ncv.kdca.go.kr/,1546961,1486100,60861
South Korea,2021-04-17,"Oxford/AstraZeneca, Pfizer/BioNTech",https://ncv.kdca.go.kr/,1576371,1515510,60861
South Korea,2021-04-18,"Oxford/AstraZeneca, Pfizer/BioNTech",https://ncv.kdca.go.kr/,1581237,1520376,60861
South Korea,2021-04-19,"Oxford/AstraZeneca, Pfizer/BioNTech",https://ncv.kdca.go.kr/,1704200,1643337,60863
South Korea,2021-04-20,"Oxford/AstraZeneca, Pfizer/BioNTech",https://ncv.kdca.go.kr/,1835575,1774699,60876
South Korea,2021-04-21,"Oxford/AstraZeneca, Pfizer/BioNTech",https://ncv.kdca.go.kr/,1968256,1907354,60902
South Korea,2021-04-22,"Oxford/AstraZeneca, Pfizer/BioNTech",https://ncv.kdca.go.kr/,2118692,2039249,79443
South Korea,2021-04-23,"Oxford/AstraZeneca, Pfizer/BioNTech",https://ncv.kdca.go.kr/,2298540,2199481,99059
South Korea,2021-04-24,"Oxford/AstraZeneca, Pfizer/BioNTech",https://ncv.kdca.go.kr/,2369415,2264583,104832
South Korea,2021-04-25,"Oxford/AstraZeneca, Pfizer/BioNTech",https://ncv.kdca.go.kr/,2376070,2270871,105199
South Korea,2021-04-26,"Oxford/AstraZeneca, Pfizer/BioNTech",https://ncv.kdca.go.kr/,2540482,2413680,126802
South Korea,2021-04-27,"Oxford/AstraZeneca, Pfizer/BioNTech",https://ncv.kdca.go.kr/,2739270,2590678,148592
South Korea,2021-04-28,"Oxford/AstraZeneca, Pfizer/BioNTech",https://ncv.kdca.go.kr/,2991834,2822797,169037
South Korea,2021-04-29,"Oxford/AstraZeneca, Pfizer/BioNTech",https://ncv.kdca.go.kr/,3284151,3085073,199078
South Korea,2021-04-30,"Oxford/AstraZeneca, Pfizer/BioNTech",https://ncv.kdca.go.kr/,3590903,3362068,228835
South Korea,2021-05-01,"Oxford/AstraZeneca, Pfizer/BioNTech",https://ncv.kdca.go.kr/,3638767,3402219,236548
South Korea,2021-05-02,"Oxford/AstraZeneca, Pfizer/BioNTech",https://ncv.kdca.go.kr/,3640642,3403780,236862
South Korea,2021-05-03,"Oxford/AstraZeneca, Pfizer/BioNTech",https://ncv.kdca.go.kr/,3757370,3489927,267443
South Korea,2021-05-04,"Oxford/AstraZeneca, Pfizer/BioNTech",https://ncv.kdca.go.kr/,3863383,3564701,298682
South Korea,2021-05-05,"Oxford/AstraZeneca, Pfizer/BioNTech",https://ncv.kdca.go.kr/,3894036,3570042,323994
South Korea,2021-05-06,"Oxford/AstraZeneca, Pfizer/BioNTech",https://ncv.kdca.go.kr/,4025027,3627515,397512
South Korea,2021-05-07,"Oxford/AstraZeneca, Pfizer/BioNTech",https://ncv.kdca.go.kr/,4149837,3675509,474328
South Korea,2021-05-08,"Oxford/AstraZeneca, Pfizer/BioNTech",https://ncv.kdca.go.kr/,4189491,3687616,501875
South Korea,2021-05-09,"Oxford/AstraZeneca, Pfizer/BioNTech",https://ncv.kdca.go.kr/,4194229,3687619,506610
South Korea,2021-05-10,"Oxford/AstraZeneca, Pfizer/BioNTech",https://ncv.kdca.go.kr/,4285265,3701079,584186
South Korea,2021-05-11,"Oxford/AstraZeneca, Pfizer/BioNTech",https://ncv.kdca.go.kr/,4374598,3709618,664980
South Korea,2021-05-12,"Oxford/AstraZeneca, Pfizer/BioNTech",https://ncv.kdca.go.kr/,4463584,3715708,747876
South Korea,2021-05-13,"Oxford/AstraZeneca, Pfizer/BioNTech",https://ncv.kdca.go.kr/,4550215,3724342,825873
South Korea,2021-05-14,"Oxford/AstraZeneca, Pfizer/BioNTech",https://ncv.kdca.go.kr/,4641237,3735238,905999
South Korea,2021-05-15,"Oxford/AstraZeneca, Pfizer/BioNTech",https://ncv.kdca.go.kr/,4672691,3736532,936159
South Korea,2021-05-16,"Oxford/AstraZeneca, Pfizer/BioNTech",https://ncv.kdca.go.kr/,4677686,3736539,941147
South Korea,2021-05-17,"Oxford/AstraZeneca, Pfizer/BioNTech",https://ncv.kdca.go.kr/,4791432,3749906,1041526
South Korea,2021-05-18,"Oxford/AstraZeneca, Pfizer/BioNTech",https://ncv.kdca.go.kr/,4945791,3762371,1183420
South Korea,2021-05-19,"Oxford/AstraZeneca, Pfizer/BioNTech",https://ncv.kdca.go.kr/,5040677,3764186,1276491
South Korea,2021-05-20,"Oxford/AstraZeneca, Pfizer/BioNTech",https://ncv.kdca.go.kr/,5264164,3776437,1487727
South Korea,2021-05-21,"Oxford/AstraZeneca, Pfizer/BioNTech",https://ncv.kdca.go.kr/,5504051,3790857,1713194
South Korea,2021-05-22,"Oxford/AstraZeneca, Pfizer/BioNTech",https://ncv.kdca.go.kr/,5544944,3795988,1748956
South Korea,2021-05-23,"Oxford/AstraZeneca, Pfizer/BioNTech",https://ncv.kdca.go.kr/,5547868,3796206,1751662
South Korea,2021-05-24,"Oxford/AstraZeneca, Pfizer/BioNTech",https://ncv.kdca.go.kr/,5724698,3868033,1856665
South Korea,2021-05-25,"Oxford/AstraZeneca, Pfizer/BioNTech",https://ncv.kdca.go.kr/,5896399,3946251,1950148
South Korea,2021-05-26,"Oxford/AstraZeneca, Pfizer/BioNTech",https://ncv.kdca.go.kr/,6051786,4033958,2017828
South Korea,2021-05-27,"Oxford/AstraZeneca, Pfizer/BioNTech",https://ncv.kdca.go.kr/,6768782,4695763,2073019
South Korea,2021-05-28,"Oxford/AstraZeneca, Pfizer/BioNTech",https://ncv.kdca.go.kr/,7378847,5240635,2138212
South Korea,2021-05-29,"Oxford/AstraZeneca, Pfizer/BioNTech",https://ncv.kdca.go.kr/,7552340,5405248,2147092
South Korea,2021-05-30,"Oxford/AstraZeneca, Pfizer/BioNTech",https://ncv.kdca.go.kr/,7557155,5409976,2147179
South Korea,2021-05-31,"Oxford/AstraZeneca, Pfizer/BioNTech",https://ncv.kdca.go.kr/,7971352,5796862,2174490
South Korea,2021-06-01,"Oxford/AstraZeneca, Pfizer/BioNTech",https://ncv.kdca.go.kr/,8565299,6364403,2200896
South Korea,2021-06-02,"Oxford/AstraZeneca, Pfizer/BioNTech",https://ncv.kdca.go.kr/,8971025,6747374,2223651
South Korea,2021-06-03,"Oxford/AstraZeneca, Pfizer/BioNTech",https://ncv.kdca.go.kr/,9340689,7091289,2249400
South Korea,2021-06-04,"Oxford/AstraZeneca, Pfizer/BioNTech",https://ncv.kdca.go.kr/,9739661,7460338,2279323
South Korea,2021-06-05,"Oxford/AstraZeneca, Pfizer/BioNTech",https://ncv.kdca.go.kr/,9882111,7600421,2281690
South Korea,2021-06-06,"Oxford/AstraZeneca, Pfizer/BioNTech",https://ncv.kdca.go.kr/,9885079,7603389,2281690
South Korea,2021-06-07,"Oxford/AstraZeneca, Pfizer/BioNTech",https://ncv.kdca.go.kr/,10800374,8498075,2302299
South Korea,2021-06-08,"Oxford/AstraZeneca, Pfizer/BioNTech",https://ncv.kdca.go.kr/,11572704,9244673,2328031
South Korea,2021-06-09,"Oxford/AstraZeneca, Pfizer/BioNTech",https://ncv.kdca.go.kr/,12191315,9838766,2352549
South Korea,2021-06-10,"Oxford/AstraZeneca, Pfizer/BioNTech, Johnson&Johnson",https://ncv.kdca.go.kr/,12994003,10606326,2640401
South Korea,2021-06-11,"Oxford/AstraZeneca, Pfizer/BioNTech, Johnson&Johnson",https://ncv.kdca.go.kr/,13856470,11433410,2877830
South Korea,2021-06-12,"Oxford/AstraZeneca, Pfizer/BioNTech, Johnson&Johnson",https://ncv.kdca.go.kr/,14250470,11822427,2997028
South Korea,2021-06-13,"Oxford/AstraZeneca, Pfizer/BioNTech, Johnson&Johnson",https://ncv.kdca.go.kr/,14278553,11850295,3009014
South Korea,2021-06-14,"Oxford/AstraZeneca, Pfizer/BioNTech, Johnson&Johnson",https://ncv.kdca.go.kr/,15134867,12619791,3267782
South Korea,2021-06-15,"Oxford/AstraZeneca, Pfizer/BioNTech, Johnson&Johnson",https://ncv.kdca.go.kr/,15878895,13267015,3477007
South Korea,2021-06-16,"Oxford/AstraZeneca, Pfizer/BioNTech, Johnson&Johnson",https://ncv.kdca.go.kr/,16552483,13835447,3759874
South Korea,2021-06-17,"Oxford/AstraZeneca, Pfizer/BioNTech, Johnson&Johnson",https://ncv.kdca.go.kr/,17099479,14278719,3889381
South Korea,2021-06-18,"Oxford/AstraZeneca, Pfizer/BioNTech, Johnson&Johnson, Moderna",https://ncv.kdca.go.kr/,17733680,14815936,4017191
South Korea,2021-06-19,"Oxford/AstraZeneca, Pfizer/BioNTech, Johnson&Johnson, Moderna",https://ncv.kdca.go.kr/,17966992,15032262,4053204
South Korea,2021-06-20,"Oxford/AstraZeneca, Pfizer/BioNTech, Johnson&Johnson, Moderna",https://ncv.kdca.go.kr/,17968320,15032875,4054340
South Korea,2021-06-21,"Oxford/AstraZeneca, Pfizer/BioNTech, Johnson&Johnson, Moderna",https://ncv.kdca.go.kr/,18130048,15080313,4171812
South Korea,2021-06-22,"Oxford/AstraZeneca, Pfizer/BioNTech, Johnson&Johnson, Moderna",https://ncv.kdca.go.kr/,18301733,15129094,4297193
South Korea,2021-06-23,"Oxford/AstraZeneca, Pfizer/BioNTech, Johnson&Johnson, Moderna",https://ncv.kdca.go.kr/,18465109,15173216,4417539
South Korea,2021-06-24,"Oxford/AstraZeneca, Pfizer/BioNTech, Johnson&Johnson, Moderna",https://ncv.kdca.go.kr/,18618095,15218869,4525421
South Korea,2021-06-25,"Oxford/AstraZeneca, Pfizer/BioNTech, Johnson&Johnson, Moderna",https://ncv.kdca.go.kr/,18778299,15282616,4622298
South Korea,2021-06-26,"Oxford/AstraZeneca, Pfizer/BioNTech, Johnson&Johnson, Moderna",https://ncv.kdca.go.kr/,18813089,15293841,4645952
South Korea,2021-06-27,"Oxford/AstraZeneca, Pfizer/BioNTech, Johnson&Johnson, Moderna",https://ncv.kdca.go.kr/,18813829,15293847,4646692
South Korea,2021-06-28,"Oxford/AstraZeneca, Pfizer/BioNTech, Johnson&Johnson, Moderna",https://ncv.kdca.go.kr/,18971189,15307100,4791259
South Korea,2021-06-29,"Oxford/AstraZeneca, Pfizer/BioNTech, Johnson&Johnson, Moderna",https://ncv.kdca.go.kr/,19132216,15323824,4936229
South Korea,2021-06-30,"Oxford/AstraZeneca, Pfizer/BioNTech, Johnson&Johnson, Moderna",https://ncv.kdca.go.kr/,19283205,15338522,5073255
South Korea,2021-07-01,"Oxford/AstraZeneca, Pfizer/BioNTech, Johnson&Johnson, Moderna",https://ncv.kdca.go.kr/,19406600,15342911,5192822
South Korea,2021-07-02,"Oxford/AstraZeneca, Pfizer/BioNTech, Johnson&Johnson, Moderna",https://ncv.kdca.go.kr/,19530707,15347940,5312247
South Korea,2021-07-03,"Oxford/AstraZeneca, Pfizer/BioNTech, Johnson&Johnson, Moderna",https://ncv.kdca.go.kr/,19548929,15349403,5329212
South Korea,2021-07-04,"Oxford/AstraZeneca, Pfizer/BioNTech, Johnson&Johnson, Moderna",https://ncv.kdca.go.kr/,19549575,15349403,5329858
South Korea,2021-07-05,"Oxford/AstraZeneca, Pfizer/BioNTech, Johnson&Johnson, Moderna",https://ncv.kdca.go.kr/,19679208,15403878,5405016
South Korea,2021-07-06,"Oxford/AstraZeneca, Pfizer/BioNTech, Johnson&Johnson, Moderna",https://ncv.kdca.go.kr/,19806930,15442177,5494439
South Korea,2021-07-07,"Oxford/AstraZeneca, Pfizer/BioNTech, Johnson&Johnson, Moderna",https://ncv.kdca.go.kr/,19930272,15477545,5582413
South Korea,2021-07-08,"Oxford/AstraZeneca, Pfizer/BioNTech, Johnson&Johnson, Moderna",https://ncv.kdca.go.kr/,20072734,15515533,5686887
South Korea,2021-07-09,"Oxford/AstraZeneca, Pfizer/BioNTech, Johnson&Johnson, Moderna",https://ncv.kdca.go.kr/,20277138,15573695,5833129
South Korea,2021-07-10,"Oxford/AstraZeneca, Pfizer/BioNTech, Johnson&Johnson, Moderna",https://ncv.kdca.go.kr/,20329087,15586467,5872306
South Korea,2021-07-11,"Oxford/AstraZeneca, Pfizer/BioNTech, Johnson&Johnson, Moderna",https://ncv.kdca.go.kr/,20330660,15586937,5873409
