location,date,vaccine,source_url,total_vaccinations,people_vaccinated,people_fully_vaccinated
Sweden,2020-12-27,"Oxford/AstraZeneca, Pfizer/BioNTech",https://www.folkhalsomyndigheten.se/smittskydd-beredskap/utbrott/aktuella-utbrott/covid-19/vaccination-mot-covid-19/statistik/statistik-over-registrerade-vaccinationer-covid-19/,2421,2421,0
Sweden,2021-01-03,"Oxford/AstraZeneca, Pfizer/BioNTech",https://www.folkhalsomyndigheten.se/smittskydd-beredskap/utbrott/aktuella-utbrott/covid-19/vaccination-mot-covid-19/statistik/statistik-over-registrerade-vaccinationer-covid-19/,16127,16127,0
Sweden,2021-01-10,"Oxford/AstraZeneca, Pfizer/BioNTech",https://www.folkhalsomyndigheten.se/smittskydd-beredskap/utbrott/aktuella-utbrott/covid-19/vaccination-mot-covid-19/statistik/statistik-over-registrerade-vaccinationer-covid-19/,51629,51614,15
Sweden,2021-01-17,"Oxford/AstraZeneca, Pfizer/BioNTech",https://www.folkhalsomyndigheten.se/smittskydd-beredskap/utbrott/aktuella-utbrott/covid-19/vaccination-mot-covid-19/statistik/statistik-over-registrerade-vaccinationer-covid-19/,129857,129814,43
Sweden,2021-01-24,"Oxford/AstraZeneca, Pfizer/BioNTech",https://www.folkhalsomyndigheten.se/smittskydd-beredskap/utbrott/aktuella-utbrott/covid-19/vaccination-mot-covid-19/statistik/statistik-over-registrerade-vaccinationer-covid-19/,245396,234828,10568
Sweden,2021-01-31,"Oxford/AstraZeneca, Pfizer/BioNTech",https://www.folkhalsomyndigheten.se/smittskydd-beredskap/utbrott/aktuella-utbrott/covid-19/vaccination-mot-covid-19/statistik/statistik-over-registrerade-vaccinationer-covid-19/,335943,299929,36014
Sweden,2021-02-07,"Oxford/AstraZeneca, Pfizer/BioNTech",https://www.folkhalsomyndigheten.se/smittskydd-beredskap/utbrott/aktuella-utbrott/covid-19/vaccination-mot-covid-19/statistik/statistik-over-registrerade-vaccinationer-covid-19/,435304,343520,91784
Sweden,2021-02-14,"Oxford/AstraZeneca, Pfizer/BioNTech",https://www.folkhalsomyndigheten.se/smittskydd-beredskap/utbrott/aktuella-utbrott/covid-19/vaccination-mot-covid-19/statistik/statistik-over-registrerade-vaccinationer-covid-19/,552736,390327,162409
Sweden,2021-02-21,"Oxford/AstraZeneca, Pfizer/BioNTech",https://www.folkhalsomyndigheten.se/smittskydd-beredskap/utbrott/aktuella-utbrott/covid-19/vaccination-mot-covid-19/statistik/statistik-over-registrerade-vaccinationer-covid-19/,706397,460311,246086
Sweden,2021-02-28,"Oxford/AstraZeneca, Pfizer/BioNTech",https://www.folkhalsomyndigheten.se/smittskydd-beredskap/utbrott/aktuella-utbrott/covid-19/vaccination-mot-covid-19/statistik/statistik-over-registrerade-vaccinationer-covid-19/,862041,561800,300241
Sweden,2021-03-07,"Oxford/AstraZeneca, Pfizer/BioNTech",https://www.folkhalsomyndigheten.se/smittskydd-beredskap/utbrott/aktuella-utbrott/covid-19/vaccination-mot-covid-19/statistik/statistik-over-registrerade-vaccinationer-covid-19/,1050833,712971,337862
Sweden,2021-03-14,"Oxford/AstraZeneca, Pfizer/BioNTech",https://www.folkhalsomyndigheten.se/smittskydd-beredskap/utbrott/aktuella-utbrott/covid-19/vaccination-mot-covid-19/statistik/statistik-over-registrerade-vaccinationer-covid-19/,1271496,894635,376861
Sweden,2021-03-21,"Oxford/AstraZeneca, Pfizer/BioNTech",https://www.folkhalsomyndigheten.se/smittskydd-beredskap/utbrott/aktuella-utbrott/covid-19/vaccination-mot-covid-19/statistik/statistik-over-registrerade-vaccinationer-covid-19/,1444305,1012516,431789
Sweden,2021-03-28,"Oxford/AstraZeneca, Pfizer/BioNTech",https://www.folkhalsomyndigheten.se/smittskydd-beredskap/utbrott/aktuella-utbrott/covid-19/vaccination-mot-covid-19/statistik/statistik-over-registrerade-vaccinationer-covid-19/,1641983,1141825,500158
Sweden,2021-04-04,"Oxford/AstraZeneca, Pfizer/BioNTech",https://www.folkhalsomyndigheten.se/smittskydd-beredskap/utbrott/aktuella-utbrott/covid-19/vaccination-mot-covid-19/statistik/statistik-over-registrerade-vaccinationer-covid-19/,1906227,1338366,567861
Sweden,2021-04-11,"Oxford/AstraZeneca, Pfizer/BioNTech",https://www.folkhalsomyndigheten.se/smittskydd-beredskap/utbrott/aktuella-utbrott/covid-19/vaccination-mot-covid-19/statistik/statistik-over-registrerade-vaccinationer-covid-19/,2251060,1589593,661467
Sweden,2021-04-18,"Oxford/AstraZeneca, Pfizer/BioNTech",https://www.folkhalsomyndigheten.se/smittskydd-beredskap/utbrott/aktuella-utbrott/covid-19/vaccination-mot-covid-19/statistik/statistik-over-registrerade-vaccinationer-covid-19/,2724981,1997788,727193
Sweden,2021-04-25,"Oxford/AstraZeneca, Pfizer/BioNTech",https://www.folkhalsomyndigheten.se/smittskydd-beredskap/utbrott/aktuella-utbrott/covid-19/vaccination-mot-covid-19/statistik/statistik-over-registrerade-vaccinationer-covid-19/,3164757,2399413,765344
Sweden,2021-05-02,"Oxford/AstraZeneca, Pfizer/BioNTech",https://www.folkhalsomyndigheten.se/smittskydd-beredskap/utbrott/aktuella-utbrott/covid-19/vaccination-mot-covid-19/statistik/statistik-over-registrerade-vaccinationer-covid-19/,3562331,2769720,792611
Sweden,2021-05-09,"Oxford/AstraZeneca, Pfizer/BioNTech",https://www.folkhalsomyndigheten.se/smittskydd-beredskap/utbrott/aktuella-utbrott/covid-19/vaccination-mot-covid-19/statistik/statistik-over-registrerade-vaccinationer-covid-19/,4019281,3111907,907374
Sweden,2021-05-16,"Oxford/AstraZeneca, Pfizer/BioNTech",https://www.folkhalsomyndigheten.se/smittskydd-beredskap/utbrott/aktuella-utbrott/covid-19/vaccination-mot-covid-19/statistik/statistik-over-registrerade-vaccinationer-covid-19/,4443700,3389731,1053969
Sweden,2021-05-23,"Oxford/AstraZeneca, Pfizer/BioNTech",https://www.folkhalsomyndigheten.se/smittskydd-beredskap/utbrott/aktuella-utbrott/covid-19/vaccination-mot-covid-19/statistik/statistik-over-registrerade-vaccinationer-covid-19/,4895479,3639007,1256472
Sweden,2021-05-30,"Oxford/AstraZeneca, Pfizer/BioNTech",https://www.folkhalsomyndigheten.se/smittskydd-beredskap/utbrott/aktuella-utbrott/covid-19/vaccination-mot-covid-19/statistik/statistik-over-registrerade-vaccinationer-covid-19/,5378229,3835030,1543199
Sweden,2021-06-06,"Oxford/AstraZeneca, Pfizer/BioNTech",https://www.folkhalsomyndigheten.se/smittskydd-beredskap/utbrott/aktuella-utbrott/covid-19/vaccination-mot-covid-19/statistik/statistik-over-registrerade-vaccinationer-covid-19/,5961202,4051764,1909438
Sweden,2021-06-13,"Oxford/AstraZeneca, Pfizer/BioNTech",https://www.folkhalsomyndigheten.se/smittskydd-beredskap/utbrott/aktuella-utbrott/covid-19/vaccination-mot-covid-19/statistik/statistik-over-registrerade-vaccinationer-covid-19/,6638739,4321720,2317019
Sweden,2021-06-20,"Oxford/AstraZeneca, Pfizer/BioNTech",https://www.folkhalsomyndigheten.se/smittskydd-beredskap/utbrott/aktuella-utbrott/covid-19/vaccination-mot-covid-19/statistik/statistik-over-registrerade-vaccinationer-covid-19/,7407339,4623652,2783687
Sweden,2021-06-27,"Oxford/AstraZeneca, Pfizer/BioNTech",https://www.folkhalsomyndigheten.se/smittskydd-beredskap/utbrott/aktuella-utbrott/covid-19/vaccination-mot-covid-19/statistik/statistik-over-registrerade-vaccinationer-covid-19/,8039870,4911494,3128376
Sweden,2021-07-02,"Oxford/AstraZeneca, Pfizer/BioNTech",https://www.folkhalsomyndigheten.se/smittskydd-beredskap/utbrott/aktuella-utbrott/covid-19/vaccination-mot-covid-19/statistik/statistik-over-registrerade-vaccinationer-covid-19/,8168667,4999452,3169215
Sweden,2021-07-06,"Oxford/AstraZeneca, Pfizer/BioNTech",https://www.folkhalsomyndigheten.se/smittskydd-beredskap/utbrott/aktuella-utbrott/covid-19/vaccination-mot-covid-19/statistik/statistik-over-registrerade-vaccinationer-covid-19/,8732503,5302083,3430420
Sweden,2021-07-07,"Oxford/AstraZeneca, Pfizer/BioNTech",https://www.folkhalsomyndigheten.se/smittskydd-beredskap/utbrott/aktuella-utbrott/covid-19/vaccination-mot-covid-19/statistik/statistik-over-registrerade-vaccinationer-covid-19/,8820411,5352692,3467719
Sweden,2021-07-08,"Oxford/AstraZeneca, Pfizer/BioNTech",https://www.folkhalsomyndigheten.se/smittskydd-beredskap/utbrott/aktuella-utbrott/covid-19/vaccination-mot-covid-19/statistik/statistik-over-registrerade-vaccinationer-covid-19/,8951302,5438339,3512963
Sweden,2021-07-09,"Oxford/AstraZeneca, Pfizer/BioNTech",https://www.folkhalsomyndigheten.se/smittskydd-beredskap/utbrott/aktuella-utbrott/covid-19/vaccination-mot-covid-19/statistik/statistik-over-registrerade-vaccinationer-covid-19/,9086607,5523876,3562731
