location,date,vaccine,source_url,total_vaccinations,people_vaccinated,people_fully_vaccinated
Vanuatu,2021-06-01,Oxford/AstraZeneca,https://stats.pacificdata.org/vis?tm=covid&pg=0&df[ds]=SPC2&df[id]=DF_COVID_VACCINATION&df[ag]=SPC&df[vs]=1.0,0,0,
Vanuatu,2021-06-03,Oxford/AstraZeneca,https://www.fijitimes.com/270-get-first-vaccine-dose-in-vanuatu/,270,270,0
Vanuatu,2021-06-08,Oxford/AstraZeneca,https://stats.pacificdata.org/vis?tm=covid&pg=0&df[ds]=SPC2&df[id]=DF_COVID_VACCINATION&df[ag]=SPC&df[vs]=1.0,860,860,0
Vanuatu,2021-06-15,Oxford/AstraZeneca,https://stats.pacificdata.org/vis?tm=covid&pg=0&df[ds]=SPC2&df[id]=DF_COVID_VACCINATION&df[ag]=SPC&df[vs]=1.0,5140,5140,0
Vanuatu,2021-06-21,Oxford/AstraZeneca,https://stats.pacificdata.org/vis?tm=covid&pg=0&df[ds]=SPC2&df[id]=DF_COVID_VACCINATION&df[ag]=SPC&df[vs]=1.0,7462,7462,0
Vanuatu,2021-07-06,Oxford/AstraZeneca,https://stats.pacificdata.org/vis?tm=covid&pg=0&df[ds]=SPC2&df[id]=DF_COVID_VACCINATION&df[ag]=SPC&df[vs]=1.0,10480,10480,0
