location,date,vaccine,source_url,total_vaccinations,people_vaccinated,people_fully_vaccinated
Vietnam,2021-03-07,Oxford/AstraZeneca,https://asia.nikkei.com/Spotlight/Coronavirus/Vietnam-begins-COVID-vaccinations-with-AstraZeneca-shots,0,0,
Vietnam,2021-03-08,Oxford/AstraZeneca,https://vnexpress.net/377-nguoi-dau-tien-tiem-vaccine-covid-19-chua-ghi-nhan-bat-thuong-4245376.html,377,377,
Vietnam,2021-03-09,Oxford/AstraZeneca,https://nhandan.com.vn/tin-tuc-y-te/522-nguoi-viet-nam-da-tiem-vaccine-phong-covid-19-637981,522,522,
Vietnam,2021-03-10,Oxford/AstraZeneca,https://vnexpress.net/sang-11-3-khong-them-ca-covid-19-4246625.html,955,955,
Vietnam,2021-03-11,Oxford/AstraZeneca,https://vnexpress.net/9-tinh-thanh-da-tiem-vaccine-covid-19-4247230.html,1585,1585,
Vietnam,2021-03-12,Oxford/AstraZeneca,https://vnexpress.net/hon-5-200-nguoi-da-tiem-vaccine-covid-19-4247804.html,5248,5248,
Vietnam,2021-03-13,Oxford/AstraZeneca,https://vnexpress.net/hon-10-000-nguoi-da-tiem-vaccine-covid-19-4248130.html,10041,10041,
Vietnam,2021-03-14,Oxford/AstraZeneca,https://tuoitrenews.vn/news/society/20210315/vietnam-records-two-more-severe-reactions-after-covid19-vaccination/59794.html,11605,11605,
Vietnam,2021-03-15,Oxford/AstraZeneca,https://vov.vn/xa-hoi/tin-24h/viet-nam-co-gan-16000-nguoi-duoc-tiem-vaccine-phong-covid-19-843426.vov,15865,15865,
Vietnam,2021-03-16,Oxford/AstraZeneca,https://tuoitre.vn/tren-20-000-nguoi-da-tiem-vac-xin-ngua-covid-19-sang-17-3-khong-co-ca-mac-moi-20210317061543497.htm,20695,20695,
Vietnam,2021-03-17,Oxford/AstraZeneca,https://nhandan.com.vn/tin-tuc-y-te/khong-co-ca-mac-moi-viet-nam-da-co-hon-24-nghin-nguoi-tiem-vaccine-638835/,24054,24054,
Vietnam,2021-03-18,Oxford/AstraZeneca,https://nhandan.com.vn/tin-tuc-y-te/sang-19-3-khong-co-ca-mac-moi-27-546-nguoi-duoc-tiem-vaccine--638975/,27546,27546,
Vietnam,2021-03-19,Oxford/AstraZeneca,https://nhandan.com.vn/tin-tuc-y-te/viet-nam-khong-co-ca-covid-19-moi-30-971-nguoi-da-duoc-tiem-chung-639140/,30971,30971,
Vietnam,2021-03-20,Oxford/AstraZeneca,https://nhandan.com.vn/tin-tuc-y-te/sang-21-3-viet-nam-khong-co-ca-covid-19-moi-hon-32-nghin-nguoi-duoc-tiem-vaccine-639214/,32361,32361,
Vietnam,2021-03-21,Oxford/AstraZeneca,https://nhandan.com.vn/tin-tuc-y-te/sang-22-3-khong-co-ca-mac-moi-gan-34-nghin-nguoi-duoc-tiem-vaccine-639281/,33891,33891,
Vietnam,2021-03-22,Oxford/AstraZeneca,https://nhandan.com.vn/tin-tuc-y-te/khong-co-ca-covid-19-moi-hon-36-nghin-nguoi-duoc-tiem-vaccine-639416/,36082,36082,
Vietnam,2021-03-23,Oxford/AstraZeneca,https://en.vietnamplus.vn/nearly-38000-people-vaccinated-against-covid19/197998.vnp,37911,37911,
Vietnam,2021-03-24,Oxford/AstraZeneca,https://vnexpress.net/khong-ca-nhiem-moi-19-dia-phuong-da-tiem-vaccine-covid-19-4253567.html,39817,39817,
Vietnam,2021-03-25,Oxford/AstraZeneca,https://nhandan.com.vn/tin-tuc-y-te/ghi-nhan-hai-ca-covid-19-nhap-canh-trai-phep-639796/,42225,42225,
Vietnam,2021-03-26,Oxford/AstraZeneca,https://laodong.vn/y-te/khong-co-ca-mac-moi-covid-19-da-co-44000-nguoi-duoc-tiem-vaccine-892982.ldo,44000,44000,
Vietnam,2021-03-27,Oxford/AstraZeneca,https://vnexpress.net/them-4-nguoi-nhap-canh-mac-covid-19-4254561.html,44278,44278,
Vietnam,2021-03-28,Oxford/AstraZeneca,https://vovlive.vn/sang-29-3-viet-nam-khong-ghi-nhan-them-ca-mac-covid-19-69940.html,45140,45140,
Vietnam,2021-03-29,Oxford/AstraZeneca,https://vnexpress.net/sang-30-3-khong-them-ca-covid-19-4255232.html,46416,46416,
Vietnam,2021-03-30,Oxford/AstraZeneca,https://laodong.vn/y-te/48256-nguoi-tai-19-tinh-thanh-da-duoc-tiem-vaccine-covid-19-894300.ldo,48256,48256,
Vietnam,2021-03-31,Oxford/AstraZeneca,https://nhandan.com.vn/tin-tuc-y-te/sang-1-4-viet-nam-khong-ghi-nhan-ca-nhiem-covid-19-moi-640479/,49743,49743,
Vietnam,2021-04-01,Oxford/AstraZeneca,https://nhandan.com.vn/tin-tuc-y-te/sang-2-4-khong-co-ca-covid-19-moi-hon-51-nghin-nguoi-da-tiem-vaccine-640619/,51216,51216,
Vietnam,2021-04-02,Oxford/AstraZeneca,https://nhandan.com.vn/tin-tuc-y-te/khong-co-ca-covid-19-moi-ha-noi-co-46-ngay-an-toan-trong-cong-dong-640770/,52091,52091,
Vietnam,2021-04-03,Oxford/AstraZeneca,https://vnexpress.net/ba-nguoi-dan-ong-nhap-canh-mac-covid-19-4257715.html,52335,52335,
Vietnam,2021-04-04,Oxford/AstraZeneca,https://nhandan.org.vn/tin-tuc-y-te/sang-5-4-viet-nam-khong-phat-hien-them-ca-nhiem-covid-19-moi-640943/,52413,52413,
Vietnam,2021-04-05,Oxford/AstraZeneca,https://nhandan.com.vn/tin-tuc-y-te/sang-6-4-khong-ca-mac-moi-gan-53-nghin-nguoi-da-duoc-tiem-vaccine-641058/,52868,52868,
Vietnam,2021-04-06,Oxford/AstraZeneca,https://nhandan.com.vn/tin-tuc-y-te/sang-7-4-khong-co-ca-moi-gan-54-nghin-nguoi-da-tiem-vaccine-641142/,53953,53953,
Vietnam,2021-04-07,Oxford/AstraZeneca,https://vnexpress.net/sang-8-4-khong-ca-nhiem-bat-dau-tiem-vaccine-covid-19-dot-hai-4259647.html,55151,55151,
Vietnam,2021-04-08,Oxford/AstraZeneca,https://thanhnien.vn/thoi-su/sang-nay-ghi-nhan-ca-nhap-canh-cach-ly-tai-bac-ninh-duong-tinh-covid-19-1365746.html,56359,,
Vietnam,2021-04-09,Oxford/AstraZeneca,https://nhandan.com.vn/tin-tuc-y-te/sang-ngay-thu-16-viet-nam-khong-co-ca-lay-nhiem-trong-cong-dong-641521/,58037,58037,
Vietnam,2021-04-10,Oxford/AstraZeneca,https://nhandan.com.vn/tin-tuc-y-te/sang-11-4-khong-ca-mac-moi-58-248-nguoi-da-duoc-tiem-chung-641613/,58248,58248,
Vietnam,2021-04-11,Oxford/AstraZeneca,https://nhandan.com.vn/tin-tuc-y-te/ghi-nhan-ba-ca-nhiem-covid-19-moi-cach-ly-ngay-sau-khi-nhap-canh-641678/,58418,58418,
Vietnam,2021-04-12,Oxford/AstraZeneca,https://nhandan.com.vn/tin-tuc-y-te/sang-13-4-hai-ca-covid-19-moi-59-249-nguoi-da-duoc-tiem-vaccine-641822/,59249,59249,
Vietnam,2021-04-13,Oxford/AstraZeneca,https://vnexpress.net/them-3-nguoi-nhap-canh-mac-covid-19-4262482.html,60139,60139,
Vietnam,2021-04-14,Oxford/AstraZeneca,https://vnexpress.net/them-4-ca-covid-19-nhap-canh-4263076.html,62028,62028,
Vietnam,2021-04-15,Oxford/AstraZeneca,https://nhandan.com.vn/tin-tuc-y-te/21-ngay-khong-co-ca-covid-19-cong-dong-63-758-nguoi-da-tiem-vaccine-642192/,63758,63758,
Vietnam,2021-04-16,Oxford/AstraZeneca,https://suckhoedoisong.vn/bo-y-te-66366-nguoi-da-tiem-vac-xin-covid-19-cac-dia-phuong-phai-trien-khai-tiem-nhanh-dot-2-n190147.html,66366,66366,
Vietnam,2021-04-17,Oxford/AstraZeneca,https://vnexpress.net/khong-them-ca-nhiem-gan-68-000-nguoi-da-tiem-vaccine-covid-19-4264616.html,67789,67789,
Vietnam,2021-04-18,Oxford/AstraZeneca,https://nhandan.com.vn/tin-tuc-y-te/da-nang-ghi-nhan-mot-ca-benh-covid-19-moi-642494/,79182,79182,
Vietnam,2021-04-19,Oxford/AstraZeneca,https://www.vietnamplus.vn/khong-ghi-nhan-ca-mac-moi-covid19-gan-81000-nguoi-duoc-tiem-vaccine/706765.vnp,80857,80857,
Vietnam,2021-04-20,Oxford/AstraZeneca,https://vnexpress.net/sang-21-4-khong-ca-nhiem-hon-100-000-nguoi-da-tiem-vaccine-4266034.html,106929,106929,
Vietnam,2021-04-21,Oxford/AstraZeneca,https://nhandan.com.vn/tin-tuc-y-te/viet-nam-co-them-sau-ca-covid-19-moi-tai-thai-binh-yen-bai-642861/,108897,108897,
Vietnam,2021-04-22,Oxford/AstraZeneca,https://nhandan.com.vn/tin-tuc-y-te/ghi-nhan-tam-ca-covid-19-moi-tai-tp-ho-chi-minh-va-nam-dinh-643044/,128610,128610,
Vietnam,2021-04-23,Oxford/AstraZeneca,https://nhandan.com.vn/tin-tuc-y-te/ghi-nhan-hai-ca-nhiem-covid-19-moi-tai-yen-bai-va-thai-binh-643212/,176037,176037,
Vietnam,2021-04-24,Oxford/AstraZeneca,https://nhandan.com.vn/tin-tuc-y-te/31-ngay-khong-co-ca-covid-19-cong-dong-643297/,198972,198972,
Vietnam,2021-04-25,Oxford/AstraZeneca,https://nhandan.com.vn/tin-tuc-y-te/sang-26-4-them-ba-ca-covid-19-nhap-canh-643400/,209632,209632,
Vietnam,2021-04-26,Oxford/AstraZeneca,https://nhandan.com.vn/tin-tuc-y-te/sang-27-4-viet-nam-khong-ghi-nhan-them-ca-nhiem-covid-19-moi-643573/,259736,259736,
Vietnam,2021-04-27,Oxford/AstraZeneca,https://nhandan.com.vn/tin-tuc-y-te/sang-28-4-khong-co-ca-mac-covid-19-moi-318-792-nguoi-da-tiem-vaccine-643715/,318792,318792,
Vietnam,2021-04-28,Oxford/AstraZeneca,https://vnexpress.net/hon-425-000-nguoi-da-tiem-vaccine-covid-19-4270067.html,425638,425638,
Vietnam,2021-04-29,Oxford/AstraZeneca,https://vnexpress.net/them-3-ca-lay-nhiem-tu-benh-nhan-covid-19-o-ha-nam-4270750.html,506435,506435,
Vietnam,2021-04-30,Oxford/AstraZeneca,https://tuoitre.vn/chieu-1-5-viet-nam-them-14-ca-covid-19-co-3-ca-cong-dong-o-ha-nam-20210501182737571.htm,519262,509855,9407
Vietnam,2021-05-01,Oxford/AstraZeneca,https://tuoitre.vn/sang-2-5-viet-nam-khong-them-ca-covid-19-moi-da-tiem-ngua-cho-hon-511-400-nguoi-20210502062146084.htm,,511435,
Vietnam,2021-05-02,Oxford/AstraZeneca,https://www.vietnamplus.vn/khong-ghi-nhan-ca-mac-moi-them-6143-nguoi-duoc-tiem-vaccine/710093.vnp,,532247,
Vietnam,2021-05-03,Oxford/AstraZeneca,https://nhandan.com.vn/tin-tuc-y-te/sang-4-5-ghi-nhan-hai-ca-covid-19-nhap-canh-hai-ca-cong-dong-644477,,539062,
Vietnam,2021-05-04,Oxford/AstraZeneca,https://ncov.moh.gov.vn/vi/web/guest/-/6847426-2850,,585539,
Vietnam,2021-05-05,Oxford/AstraZeneca,https://ncov.moh.gov.vn/vi/web/guest/-/6847426-2919,,675956,
Vietnam,2021-05-06,Oxford/AstraZeneca,https://ncov.moh.gov.vn/web/guest/-/6847426-2998,,747827,
Vietnam,2021-05-07,Oxford/AstraZeneca,https://ncov.moh.gov.vn/web/guest/-/6847426-3088,,801957,
Vietnam,2021-05-08,Oxford/AstraZeneca,https://ncov.moh.gov.vn/web/guest/-/6847426-3162,,832635,
Vietnam,2021-05-09,Oxford/AstraZeneca,https://ncov.moh.gov.vn/web/guest/-/6847426-3244,,851513,
Vietnam,2021-05-10,Oxford/AstraZeneca,https://ncov.moh.gov.vn/web/guest/-/6847426-3310,892454,,
Vietnam,2021-05-11,Oxford/AstraZeneca,https://ncov.moh.gov.vn/vi/web/guest/-/6847426-3370,,887705,
Vietnam,2021-05-12,Oxford/AstraZeneca,https://moh.gov.vn/tin-lien-quan/-/asset_publisher/vjYyM7O9aWnX/content/bo-y-te-ca-nuoc-co-942-030-nguoi-a-tiem-chung-vac-xin-phong-covid-19,942030,,
Vietnam,2021-05-13,Oxford/AstraZeneca,https://ncov.moh.gov.vn/web/guest/-/6847426-3474,959182,,
Vietnam,2021-05-14,Oxford/AstraZeneca,https://ncov.moh.gov.vn/web/guest/-/6847426-3506,969697,948655,21042
Vietnam,2021-05-15,Oxford/AstraZeneca,https://ncov.moh.gov.vn/web/guest/-/6847426-3537,977032,954520,22512
Vietnam,2021-05-16,Oxford/AstraZeneca,https://ncov.moh.gov.vn/en/-/6847426-3585,979238,956677,22561
Vietnam,2021-05-18,Oxford/AstraZeneca,https://ncov.moh.gov.vn/en/web/guest/-/6847426-3679,1011395,982543,28852
Vietnam,2021-05-22,Oxford/AstraZeneca,https://suckhoedoisong.vn/tiem-vac-xin-phong-covid-19-cho-can-bo-y-te-dam-bao-an-toan-n193314.html,1027659,998698,28961
Vietnam,2021-05-26,Oxford/AstraZeneca,https://suckhoedoisong.vn/trien-khai-tiem-vac-xin-phong-covid-19-cho-cong-nhan-n193582.html,1034867,1005906,28961
Vietnam,2021-05-31,Oxford/AstraZeneca,https://ncov.moh.gov.vn/web/guest/-/6847426-4187,1102099,1071497,30602
Vietnam,2021-06-02,Oxford/AstraZeneca,https://suckhoedoisong.vn/sang-3-6-bac-giang-va-bac-ninh-co-52-ca-mac-covid-19-n194148.html,1110111,1078934,31177
Vietnam,2021-06-03,Oxford/AstraZeneca,https://suckhoedoisong.vn/sang-4-6-them-52-ca-mac-covid-19-trong-nuoc-viet-nam-co-8115-benh-nhan-n194233.html,1156056,1124505,31551
Vietnam,2021-06-04,Oxford/AstraZeneca,https://suckhoedoisong.vn/sang-5-6-co-75-ca-mac-covid-19-trong-nuoc-nang-tong-so-benh-nhan-tai-viet-nam-len-8364-n194315.html,1217607,1185206,32401
Vietnam,2021-06-05,Oxford/AstraZeneca,https://suckhoedoisong.vn/sang-6-6-them-39-ca-mac-covid-19-tai-3-dia-phuong-viet-nam-co-8580-benh-nhan-n194392.html,1243304,1209672,33632
Vietnam,2021-06-06,Oxford/AstraZeneca,https://suckhoedoisong.vn/sang-7-6-them-44-ca-mac-covid-19-trong-nuoc-co-12-ca-lien-quan-den-nhom-truyen-giao-phuc-hung-n194436.html,1248559,1214916,33643
Vietnam,2021-06-07,Oxford/AstraZeneca,https://suckhoedoisong.vn/sang-8-6-them-43-ca-mac-covid-19-trong-nuoc-viet-nam-co-9027-benh-nhan-n194525.html,1340098,1301932,38166
Vietnam,2021-06-08,Oxford/AstraZeneca,https://suckhoedoisong.vn/sang-9-6-them-64-ca-mac-tai-5-tinh-thanh-pho-viet-nam-co-9222-benh-nhan-covid-19-n194621.html,1354856,1312741,42115
Vietnam,2021-06-09,Oxford/AstraZeneca,https://suckhoedoisong.vn/sang-10-6-co-70-ca-mac-covid-19-tphcm-nhieu-nhat-voi-26-truong-hop-n194688.html,1389887,1342708,47179
Vietnam,2021-06-10,Oxford/AstraZeneca,https://suckhoedoisong.vn/sang-11-6-them-51-ca-mac-covid-19-viet-nam-da-co-9835-benh-nhan-n194776.html,1411548,1361525,50023
Vietnam,2021-06-11,Oxford/AstraZeneca,https://suckhoedoisong.vn/sang-12-6-them-68-ca-mac-covid-19-trong-nuoc-viet-nam-vuot-moc-10000-benh-nhan-n194868.html,1445723,1392596,53127
Vietnam,2021-06-12,Oxford/AstraZeneca,https://suckhoedoisong.vn/sang-13-6-them-96-ca-mac-covid-19-bac-ninh-chiem-nhieu-nhat-voi-34-truong-hop-n194916.html,1454221,1399836,54385
Vietnam,2021-06-13,Oxford/AstraZeneca,https://moh.gov.vn/tin-lien-quan/-/asset_publisher/vjYyM7O9aWnX/content/ban-tin-dich-covid-19-sang-14-6-them-92-ca-mac-covid-19-tphcm-van-nhieu-nhat-voi-30-truong-hop,1498323,1443058,55265
Vietnam,2021-06-14,Oxford/AstraZeneca,https://suckhoedoisong.vn/sang-15-6-them-71-ca-mac-covid-19-rieng-tphcm-23-truong-hop-n195020.html,1552651,1493043,59608
Vietnam,2021-06-15,Oxford/AstraZeneca,https://suckhoedoisong.vn/sang-16-6-them-92-ca-mac-covid-19-viet-nam-co-11304-benh-nhan-n195114.html,1648072,1584436,63636
Vietnam,2021-06-16,Oxford/AstraZeneca,https://suckhoedoisong.vn/sang-17-6-them-159-ca-mac-covid-19-rieng-tphcm-la-45-truong-hop-n195213.html,1773297,1700972,72325
Vietnam,2021-06-17,Oxford/AstraZeneca,https://suckhoedoisong.vn/sang-18-6-them-81-ca-mac-covid-19-rieng-tphcm-nhieu-nhat-voi-60-nguoi-n195281.html,1991059,1901226,89833
Vietnam,2021-06-18,Oxford/AstraZeneca,https://suckhoedoisong.vn/trua-19-6-them-112-ca-mac-covid-19-viet-nam-co-tong-cong-12620-benh-nhan-n195400.html,2233208,2127352,105856
Vietnam,2021-06-19,Oxford/AstraZeneca,https://dangcongsan.vn/thoi-su/sang-20-6-them-78-ca-mac-covid-19-rieng-tpho-chi-minh-40-ca-583478.html,2359376,2244061,115315
Vietnam,2021-06-20,Oxford/AstraZeneca,https://suckhoedoisong.vn/sang-21-6-them-47-ca-mac-covid-19-viet-nam-ghi-nhan-tong-cong-13258-benh-nhan-n195481.html,2422643,2300960,121683
Vietnam,2021-06-22,Oxford/AstraZeneca,https://suckhoedoisong.vn/sang-23-6-ca-nuoc-co-55-ca-mac-covid-19-rieng-tp-ho-chi-minh-da-51-ca-n195642.html,2569156,2435313,133843
Vietnam,2021-06-23,Oxford/AstraZeneca,https://suckhoedoisong.vn/sang-24-6-them-42-ca-mac-covid-19-viet-nam-co-tong-so-13989-benh-nhan-n195712.html,2626337,2488655,137682
Vietnam,2021-06-24,Oxford/AstraZeneca,https://suckhoedoisong.vn/sang-25-6-them-91-ca-mac-covid-19-trong-do-tphcm-tiep-tuc-nhieu-nhat-57-ca-n195802.html,2920248,2777127,143121
Vietnam,2021-06-25,Oxford/AstraZeneca,https://suckhoedoisong.vn/sang-26-6-viet-nam-da-co-15115-benh-nhan-covid-19-thuc-hien-hon-3-trieu-mui-tiem-vac-xin-n195870.html,3087580,2937264,150316
Vietnam,2021-06-26,Oxford/AstraZeneca,https://suckhoedoisong.vn/sang-27-6-co-50-ca-mac-covid-19-trong-nuoc-rieng-tp-ho-chi-minh-40-ca-n195944.html,3299232,3143744,155488
Vietnam,2021-06-27,Oxford/AstraZeneca,https://suckhoedoisong.vn/sang-28-6-them-97-ca-mac-covid-19-trong-nuoc-tp-ho-chi-minh-nhieu-nhat-62-ca-n195995.html,3386607,3229471,157136
Vietnam,2021-06-28,Oxford/AstraZeneca,https://suckhoedoisong.vn/sang-29-6-them-95-ca-mac-covid-19-viet-nam-co-tong-cong-16136-benh-nhan-n196073.html,3497104,3324110,172994
Vietnam,2021-06-29,Oxford/AstraZeneca,https://suckhoedoisong.vn/sang-30-6-them-94-ca-mac-covid-19-rieng-tp-ho-chi-minh-62-ca-n196180.html,3593970,3411489,182481
Vietnam,2021-06-30,Oxford/AstraZeneca,https://suckhoedoisong.vn/sang-1-7-tp-ho-chi-minh-co-158-ca-mac-covid-19-viet-nam-da-vuot-17000-benh-nhan-n196266.html,3776980,3583939,193041
Vietnam,2021-07-01,Oxford/AstraZeneca,https://suckhoedoisong.vn/sang-2-7-co-151-ca-mac-covid-19-tp-ho-chi-minh-nhieu-nhat-118-ca-n196339.html,3813767,3609761,204006
Vietnam,2021-07-02,Oxford/AstraZeneca,https://suckhoedoisong.vn/sang-3-7-them-239-ca-mac-covid-19-tp-ho-chi-minh-da-chiem-den-215-ca-n196412.html,3842646,3628241,214405
Vietnam,2021-07-03,Oxford/AstraZeneca,https://suckhoedoisong.vn/sang-4-7-them-267-ca-mac-covid-19-viet-nam-da-ghi-nhan-19310-benh-nhan-n196460.html,3867407,3648805,218602
Vietnam,2021-07-04,Oxford/AstraZeneca,https://suckhoedoisong.vn/sang-5-7-co-328-ca-mac-moi-den-nay-viet-nam-da-ghi-nhan-20261-benh-nhan-covid-19-n196514.html,3890855,3667519,223336
Vietnam,2021-07-05,Oxford/AstraZeneca,https://moh.gov.vn/tin-tong-hop/-/asset_publisher/k206Q9qkZOqn/content/ban-tin-dich-sang-6-7-them-277-ca-mac-covid-19-rieng-tp-ho-chi-minh-la-230-ca,3903105,3676247,226858
Vietnam,2021-07-06,Oxford/AstraZeneca,https://suckhoedoisong.vn/sang-7-7-co-277-ca-mac-covid-19-rieng-tp-ho-chi-minh-da-270-ca-n196667.html,3928001,3692431,235570
Vietnam,2021-07-07,Oxford/AstraZeneca,https://suckhoedoisong.vn/sang-8-7-tp-ho-chi-minh-va-binh-duong-co-314-ca-mac-covid-19-n196747.html,3960956,3719043,241913
Vietnam,2021-07-08,Oxford/AstraZeneca,https://suckhoedoisong.vn/sang-9-7-them-425-ca-mac-covid-19-tp-ho-chi-minh-chiem-den-350-ca-n196832.html,3983800,3734268,249532
Vietnam,2021-07-09,Oxford/AstraZeneca,https://suckhoedoisong.vn/sang-10-7-co-598-ca-mac-covid-19-tp-ho-chi-minh-tiep-tuc-nhieu-ca-nhat-n196897.html,4010786,3752512,258274
Vietnam,2021-07-10,"Oxford/AstraZeneca, Sinopharm/Beijing",https://suckhoedoisong.vn/sang-11-7-them-607-ca-mac-covid-19-rieng-tp-ho-chi-minh-443-ca-n196960.html,4040783,3769374,271409
