location,date,vaccine,source_url,total_vaccinations,people_vaccinated,people_fully_vaccinated
Yemen,2021-05-09,Oxford/AstraZeneca,https://covid19.who.int/,18555,18555,0
Yemen,2021-05-29,Oxford/AstraZeneca,https://covid19.who.int/,104070,104070,0
Yemen,2021-06-07,Oxford/AstraZeneca,https://covid19.who.int/,196234,196234,0
Yemen,2021-06-10,Oxford/AstraZeneca,https://covid19.who.int/,221380,221380,0
Yemen,2021-06-16,Oxford/AstraZeneca,https://covid19.who.int/,235855,235855,0
Yemen,2021-06-20,Oxford/AstraZeneca,https://covid19.who.int/,251385,251385,0
Yemen,2021-06-27,Oxford/AstraZeneca,https://covid19.who.int/,268753,268753,0
